
> downloadit-backend@0.1.0 dev
> tsx watch src/server.ts

◇ injected env (9) from .env
[2026-09-24T06:07:57.102Z] [INFO] Downloadit backend running on port 3001
[2026-09-24T06:07:57.102Z] [INFO] Configuration loaded {"NODE_ENV":"development","PORT":3001,"RESOLVER_PROVIDER":"puppeteer","CORS_ORIGIN":"http://localhost:3000","RESOLVER_TIMEOUT_MS":"15000","dotenvLoaded":true}
[2026-09-24T06:07:57.102Z] [INFO] Puppeteer provider active — headless Chrome will resolve Instagram URLs
[2026-09-24T06:07:57.102Z] [INFO] Audio provider status {"audioProvider":"not-configured","detail":"Set AUDIO_PROVIDER_URL + AUDIO_PROVIDER_KEY to enable direct audio-page resolution"}
[2026-09-24T06:10:37.103Z] [INFO] Using puppeteer provider (headless browser)
[2026-09-24T06:10:37.104Z] [INFO] Resolving via provider {"provider":"puppeteer","url":"https://www.instagram.com/reel/DbaCPd1SRny/"}
[2026-09-24T06:10:39.062Z] [INFO] Puppeteer browser launched (stealth-patched)
[2026-09-24T06:10:40.346Z] [DEBUG] Intercepted media from API {"host":"www.instagram.com","count":1}
[2026-09-24T06:10:44.912Z] [DEBUG] [Downloadit Puppeteer Media Debug] video elements {"count":0,"details":[]}
[2026-09-24T06:10:44.940Z] [DEBUG] [Downloadit Puppeteer Media Debug] candidates {"intercepted":1,"paged":0,"renderedHtml":2,"domVideos":0,"domImages":1,"combined":5,"videoCandidates":1}
[2026-09-24T06:10:44.940Z] [INFO] Puppeteer resolve SUCCESS {"contentType":"REEL","discovered":5,"invalidSkipped":0,"returned":5,"finalCount":1,"hasVideo":true,"selectedType":"video","duration":7835}
[2026-09-24T06:10:45.003Z] [INFO] Resolve normalized {"type":"REEL","provider":"puppeteer","discovered":1,"exactDupesRemoved":0,"renditionsRemoved":0,"finalCount":1,"url":"https://www.instagram.com/reel/DbaCPd1SRny/"}
[2026-09-24T06:10:45.003Z] [INFO] Resolution complete {"requestId":"cfa87be5c3ff068beb001f71af5cfe3c","duration":7903,"detectedType":"REEL","audioId":null,"provider":"puppeteer","mediaCount":1,"failedItems":0,"finalResult":"REEL","mediaId":"c5dd7d53976d186f76ff2764f136e75c","firstMediaType":"video","firstMediaHost":"instagram.fdel11-3.fna.fbcdn.net"}
[2026-09-24T06:10:45.038Z] [INFO] [STREAM] requested {"requestId":"8e76a1957df98db2750662ddf4a4f2d7","ip":"::1"}
[2026-09-24T06:10:45.080Z] [INFO] [STREAM] upstream status {"requestId":"8e76a1957df98db2750662ddf4a4f2d7","status":206,"firstByteMs":42,"finalHost":"instagram.fdel11-3.fna.fbcdn.net"}
[2026-09-24T06:10:45.080Z] [INFO] [STREAM] upstream content-type {"requestId":"8e76a1957df98db2750662ddf4a4f2d7","contentType":"video/mp4"}
[2026-09-24T06:10:45.080Z] [INFO] [STREAM] forwarding 206 partial content {"requestId":"8e76a1957df98db2750662ddf4a4f2d7","contentRange":"bytes 0-4186436/4186437"}
[2026-09-24T06:10:45.117Z] [WARN] [STREAM] client disconnected mid-stream {"requestId":"8e76a1957df98db2750662ddf4a4f2d7","bytes":262144}
[2026-09-24T06:10:45.117Z] [INFO] [STREAM] 206 stream completed {"requestId":"8e76a1957df98db2750662ddf4a4f2d7","bytes":262144}
[2026-09-24T06:10:47.764Z] [INFO] [STREAM] requested {"requestId":"18278f4cb54f1d2d10e6f3383c7c3bdf","ip":"::1"}
[2026-09-24T06:10:47.790Z] [INFO] [STREAM] upstream status {"requestId":"18278f4cb54f1d2d10e6f3383c7c3bdf","status":206,"firstByteMs":25,"finalHost":"instagram.fdel11-3.fna.fbcdn.net"}
[2026-09-24T06:10:47.790Z] [INFO] [STREAM] upstream content-type {"requestId":"18278f4cb54f1d2d10e6f3383c7c3bdf","contentType":"video/mp4"}
[2026-09-24T06:10:47.790Z] [INFO] [STREAM] forwarding 206 partial content {"requestId":"18278f4cb54f1d2d10e6f3383c7c3bdf","contentRange":"bytes 262144-4186436/4186437"}
[2026-09-24T06:10:48.102Z] [INFO] [STREAM] 206 stream completed {"requestId":"18278f4cb54f1d2d10e6f3383c7c3bdf","bytes":3924293}
[2026-09-24T06:11:24.767Z] [INFO] Resolving via provider {"provider":"puppeteer","url":"https://www.instagram.com/stories/xc__imran__nx/3992490964333873289"}
[2026-09-24T06:11:25.268Z] [INFO] Story extraction diagnostics {"normalizedUrl":"https://www.instagram.com/stories/xc__imran__nx/3992490964333873289","username":"xc__imran__nx","storyId":"3992490964333873289","pageStatus":200,"pageFinalHost":"www.instagram.com","pageFinalPath":"/stories/xc__imran__nx/3992490964333873289","loginWall":false,"challenge":false,"hasOgImage":true,"hasOgVideo":false,"embeddedMediaCount":0,"htmlLength":600775,"pageError":null}
[2026-09-24T06:11:26.718Z] [DEBUG] [Downloadit Puppeteer Media Debug] media response {"host":"scontent.cdninstagram.com","resourceType":"image","status":200,"contentType":"image/jpeg"}
[2026-09-24T06:11:26.870Z] [DEBUG] [Downloadit Puppeteer Media Debug] video elements {"count":0,"details":[]}
[2026-09-24T06:11:26.915Z] [DEBUG] [Downloadit Puppeteer Media Debug] candidates {"intercepted":1,"paged":0,"renderedHtml":2,"domVideos":0,"domImages":1,"combined":0,"videoCandidates":0}
[2026-09-24T06:11:26.915Z] [ERROR] Puppeteer NO_MEDIA_FOUND {"url":"https://www.instagram.com/stories/xc__imran__nx/3992490964333873289","interceptedCount":1,"interceptedMediaRequestCount":4,"capturedCdnMediaUrlCount":1,"domVideoCount":0,"domImageCount":1,"renderedHtmlMediaCount":2,"renderedHtmlStoryMediaCount":0,"domStoryMediaCount":0,"embeddedMediaCount":0,"pageStatus":200,"loginWall":false,"challenge":false,"duration":2148}
[2026-09-24T06:11:26.915Z] [WARN] STORY_SOURCE_UNAVAILABLE {"url":"https://www.instagram.com/stories/xc__imran__nx/3992490964333873289","reason":"no-public-media-exposed","interceptedMediaRequestCount":4,"capturedCdnMediaUrlCount":1,"renderedHtmlMediaCount":2,"embeddedMediaCount":0}
[2026-09-24T06:11:26.934Z] [WARN] Resolve stream error {"requestId":"b5c19075bccc967f3a9d61e596b4671c","code":"STORY_SOURCE_UNAVAILABLE","duration":2168}
11:48:52 AM [tsx] change in ./src\lib\resolvers\index.ts Restarting...
◇ injected env (9) from .env
[2026-09-24T06:18:52.639Z] [INFO] Downloadit backend running on port 3001
[2026-09-24T06:18:52.640Z] [INFO] Configuration loaded {"NODE_ENV":"development","PORT":3001,"RESOLVER_PROVIDER":"puppeteer","CORS_ORIGIN":"http://localhost:3000","RESOLVER_TIMEOUT_MS":"15000","dotenvLoaded":true}
[2026-09-24T06:18:52.640Z] [INFO] Puppeteer provider active — headless Chrome will resolve Instagram URLs
[2026-09-24T06:18:52.640Z] [INFO] Audio provider status {"audioProvider":"not-configured","detail":"Set AUDIO_PROVIDER_URL + AUDIO_PROVIDER_KEY to enable direct audio-page resolution"}
11:48:58 AM [tsx] change in ./src\lib\resolvers\index.ts Restarting...
◇ injected env (9) from .env
[2026-09-24T06:18:59.050Z] [INFO] Downloadit backend running on port 3001
[2026-09-24T06:18:59.051Z] [INFO] Configuration loaded {"NODE_ENV":"development","PORT":3001,"RESOLVER_PROVIDER":"puppeteer","CORS_ORIGIN":"http://localhost:3000","RESOLVER_TIMEOUT_MS":"15000","dotenvLoaded":true}
[2026-09-24T06:18:59.051Z] [INFO] Puppeteer provider active — headless Chrome will resolve Instagram URLs
[2026-09-24T06:18:59.051Z] [INFO] Audio provider status {"audioProvider":"not-configured","detail":"Set AUDIO_PROVIDER_URL + AUDIO_PROVIDER_KEY to enable direct audio-page resolution"}
11:49:24 AM [tsx] change in ./src\lib\validators\instagram-url.ts Restarting...
◇ injected env (9) from .env
[2026-09-24T06:19:24.635Z] [INFO] Downloadit backend running on port 3001
[2026-09-24T06:19:24.635Z] [INFO] Configuration loaded {"NODE_ENV":"development","PORT":3001,"RESOLVER_PROVIDER":"puppeteer","CORS_ORIGIN":"http://localhost:3000","RESOLVER_TIMEOUT_MS":"15000","dotenvLoaded":true}
[2026-09-24T06:19:24.635Z] [INFO] Puppeteer provider active — headless Chrome will resolve Instagram URLs
[2026-09-24T06:19:24.635Z] [INFO] Audio provider status {"audioProvider":"not-configured","detail":"Set AUDIO_PROVIDER_URL + AUDIO_PROVIDER_KEY to enable direct audio-page resolution"}
11:49:29 AM [tsx] change in ./src\lib\validators\instagram-url.ts Restarting...
◇ injected env (9) from .env
[2026-09-24T06:19:29.686Z] [INFO] Downloadit backend running on port 3001
[2026-09-24T06:19:29.687Z] [INFO] Configuration loaded {"NODE_ENV":"development","PORT":3001,"RESOLVER_PROVIDER":"puppeteer","CORS_ORIGIN":"http://localhost:3000","RESOLVER_TIMEOUT_MS":"15000","dotenvLoaded":true}
[2026-09-24T06:19:29.687Z] [INFO] Puppeteer provider active — headless Chrome will resolve Instagram URLs
[2026-09-24T06:19:29.687Z] [INFO] Audio provider status {"audioProvider":"not-configured","detail":"Set AUDIO_PROVIDER_URL + AUDIO_PROVIDER_KEY to enable direct audio-page resolution"}
11:49:35 AM [tsx] change in ./src\lib\validators\instagram-url.ts Restarting...
◇ injected env (9) from .env
[2026-09-24T06:19:36.257Z] [INFO] Downloadit backend running on port 3001
[2026-09-24T06:19:36.258Z] [INFO] Configuration loaded {"NODE_ENV":"development","PORT":3001,"RESOLVER_PROVIDER":"puppeteer","CORS_ORIGIN":"http://localhost:3000","RESOLVER_TIMEOUT_MS":"15000","dotenvLoaded":true}
[2026-09-24T06:19:36.258Z] [INFO] Puppeteer provider active — headless Chrome will resolve Instagram URLs
[2026-09-24T06:19:36.258Z] [INFO] Audio provider status {"audioProvider":"not-configured","detail":"Set AUDIO_PROVIDER_URL + AUDIO_PROVIDER_KEY to enable direct audio-page resolution"}
11:50:00 AM [tsx] change in ./src\lib\story-resolve.ts Restarting...
◇ injected env (9) from .env
[2026-09-24T06:20:00.703Z] [INFO] Downloadit backend running on port 3001
[2026-09-24T06:20:00.704Z] [INFO] Configuration loaded {"NODE_ENV":"development","PORT":3001,"RESOLVER_PROVIDER":"puppeteer","CORS_ORIGIN":"http://localhost:3000","RESOLVER_TIMEOUT_MS":"15000","dotenvLoaded":true}
[2026-09-24T06:20:00.704Z] [INFO] Puppeteer provider active — headless Chrome will resolve Instagram URLs
[2026-09-24T06:20:00.704Z] [INFO] Audio provider status {"audioProvider":"not-configured","detail":"Set AUDIO_PROVIDER_URL + AUDIO_PROVIDER_KEY to enable direct audio-page resolution"}
11:50:09 AM [tsx] change in ./src\lib\story-resolve.ts Restarting...
◇ injected env (9) from .env
[2026-09-24T06:20:09.423Z] [INFO] Downloadit backend running on port 3001
[2026-09-24T06:20:09.424Z] [INFO] Configuration loaded {"NODE_ENV":"development","PORT":3001,"RESOLVER_PROVIDER":"puppeteer","CORS_ORIGIN":"http://localhost:3000","RESOLVER_TIMEOUT_MS":"15000","dotenvLoaded":true}
[2026-09-24T06:20:09.424Z] [INFO] Puppeteer provider active — headless Chrome will resolve Instagram URLs
[2026-09-24T06:20:09.424Z] [INFO] Audio provider status {"audioProvider":"not-configured","detail":"Set AUDIO_PROVIDER_URL + AUDIO_PROVIDER_KEY to enable direct audio-page resolution"}
11:50:43 AM [tsx] change in ./src\lib\resolvers\index.ts Restarting...
◇ injected env (9) from .env
[2026-09-24T06:20:44.243Z] [INFO] Downloadit backend running on port 3001
[2026-09-24T06:20:44.244Z] [INFO] Configuration loaded {"NODE_ENV":"development","PORT":3001,"RESOLVER_PROVIDER":"puppeteer","CORS_ORIGIN":"http://localhost:3000","RESOLVER_TIMEOUT_MS":"15000","dotenvLoaded":true}
[2026-09-24T06:20:44.244Z] [INFO] Puppeteer provider active — headless Chrome will resolve Instagram URLs
[2026-09-24T06:20:44.244Z] [INFO] Audio provider status {"audioProvider":"not-configured","detail":"Set AUDIO_PROVIDER_URL + AUDIO_PROVIDER_KEY to enable direct audio-page resolution"}
[2026-09-24T06:22:21.641Z] [INFO] Resolving via dedicated story resolver {"url":"https://www.instagram.com/stories/xc__imran__nx/3992490964333873289"}
[2026-09-24T06:22:21.641Z] [INFO] [story-resolve] received Story URL {"normalizedUrl":"https://www.instagram.com/stories/xc__imran__nx/3992490964333873289","username":"xc__imran__nx","storyId":"3992490964333873289","highlightId":null,"extractor":"story-api","hasCookie":false}
[2026-09-24T06:22:22.105Z] [INFO] [story-resolve] web_profile_info fetch {"status":401,"hasJson":true,"textLength":119,"hasCookie":false}
[2026-09-24T06:22:22.105Z] [WARN] Resolve stream error {"requestId":"0ff522dcf56e1fb4dff52e43bd1b7822","code":"CONTENT_UNAVAILABLE","duration":466}
11:55:34 AM [tsx] change in ./src\lib\story-resolve.ts Restarting...
◇ injected env (9) from .env
[2026-09-24T06:25:34.610Z] [INFO] Downloadit backend running on port 3001
[2026-09-24T06:25:34.610Z] [INFO] Configuration loaded {"NODE_ENV":"development","PORT":3001,"RESOLVER_PROVIDER":"puppeteer","CORS_ORIGIN":"http://localhost:3000","RESOLVER_TIMEOUT_MS":"15000","dotenvLoaded":true}
[2026-09-24T06:25:34.610Z] [INFO] Puppeteer provider active — headless Chrome will resolve Instagram URLs
[2026-09-24T06:25:34.610Z] [INFO] Audio provider status {"audioProvider":"not-configured","detail":"Set AUDIO_PROVIDER_URL + AUDIO_PROVIDER_KEY to enable direct audio-page resolution"}
[2026-09-24T06:26:50.215Z] [INFO] Resolving via dedicated story resolver {"url":"https://www.instagram.com/stories/xc__imran__nx/3992490964333873289"}
[2026-09-24T06:26:50.215Z] [INFO] [story-resolve] received Story URL {"normalizedUrl":"https://www.instagram.com/stories/xc__imran__nx/3992490964333873289","username":"xc__imran__nx","storyId":"3992490964333873289","highlightId":null,"extractor":"story-api-public-first","hasCookie":false,"attemptedPublic":true}
[2026-09-24T06:26:50.589Z] [INFO] [story-resolve] web_profile_info_public fetch {"status":401,"hasJson":true,"textLength":119,"usedCookie":false,"attemptedPublic":true}
[2026-09-24T06:26:50.590Z] [INFO] [story-resolve] public api requires auth, trying html fallback {"username":"xc__imran__nx","status":401}
[2026-09-24T06:26:51.421Z] [INFO] [story-resolve] userId via html {"username":"xc__imran__nx","userIdLength":11}
[2026-09-24T06:26:51.720Z] [INFO] [story-resolve] reels_media_public fetch {"status":200,"hasJson":true,"textLength":26,"usedCookie":false,"attemptedPublic":true}
[2026-09-24T06:26:51.720Z] [INFO] [story-resolve] reels_media public parsed {"itemCount":0,"usedCookie":false}
[2026-09-24T06:26:51.721Z] [WARN] Resolve stream error {"requestId":"591e915b6fe608969fb7df02e7ad4cc7","code":"CONTENT_NOT_FOUND","duration":1508}
[2026-09-24T06:28:41.456Z] [INFO] Resolving via dedicated story resolver {"url":"https://www.instagram.com/stories/irfan_04m/3992734228823635460"}
[2026-09-24T06:28:41.456Z] [INFO] [story-resolve] received Story URL {"normalizedUrl":"https://www.instagram.com/stories/irfan_04m/3992734228823635460","username":"irfan_04m","storyId":"3992734228823635460","highlightId":null,"extractor":"story-api-public-first","hasCookie":false,"attemptedPublic":true}
[2026-09-24T06:28:41.810Z] [INFO] [story-resolve] web_profile_info_public fetch {"status":401,"hasJson":true,"textLength":119,"usedCookie":false,"attemptedPublic":true}
[2026-09-24T06:28:41.810Z] [INFO] [story-resolve] public api requires auth, trying html fallback {"username":"irfan_04m","status":401}
[2026-09-24T06:28:42.694Z] [INFO] [story-resolve] userId via html {"username":"irfan_04m","userIdLength":11}
[2026-09-24T06:28:42.986Z] [INFO] [story-resolve] reels_media_public fetch {"status":200,"hasJson":true,"textLength":26,"usedCookie":false,"attemptedPublic":true}
[2026-09-24T06:28:42.986Z] [INFO] [story-resolve] reels_media public parsed {"itemCount":0,"usedCookie":false}
[2026-09-24T06:28:42.986Z] [WARN] Resolve stream error {"requestId":"a99e7b7c83f6df450b24ac5108a65d8c","code":"CONTENT_NOT_FOUND","duration":1530}
[2026-09-24T06:31:12.704Z] [INFO] Using puppeteer provider (headless browser)
[2026-09-24T06:31:12.704Z] [INFO] Resolving via provider {"provider":"puppeteer","url":"https://www.instagram.com/p/Ddn_1K3GYYQ/"}
[2026-09-24T06:31:13.870Z] [INFO] Puppeteer resolve via embed sidecar (no browser) {"contentType":"POST","mediaCount":7,"hasVideo":false}
[2026-09-24T06:31:13.924Z] [INFO] Resolve normalized {"type":"CAROUSEL","provider":"puppeteer","discovered":7,"exactDupesRemoved":0,"renditionsRemoved":0,"finalCount":7,"url":"https://www.instagram.com/p/Ddn_1K3GYYQ/"}
[2026-09-24T06:31:13.924Z] [INFO] Resolution complete {"requestId":"0c8982430a4602721edd56b43362cd93","duration":1221,"detectedType":"POST","audioId":null,"provider":"puppeteer","mediaCount":7,"failedItems":0,"finalResult":"CAROUSEL","mediaId":"9fd515f0aa181fa5d369712eefbfea55","firstMediaType":"image","firstMediaHost":"instagram.fdel93-2.fna.fbcdn.net"}
[2026-09-24T06:31:13.960Z] [INFO] [STREAM] requested {"requestId":"3c7535febc2de4f69e72421ea6b0c27a","ip":"::1"}
[2026-09-24T06:31:13.992Z] [INFO] [STREAM] upstream status {"requestId":"3c7535febc2de4f69e72421ea6b0c27a","status":200,"firstByteMs":32,"finalHost":"instagram.fdel93-2.fna.fbcdn.net"}
[2026-09-24T06:31:13.993Z] [INFO] [STREAM] upstream content-type {"requestId":"3c7535febc2de4f69e72421ea6b0c27a","contentType":"image/jpeg"}
[2026-09-24T06:31:13.993Z] [INFO] [STREAM] full 200 stream started {"requestId":"3c7535febc2de4f69e72421ea6b0c27a"}
[2026-09-24T06:31:14.199Z] [INFO] [STREAM] full stream completed {"requestId":"3c7535febc2de4f69e72421ea6b0c27a","completed":true,"bytes":1486516}
[2026-09-24T06:31:17.780Z] [INFO] [STREAM] requested {"requestId":"9cbb7fcdd6f51d5da49c6bc6ba8ebbd7","ip":"::1"}
[2026-09-24T06:31:17.810Z] [INFO] [STREAM] upstream status {"requestId":"9cbb7fcdd6f51d5da49c6bc6ba8ebbd7","status":200,"firstByteMs":30,"finalHost":"instagram.fdel93-1.fna.fbcdn.net"}
[2026-09-24T06:31:17.810Z] [INFO] [STREAM] upstream content-type {"requestId":"9cbb7fcdd6f51d5da49c6bc6ba8ebbd7","contentType":"image/jpeg"}
[2026-09-24T06:31:17.810Z] [INFO] [STREAM] full 200 stream started {"requestId":"9cbb7fcdd6f51d5da49c6bc6ba8ebbd7"}
[2026-09-24T06:31:17.949Z] [INFO] [STREAM] full stream completed {"requestId":"9cbb7fcdd6f51d5da49c6bc6ba8ebbd7","completed":true,"bytes":1433723}
[2026-09-24T06:31:19.290Z] [INFO] [STREAM] requested {"requestId":"654f5012d5fe7d56b5a77b9b963f5c38","ip":"::1"}
[2026-09-24T06:31:19.325Z] [INFO] [STREAM] upstream status {"requestId":"654f5012d5fe7d56b5a77b9b963f5c38","status":200,"firstByteMs":35,"finalHost":"instagram.fdel93-3.fna.fbcdn.net"}
[2026-09-24T06:31:19.325Z] [INFO] [STREAM] upstream content-type {"requestId":"654f5012d5fe7d56b5a77b9b963f5c38","contentType":"image/jpeg"}
[2026-09-24T06:31:19.325Z] [INFO] [STREAM] full 200 stream started {"requestId":"654f5012d5fe7d56b5a77b9b963f5c38"}
[2026-09-24T06:31:19.461Z] [INFO] [STREAM] full stream completed {"requestId":"654f5012d5fe7d56b5a77b9b963f5c38","completed":true,"bytes":1643430}
[2026-09-24T06:31:20.600Z] [INFO] [STREAM] requested {"requestId":"8a76a77b50443985cce960447d318185","ip":"::1"}
[2026-09-24T06:31:20.632Z] [INFO] [STREAM] upstream status {"requestId":"8a76a77b50443985cce960447d318185","status":200,"firstByteMs":32,"finalHost":"instagram.fdel11-2.fna.fbcdn.net"}
[2026-09-24T06:31:20.633Z] [INFO] [STREAM] upstream content-type {"requestId":"8a76a77b50443985cce960447d318185","contentType":"image/jpeg"}
[2026-09-24T06:31:20.633Z] [INFO] [STREAM] full 200 stream started {"requestId":"8a76a77b50443985cce960447d318185"}
[2026-09-24T06:31:20.673Z] [INFO] [STREAM] full stream completed {"requestId":"8a76a77b50443985cce960447d318185","completed":true,"bytes":307815}
[2026-09-24T06:31:22.635Z] [INFO] [STREAM] requested {"requestId":"33fdc926a26efa64c7deed32521c6cce","ip":"::1"}
[2026-09-24T06:31:22.647Z] [INFO] [STREAM] upstream status {"requestId":"33fdc926a26efa64c7deed32521c6cce","status":200,"firstByteMs":12,"finalHost":"instagram.fdel93-3.fna.fbcdn.net"}
[2026-09-24T06:31:22.647Z] [INFO] [STREAM] upstream content-type {"requestId":"33fdc926a26efa64c7deed32521c6cce","contentType":"image/jpeg"}
[2026-09-24T06:31:22.647Z] [INFO] [STREAM] full 200 stream started {"requestId":"33fdc926a26efa64c7deed32521c6cce"}
[2026-09-24T06:31:22.664Z] [INFO] [STREAM] full stream completed {"requestId":"33fdc926a26efa64c7deed32521c6cce","completed":true,"bytes":337406}
[2026-09-24T06:31:24.081Z] [INFO] [STREAM] requested {"requestId":"62d9f60e0ffe1c64c063d9af896f2515","ip":"::1"}
[2026-09-24T06:31:24.118Z] [INFO] [STREAM] upstream status {"requestId":"62d9f60e0ffe1c64c063d9af896f2515","status":200,"firstByteMs":37,"finalHost":"instagram.fdel93-1.fna.fbcdn.net"}
[2026-09-24T06:31:24.118Z] [INFO] [STREAM] upstream content-type {"requestId":"62d9f60e0ffe1c64c063d9af896f2515","contentType":"image/jpeg"}
[2026-09-24T06:31:24.118Z] [INFO] [STREAM] full 200 stream started {"requestId":"62d9f60e0ffe1c64c063d9af896f2515"}
[2026-09-24T06:31:24.158Z] [INFO] [STREAM] full stream completed {"requestId":"62d9f60e0ffe1c64c063d9af896f2515","completed":true,"bytes":242643}
[2026-09-24T06:31:25.823Z] [INFO] [STREAM] requested {"requestId":"86eb5833d057290c5ab2291a50ba40c6","ip":"::1"}
[2026-09-24T06:31:25.836Z] [INFO] [STREAM] upstream status {"requestId":"86eb5833d057290c5ab2291a50ba40c6","status":200,"firstByteMs":12,"finalHost":"instagram.fdel93-1.fna.fbcdn.net"}
[2026-09-24T06:31:25.837Z] [INFO] [STREAM] upstream content-type {"requestId":"86eb5833d057290c5ab2291a50ba40c6","contentType":"image/jpeg"}
[2026-09-24T06:31:25.837Z] [INFO] [STREAM] full 200 stream started {"requestId":"86eb5833d057290c5ab2291a50ba40c6"}
[2026-09-24T06:31:25.855Z] [INFO] [STREAM] full stream completed {"requestId":"86eb5833d057290c5ab2291a50ba40c6","completed":true,"bytes":260614}
[2026-09-24T06:31:28.804Z] [INFO] [STREAM] requested {"requestId":"ed325ab66ec1c817c76798426d7b09bb","ip":"::1"}
[2026-09-24T06:31:28.817Z] [INFO] [STREAM] upstream status {"requestId":"ed325ab66ec1c817c76798426d7b09bb","status":200,"firstByteMs":13,"finalHost":"instagram.fdel93-1.fna.fbcdn.net"}
[2026-09-24T06:31:28.817Z] [INFO] [STREAM] upstream content-type {"requestId":"ed325ab66ec1c817c76798426d7b09bb","contentType":"image/jpeg"}
[2026-09-24T06:31:28.817Z] [INFO] [STREAM] full 200 stream started {"requestId":"ed325ab66ec1c817c76798426d7b09bb"}
[2026-09-24T06:31:28.831Z] [INFO] [STREAM] full stream completed {"requestId":"ed325ab66ec1c817c76798426d7b09bb","completed":true,"bytes":242643}
[2026-09-24T06:31:29.632Z] [INFO] [STREAM] requested {"requestId":"390df108450d3aff827602e8e1f2ce37","ip":"::1"}
[2026-09-24T06:31:29.658Z] [INFO] [STREAM] upstream status {"requestId":"390df108450d3aff827602e8e1f2ce37","status":200,"firstByteMs":26,"finalHost":"instagram.fdel93-3.fna.fbcdn.net"}
[2026-09-24T06:31:29.658Z] [INFO] [STREAM] upstream content-type {"requestId":"390df108450d3aff827602e8e1f2ce37","contentType":"image/jpeg"}
[2026-09-24T06:31:29.658Z] [INFO] [STREAM] full 200 stream started {"requestId":"390df108450d3aff827602e8e1f2ce37"}
[2026-09-24T06:31:29.703Z] [INFO] [STREAM] full stream completed {"requestId":"390df108450d3aff827602e8e1f2ce37","completed":true,"bytes":337406}
[2026-09-24T06:31:30.849Z] [INFO] [STREAM] requested {"requestId":"521d8b19b1171eee74ff7c34babbfab4","ip":"::1"}
[2026-09-24T06:31:30.882Z] [INFO] [STREAM] upstream status {"requestId":"521d8b19b1171eee74ff7c34babbfab4","status":200,"firstByteMs":32,"finalHost":"instagram.fdel11-2.fna.fbcdn.net"}
[2026-09-24T06:31:30.882Z] [INFO] [STREAM] upstream content-type {"requestId":"521d8b19b1171eee74ff7c34babbfab4","contentType":"image/jpeg"}
[2026-09-24T06:31:30.882Z] [INFO] [STREAM] full 200 stream started {"requestId":"521d8b19b1171eee74ff7c34babbfab4"}
[2026-09-24T06:31:30.920Z] [INFO] [STREAM] full stream completed {"requestId":"521d8b19b1171eee74ff7c34babbfab4","completed":true,"bytes":307815}
[2026-09-24T06:31:31.894Z] [INFO] [STREAM] requested {"requestId":"d55e1819e45282a113b0e0b7837cd2c8","ip":"::1"}
[2026-09-24T06:31:31.908Z] [INFO] [STREAM] upstream status {"requestId":"d55e1819e45282a113b0e0b7837cd2c8","status":200,"firstByteMs":13,"finalHost":"instagram.fdel93-3.fna.fbcdn.net"}
[2026-09-24T06:31:31.908Z] [INFO] [STREAM] upstream content-type {"requestId":"d55e1819e45282a113b0e0b7837cd2c8","contentType":"image/jpeg"}
[2026-09-24T06:31:31.908Z] [INFO] [STREAM] full 200 stream started {"requestId":"d55e1819e45282a113b0e0b7837cd2c8"}
[2026-09-24T06:31:32.055Z] [INFO] [STREAM] full stream completed {"requestId":"d55e1819e45282a113b0e0b7837cd2c8","completed":true,"bytes":1643430}
[2026-09-24T06:31:33.937Z] [INFO] [STREAM] requested {"requestId":"abec6122a945fd1c5f4c8178ded9d0e9","ip":"::1"}
[2026-09-24T06:31:33.974Z] [INFO] [STREAM] upstream status {"requestId":"abec6122a945fd1c5f4c8178ded9d0e9","status":200,"firstByteMs":37,"finalHost":"instagram.fdel93-1.fna.fbcdn.net"}
[2026-09-24T06:31:33.975Z] [INFO] [STREAM] upstream content-type {"requestId":"abec6122a945fd1c5f4c8178ded9d0e9","contentType":"image/jpeg"}
[2026-09-24T06:31:33.975Z] [INFO] [STREAM] full 200 stream started {"requestId":"abec6122a945fd1c5f4c8178ded9d0e9"}
[2026-09-24T06:31:34.095Z] [INFO] [STREAM] full stream completed {"requestId":"abec6122a945fd1c5f4c8178ded9d0e9","completed":true,"bytes":1433723}
[2026-09-24T06:31:35.201Z] [INFO] [STREAM] requested {"requestId":"7181037c0be8e2a2bd2505abd475524f","ip":"::1"}
[2026-09-24T06:31:35.233Z] [INFO] [STREAM] upstream status {"requestId":"7181037c0be8e2a2bd2505abd475524f","status":200,"firstByteMs":32,"finalHost":"instagram.fdel93-2.fna.fbcdn.net"}
[2026-09-24T06:31:35.233Z] [INFO] [STREAM] upstream content-type {"requestId":"7181037c0be8e2a2bd2505abd475524f","contentType":"image/jpeg"}
[2026-09-24T06:31:35.233Z] [INFO] [STREAM] full 200 stream started {"requestId":"7181037c0be8e2a2bd2505abd475524f"}
[2026-09-24T06:31:35.366Z] [INFO] [STREAM] full stream completed {"requestId":"7181037c0be8e2a2bd2505abd475524f","completed":true,"bytes":1486516}
[2026-09-24T06:31:38.090Z] [INFO] [STREAM] requested {"requestId":"976bb8e2ddb56606fdd9f2ea2b94d7d7","ip":"::1"}
[2026-09-24T06:31:38.106Z] [INFO] [STREAM] upstream status {"requestId":"976bb8e2ddb56606fdd9f2ea2b94d7d7","status":200,"firstByteMs":16,"finalHost":"instagram.fdel93-1.fna.fbcdn.net"}
[2026-09-24T06:31:38.106Z] [INFO] [STREAM] upstream content-type {"requestId":"976bb8e2ddb56606fdd9f2ea2b94d7d7","contentType":"image/jpeg"}
[2026-09-24T06:31:38.106Z] [INFO] [STREAM] full 200 stream started {"requestId":"976bb8e2ddb56606fdd9f2ea2b94d7d7"}
[2026-09-24T06:31:38.234Z] [INFO] [STREAM] full stream completed {"requestId":"976bb8e2ddb56606fdd9f2ea2b94d7d7","completed":true,"bytes":1433723}
[2026-09-24T06:31:42.743Z] [INFO] [STREAM] requested {"requestId":"48991e32776dc6ecd644d787e820d8e2","ip":"::1"}
[2026-09-24T06:31:42.790Z] [INFO] [STREAM] upstream status {"requestId":"48991e32776dc6ecd644d787e820d8e2","status":200,"firstByteMs":47,"finalHost":"instagram.fdel93-3.fna.fbcdn.net"}
[2026-09-24T06:31:42.790Z] [INFO] [STREAM] upstream content-type {"requestId":"48991e32776dc6ecd644d787e820d8e2","contentType":"image/jpeg"}
[2026-09-24T06:31:42.790Z] [INFO] [STREAM] full 200 stream started {"requestId":"48991e32776dc6ecd644d787e820d8e2"}
[2026-09-24T06:31:42.900Z] [INFO] [STREAM] full stream completed {"requestId":"48991e32776dc6ecd644d787e820d8e2","completed":true,"bytes":1643430}
[2026-09-24T06:33:47.469Z] [INFO] [STREAM] requested {"requestId":"504d9090ae580b6f82eb0c060882ed07","ip":"::1"}
[2026-09-24T06:33:47.502Z] [INFO] [STREAM] upstream status {"requestId":"504d9090ae580b6f82eb0c060882ed07","status":200,"firstByteMs":33,"finalHost":"instagram.fdel11-2.fna.fbcdn.net"}
[2026-09-24T06:33:47.502Z] [INFO] [STREAM] upstream content-type {"requestId":"504d9090ae580b6f82eb0c060882ed07","contentType":"image/jpeg"}
[2026-09-24T06:33:47.502Z] [INFO] [STREAM] full 200 stream started {"requestId":"504d9090ae580b6f82eb0c060882ed07"}
[2026-09-24T06:33:47.557Z] [INFO] [STREAM] full stream completed {"requestId":"504d9090ae580b6f82eb0c060882ed07","completed":true,"bytes":307815}
[2026-09-24T06:33:49.377Z] [INFO] [STREAM] requested {"requestId":"e6ab3c3e07fcb713a33195e6d322842f","ip":"::1"}
[2026-09-24T06:33:49.415Z] [INFO] [STREAM] upstream status {"requestId":"e6ab3c3e07fcb713a33195e6d322842f","status":200,"firstByteMs":38,"finalHost":"instagram.fdel93-3.fna.fbcdn.net"}
[2026-09-24T06:33:49.415Z] [INFO] [STREAM] upstream content-type {"requestId":"e6ab3c3e07fcb713a33195e6d322842f","contentType":"image/jpeg"}
[2026-09-24T06:33:49.415Z] [INFO] [STREAM] full 200 stream started {"requestId":"e6ab3c3e07fcb713a33195e6d322842f"}
[2026-09-24T06:33:49.652Z] [INFO] [STREAM] full stream completed {"requestId":"e6ab3c3e07fcb713a33195e6d322842f","completed":true,"bytes":337406}
[2026-09-24T06:33:50.524Z] [INFO] [STREAM] requested {"requestId":"2babdd9e65fffa4582e7dd57e94ac573","ip":"::1"}
[2026-09-24T06:33:50.554Z] [INFO] [STREAM] upstream status {"requestId":"2babdd9e65fffa4582e7dd57e94ac573","status":200,"firstByteMs":30,"finalHost":"instagram.fdel93-1.fna.fbcdn.net"}
[2026-09-24T06:33:50.554Z] [INFO] [STREAM] upstream content-type {"requestId":"2babdd9e65fffa4582e7dd57e94ac573","contentType":"image/jpeg"}
[2026-09-24T06:33:50.554Z] [INFO] [STREAM] full 200 stream started {"requestId":"2babdd9e65fffa4582e7dd57e94ac573"}
[2026-09-24T06:33:50.601Z] [INFO] [STREAM] full stream completed {"requestId":"2babdd9e65fffa4582e7dd57e94ac573","completed":true,"bytes":242643}
[2026-09-24T06:33:51.554Z] [INFO] [STREAM] requested {"requestId":"6eb8b5bf6312c514e6f4a484b6fb0707","ip":"::1"}
[2026-09-24T06:33:51.572Z] [INFO] [STREAM] upstream status {"requestId":"6eb8b5bf6312c514e6f4a484b6fb0707","status":200,"firstByteMs":18,"finalHost":"instagram.fdel93-1.fna.fbcdn.net"}
[2026-09-24T06:33:51.572Z] [INFO] [STREAM] upstream content-type {"requestId":"6eb8b5bf6312c514e6f4a484b6fb0707","contentType":"image/jpeg"}
[2026-09-24T06:33:51.572Z] [INFO] [STREAM] full 200 stream started {"requestId":"6eb8b5bf6312c514e6f4a484b6fb0707"}
[2026-09-24T06:33:51.599Z] [INFO] [STREAM] full stream completed {"requestId":"6eb8b5bf6312c514e6f4a484b6fb0707","completed":true,"bytes":260614}
[2026-09-24T06:34:12.409Z] [INFO] [STREAM] requested {"requestId":"f2f2def80f7d00e85554f9b27c55741b","ip":"::1"}
[2026-09-24T06:34:12.447Z] [INFO] [STREAM] upstream status {"requestId":"f2f2def80f7d00e85554f9b27c55741b","status":200,"firstByteMs":38,"finalHost":"instagram.fdel11-2.fna.fbcdn.net"}
[2026-09-24T06:34:12.447Z] [INFO] [STREAM] upstream content-type {"requestId":"f2f2def80f7d00e85554f9b27c55741b","contentType":"image/jpeg"}
[2026-09-24T06:34:12.447Z] [INFO] [STREAM] full 200 stream started {"requestId":"f2f2def80f7d00e85554f9b27c55741b"}
[2026-09-24T06:34:12.529Z] [INFO] [STREAM] full stream completed {"requestId":"f2f2def80f7d00e85554f9b27c55741b","completed":true,"bytes":307815}
[2026-09-24T06:34:13.784Z] [INFO] [STREAM] requested {"requestId":"6689497f7cd7b8b663df303d76cab9db","ip":"::1"}
[2026-09-24T06:34:13.810Z] [INFO] [STREAM] upstream status {"requestId":"6689497f7cd7b8b663df303d76cab9db","status":200,"firstByteMs":26,"finalHost":"instagram.fdel93-3.fna.fbcdn.net"}
[2026-09-24T06:34:13.810Z] [INFO] [STREAM] upstream content-type {"requestId":"6689497f7cd7b8b663df303d76cab9db","contentType":"image/jpeg"}
[2026-09-24T06:34:13.810Z] [INFO] [STREAM] full 200 stream started {"requestId":"6689497f7cd7b8b663df303d76cab9db"}
[2026-09-24T06:34:13.982Z] [INFO] [STREAM] full stream completed {"requestId":"6689497f7cd7b8b663df303d76cab9db","completed":true,"bytes":1643430}
[2026-09-24T06:34:20.473Z] [INFO] [STREAM] requested {"requestId":"025d59c6c6d51d27ff39914aa6f5aef0","ip":"::1"}
[2026-09-24T06:34:20.505Z] [INFO] [STREAM] upstream status {"requestId":"025d59c6c6d51d27ff39914aa6f5aef0","status":200,"firstByteMs":32,"finalHost":"instagram.fdel93-1.fna.fbcdn.net"}
[2026-09-24T06:34:20.505Z] [INFO] [STREAM] upstream content-type {"requestId":"025d59c6c6d51d27ff39914aa6f5aef0","contentType":"image/jpeg"}
[2026-09-24T06:34:20.505Z] [INFO] [STREAM] full 200 stream started {"requestId":"025d59c6c6d51d27ff39914aa6f5aef0"}
[2026-09-24T06:34:20.606Z] [INFO] [STREAM] full stream completed {"requestId":"025d59c6c6d51d27ff39914aa6f5aef0","completed":true,"bytes":1433723}
[2026-09-24T06:35:02.217Z] [INFO] [STREAM] requested {"requestId":"a1d800ea153b505d416c94d972a1cda8","ip":"::1"}
[2026-09-24T06:35:02.261Z] [INFO] [STREAM] upstream status {"requestId":"a1d800ea153b505d416c94d972a1cda8","status":200,"firstByteMs":43,"finalHost":"instagram.fdel93-2.fna.fbcdn.net"}
[2026-09-24T06:35:02.261Z] [INFO] [STREAM] upstream content-type {"requestId":"a1d800ea153b505d416c94d972a1cda8","contentType":"image/jpeg"}
[2026-09-24T06:35:02.261Z] [INFO] [STREAM] full 200 stream started {"requestId":"a1d800ea153b505d416c94d972a1cda8"}
[2026-09-24T06:35:02.478Z] [INFO] [STREAM] full stream completed {"requestId":"a1d800ea153b505d416c94d972a1cda8","completed":true,"bytes":1486516}
[2026-09-24T06:35:08.030Z] [INFO] [STREAM] requested {"requestId":"ce09c833733d136ed8574fba0255447c","ip":"::1"}
[2026-09-24T06:35:08.061Z] [INFO] [STREAM] upstream status {"requestId":"ce09c833733d136ed8574fba0255447c","status":200,"firstByteMs":31,"finalHost":"instagram.fdel93-3.fna.fbcdn.net"}
[2026-09-24T06:35:08.061Z] [INFO] [STREAM] upstream content-type {"requestId":"ce09c833733d136ed8574fba0255447c","contentType":"image/jpeg"}
[2026-09-24T06:35:08.061Z] [INFO] [STREAM] full 200 stream started {"requestId":"ce09c833733d136ed8574fba0255447c"}
[2026-09-24T06:35:08.167Z] [INFO] [STREAM] full stream completed {"requestId":"ce09c833733d136ed8574fba0255447c","completed":true,"bytes":1643430}
[2026-09-24T06:35:09.064Z] [INFO] [STREAM] requested {"requestId":"3a5bf55aa053883d281e9fdac7cdb798","ip":"::1"}
[2026-09-24T06:35:09.096Z] [INFO] [STREAM] upstream status {"requestId":"3a5bf55aa053883d281e9fdac7cdb798","status":200,"firstByteMs":32,"finalHost":"instagram.fdel11-2.fna.fbcdn.net"}
[2026-09-24T06:35:09.096Z] [INFO] [STREAM] upstream content-type {"requestId":"3a5bf55aa053883d281e9fdac7cdb798","contentType":"image/jpeg"}
[2026-09-24T06:35:09.096Z] [INFO] [STREAM] full 200 stream started {"requestId":"3a5bf55aa053883d281e9fdac7cdb798"}
[2026-09-24T06:35:09.154Z] [INFO] [STREAM] full stream completed {"requestId":"3a5bf55aa053883d281e9fdac7cdb798","completed":true,"bytes":307815}
[2026-09-24T06:35:09.891Z] [INFO] [STREAM] requested {"requestId":"0a5d24ac6945a893a511fe9672983e94","ip":"::1"}
[2026-09-24T06:35:09.909Z] [INFO] [STREAM] upstream status {"requestId":"0a5d24ac6945a893a511fe9672983e94","status":200,"firstByteMs":18,"finalHost":"instagram.fdel93-3.fna.fbcdn.net"}
[2026-09-24T06:35:09.909Z] [INFO] [STREAM] upstream content-type {"requestId":"0a5d24ac6945a893a511fe9672983e94","contentType":"image/jpeg"}
[2026-09-24T06:35:09.910Z] [INFO] [STREAM] full 200 stream started {"requestId":"0a5d24ac6945a893a511fe9672983e94"}
[2026-09-24T06:35:09.929Z] [INFO] [STREAM] full stream completed {"requestId":"0a5d24ac6945a893a511fe9672983e94","completed":true,"bytes":337406}
[2026-09-24T06:35:10.771Z] [INFO] [STREAM] requested {"requestId":"9e06befa08324c3fbbfd08dd7b75cca7","ip":"::1"}
[2026-09-24T06:35:10.808Z] [INFO] [STREAM] upstream status {"requestId":"9e06befa08324c3fbbfd08dd7b75cca7","status":200,"firstByteMs":36,"finalHost":"instagram.fdel93-1.fna.fbcdn.net"}
[2026-09-24T06:35:10.808Z] [INFO] [STREAM] upstream content-type {"requestId":"9e06befa08324c3fbbfd08dd7b75cca7","contentType":"image/jpeg"}
[2026-09-24T06:35:10.808Z] [INFO] [STREAM] full 200 stream started {"requestId":"9e06befa08324c3fbbfd08dd7b75cca7"}
[2026-09-24T06:35:10.845Z] [INFO] [STREAM] full stream completed {"requestId":"9e06befa08324c3fbbfd08dd7b75cca7","completed":true,"bytes":242643}
[2026-09-24T06:35:11.560Z] [INFO] [STREAM] requested {"requestId":"a40407b739360d609297f297bcba7571","ip":"::1"}
[2026-09-24T06:35:11.580Z] [INFO] [STREAM] upstream status {"requestId":"a40407b739360d609297f297bcba7571","status":200,"firstByteMs":19,"finalHost":"instagram.fdel93-1.fna.fbcdn.net"}
[2026-09-24T06:35:11.580Z] [INFO] [STREAM] upstream content-type {"requestId":"a40407b739360d609297f297bcba7571","contentType":"image/jpeg"}
[2026-09-24T06:35:11.581Z] [INFO] [STREAM] full 200 stream started {"requestId":"a40407b739360d609297f297bcba7571"}
[2026-09-24T06:35:11.601Z] [INFO] [STREAM] full stream completed {"requestId":"a40407b739360d609297f297bcba7571","completed":true,"bytes":260614}
[2026-09-24T06:35:16.376Z] [INFO] [STREAM] requested {"requestId":"791fdec77f29ae3d68fd0c518b9a2665","ip":"::1"}
[2026-09-24T06:35:16.409Z] [INFO] [STREAM] upstream status {"requestId":"791fdec77f29ae3d68fd0c518b9a2665","status":200,"firstByteMs":32,"finalHost":"instagram.fdel11-2.fna.fbcdn.net"}
[2026-09-24T06:35:16.409Z] [INFO] [STREAM] upstream content-type {"requestId":"791fdec77f29ae3d68fd0c518b9a2665","contentType":"image/jpeg"}
[2026-09-24T06:35:16.409Z] [INFO] [STREAM] full 200 stream started {"requestId":"791fdec77f29ae3d68fd0c518b9a2665"}
[2026-09-24T06:35:16.445Z] [INFO] [STREAM] full stream completed {"requestId":"791fdec77f29ae3d68fd0c518b9a2665","completed":true,"bytes":307815}
[2026-09-24T06:35:16.449Z] [INFO] [STREAM] requested {"requestId":"d8c463fad55fb4717e9dc0bf3d4f2e46","ip":"::1"}
[2026-09-24T06:35:16.479Z] [INFO] [STREAM] upstream status {"requestId":"d8c463fad55fb4717e9dc0bf3d4f2e46","status":200,"firstByteMs":29,"finalHost":"instagram.fdel93-3.fna.fbcdn.net"}
[2026-09-24T06:35:16.480Z] [INFO] [STREAM] upstream content-type {"requestId":"d8c463fad55fb4717e9dc0bf3d4f2e46","contentType":"image/jpeg"}
[2026-09-24T06:35:16.480Z] [INFO] [STREAM] full 200 stream started {"requestId":"d8c463fad55fb4717e9dc0bf3d4f2e46"}
[2026-09-24T06:35:16.580Z] [INFO] [STREAM] full stream completed {"requestId":"d8c463fad55fb4717e9dc0bf3d4f2e46","completed":true,"bytes":1643430}
[2026-09-24T06:35:17.198Z] [INFO] [STREAM] requested {"requestId":"9c46143d4df4b4eac457d9699356aba7","ip":"::1"}
[2026-09-24T06:35:17.230Z] [INFO] [STREAM] upstream status {"requestId":"9c46143d4df4b4eac457d9699356aba7","status":200,"firstByteMs":32,"finalHost":"instagram.fdel93-1.fna.fbcdn.net"}
[2026-09-24T06:35:17.230Z] [INFO] [STREAM] upstream content-type {"requestId":"9c46143d4df4b4eac457d9699356aba7","contentType":"image/jpeg"}
[2026-09-24T06:35:17.230Z] [INFO] [STREAM] full 200 stream started {"requestId":"9c46143d4df4b4eac457d9699356aba7"}
[2026-09-24T06:35:17.352Z] [INFO] [STREAM] full stream completed {"requestId":"9c46143d4df4b4eac457d9699356aba7","completed":true,"bytes":1433723}
[2026-09-24T06:35:18.159Z] [INFO] [STREAM] requested {"requestId":"62d678ec4c5f6772df435b3abd2c2198","ip":"::1"}
[2026-09-24T06:35:18.196Z] [INFO] [STREAM] upstream status {"requestId":"62d678ec4c5f6772df435b3abd2c2198","status":200,"firstByteMs":37,"finalHost":"instagram.fdel93-2.fna.fbcdn.net"}
[2026-09-24T06:35:18.196Z] [INFO] [STREAM] upstream content-type {"requestId":"62d678ec4c5f6772df435b3abd2c2198","contentType":"image/jpeg"}
[2026-09-24T06:35:18.196Z] [INFO] [STREAM] full 200 stream started {"requestId":"62d678ec4c5f6772df435b3abd2c2198"}
[2026-09-24T06:35:18.288Z] [INFO] [STREAM] full stream completed {"requestId":"62d678ec4c5f6772df435b3abd2c2198","completed":true,"bytes":1486516}
12:07:44 PM [tsx] change in ./src\lib\story-resolve.ts Restarting...
◇ injected env (9) from .env
[2026-09-24T06:37:44.969Z] [INFO] Downloadit backend running on port 3001
[2026-09-24T06:37:44.970Z] [INFO] Configuration loaded {"NODE_ENV":"development","PORT":3001,"RESOLVER_PROVIDER":"puppeteer","CORS_ORIGIN":"http://localhost:3000","RESOLVER_TIMEOUT_MS":"15000","dotenvLoaded":true}
[2026-09-24T06:37:44.970Z] [INFO] Puppeteer provider active — headless Chrome will resolve Instagram URLs
[2026-09-24T06:37:44.970Z] [INFO] Audio provider status {"audioProvider":"not-configured","detail":"Set AUDIO_PROVIDER_URL + AUDIO_PROVIDER_KEY to enable direct audio-page resolution"}
12:08:24 PM [tsx] change in ./src\lib\story-resolve.ts Restarting...
◇ injected env (9) from .env
[2026-09-24T06:38:24.828Z] [INFO] Downloadit backend running on port 3001
[2026-09-24T06:38:24.829Z] [INFO] Configuration loaded {"NODE_ENV":"development","PORT":3001,"RESOLVER_PROVIDER":"puppeteer","CORS_ORIGIN":"http://localhost:3000","RESOLVER_TIMEOUT_MS":"15000","dotenvLoaded":true}
[2026-09-24T06:38:24.829Z] [INFO] Puppeteer provider active — headless Chrome will resolve Instagram URLs
[2026-09-24T06:38:24.829Z] [INFO] Audio provider status {"audioProvider":"not-configured","detail":"Set AUDIO_PROVIDER_URL + AUDIO_PROVIDER_KEY to enable direct audio-page resolution"}
[2026-09-24T06:50:42.714Z] [INFO] [STREAM] requested {"requestId":"c9c4bce9020dda28858b1a99fd9d8413","ip":"::1"}
[2026-09-24T06:50:42.861Z] [INFO] [STREAM] upstream status {"requestId":"c9c4bce9020dda28858b1a99fd9d8413","status":200,"firstByteMs":146,"finalHost":"instagram.fdel93-1.fna.fbcdn.net"}
[2026-09-24T06:50:42.862Z] [INFO] [STREAM] upstream content-type {"requestId":"c9c4bce9020dda28858b1a99fd9d8413","contentType":"image/jpeg"}
[2026-09-24T06:50:42.862Z] [INFO] [STREAM] full 200 stream started {"requestId":"c9c4bce9020dda28858b1a99fd9d8413"}
[2026-09-24T06:50:42.992Z] [INFO] [STREAM] full stream completed {"requestId":"c9c4bce9020dda28858b1a99fd9d8413","completed":true,"bytes":1433723}
[2026-09-24T06:50:43.000Z] [INFO] [STREAM] requested {"requestId":"976a0c227d122f52b81c4dd9e193e7a4","ip":"::1"}
[2026-09-24T06:50:43.045Z] [INFO] [STREAM] upstream status {"requestId":"976a0c227d122f52b81c4dd9e193e7a4","status":200,"firstByteMs":44,"finalHost":"instagram.fdel93-3.fna.fbcdn.net"}
[2026-09-24T06:50:43.045Z] [INFO] [STREAM] upstream content-type {"requestId":"976a0c227d122f52b81c4dd9e193e7a4","contentType":"image/jpeg"}
[2026-09-24T06:50:43.045Z] [INFO] [STREAM] full 200 stream started {"requestId":"976a0c227d122f52b81c4dd9e193e7a4"}
[2026-09-24T06:50:43.187Z] [INFO] [STREAM] full stream completed {"requestId":"976a0c227d122f52b81c4dd9e193e7a4","completed":true,"bytes":1643430}
[2026-09-24T06:50:43.819Z] [INFO] [STREAM] requested {"requestId":"1b469aab5cb347b0fcc53870c42ec1b2","ip":"::1"}
[2026-09-24T06:50:43.860Z] [INFO] [STREAM] upstream status {"requestId":"1b469aab5cb347b0fcc53870c42ec1b2","status":200,"firstByteMs":41,"finalHost":"instagram.fdel11-2.fna.fbcdn.net"}
[2026-09-24T06:50:43.861Z] [INFO] [STREAM] upstream content-type {"requestId":"1b469aab5cb347b0fcc53870c42ec1b2","contentType":"image/jpeg"}
[2026-09-24T06:50:43.861Z] [INFO] [STREAM] full 200 stream started {"requestId":"1b469aab5cb347b0fcc53870c42ec1b2"}
[2026-09-24T06:50:43.899Z] [INFO] [STREAM] full stream completed {"requestId":"1b469aab5cb347b0fcc53870c42ec1b2","completed":true,"bytes":307815}
[2026-09-24T06:50:44.651Z] [INFO] [STREAM] requested {"requestId":"608d582ea044113c873e0caf25cc5384","ip":"::1"}
[2026-09-24T06:50:44.664Z] [INFO] [STREAM] upstream status {"requestId":"608d582ea044113c873e0caf25cc5384","status":200,"firstByteMs":13,"finalHost":"instagram.fdel93-3.fna.fbcdn.net"}
[2026-09-24T06:50:44.664Z] [INFO] [STREAM] upstream content-type {"requestId":"608d582ea044113c873e0caf25cc5384","contentType":"image/jpeg"}
[2026-09-24T06:50:44.664Z] [INFO] [STREAM] full 200 stream started {"requestId":"608d582ea044113c873e0caf25cc5384"}
[2026-09-24T06:50:44.686Z] [INFO] [STREAM] full stream completed {"requestId":"608d582ea044113c873e0caf25cc5384","completed":true,"bytes":337406}
[2026-09-24T06:50:45.334Z] [INFO] [STREAM] requested {"requestId":"681abea6c9cb612d91d9f53efb00f8bd","ip":"::1"}
[2026-09-24T06:50:45.352Z] [INFO] [STREAM] upstream status {"requestId":"681abea6c9cb612d91d9f53efb00f8bd","status":200,"firstByteMs":18,"finalHost":"instagram.fdel93-1.fna.fbcdn.net"}
[2026-09-24T06:50:45.352Z] [INFO] [STREAM] upstream content-type {"requestId":"681abea6c9cb612d91d9f53efb00f8bd","contentType":"image/jpeg"}
[2026-09-24T06:50:45.352Z] [INFO] [STREAM] full 200 stream started {"requestId":"681abea6c9cb612d91d9f53efb00f8bd"}
[2026-09-24T06:50:45.367Z] [INFO] [STREAM] full stream completed {"requestId":"681abea6c9cb612d91d9f53efb00f8bd","completed":true,"bytes":242643}
[2026-09-24T06:50:46.052Z] [INFO] [STREAM] requested {"requestId":"6414c4b110a449b665b3a77ce1252c11","ip":"::1"}
[2026-09-24T06:50:46.067Z] [INFO] [STREAM] upstream status {"requestId":"6414c4b110a449b665b3a77ce1252c11","status":200,"firstByteMs":15,"finalHost":"instagram.fdel93-1.fna.fbcdn.net"}
[2026-09-24T06:50:46.067Z] [INFO] [STREAM] upstream content-type {"requestId":"6414c4b110a449b665b3a77ce1252c11","contentType":"image/jpeg"}
[2026-09-24T06:50:46.067Z] [INFO] [STREAM] full 200 stream started {"requestId":"6414c4b110a449b665b3a77ce1252c11"}
[2026-09-24T06:50:46.082Z] [INFO] [STREAM] full stream completed {"requestId":"6414c4b110a449b665b3a77ce1252c11","completed":true,"bytes":260614}
[2026-09-24T06:50:50.874Z] [INFO] Resolving via dedicated story resolver {"url":"https://www.instagram.com/stories/irfan_04m/3992734228823635460"}
[2026-09-24T06:50:50.875Z] [INFO] [story-resolve] received Story URL {"normalizedUrl":"https://www.instagram.com/stories/irfan_04m/3992734228823635460","username":"irfan_04m","storyId":"3992734228823635460","highlightId":null,"extractor":"story-api-public-first","hasCookie":false,"attemptedPublic":true}
[2026-09-24T06:50:50.875Z] [INFO] [story-resolve] attempting direct Story ID resolution {"username":"irfan_04m","storyId":"3992734228823635460","normalizedUrl":"https://www.instagram.com/stories/irfan_04m/3992734228823635460"}
[2026-09-24T06:50:51.609Z] [INFO] [story-resolve] direct_story_public fetch {"status":200,"hasJson":false,"textLength":425470,"usedCookie":false,"attemptedPublic":true}
[2026-09-24T06:50:52.236Z] [INFO] [story-resolve] direct_story_public fetch {"status":404,"hasJson":false,"textLength":20942,"usedCookie":false,"attemptedPublic":true}
[2026-09-24T06:50:52.775Z] [INFO] [story-resolve] story page HTML media extracted {"storyId":"3992734228823635460","hasIdContext":true,"mediaType":"image"}
[2026-09-24T06:50:52.777Z] [INFO] [story-resolve] Story resolved via page HTML (exact) {"mediaType":"image","duration":1902}
[2026-09-24T06:50:52.827Z] [INFO] Story resolve normalized {"type":"STORY","discovered":1,"exactDupesRemoved":0,"renditionsRemoved":0,"finalCount":1,"url":"https://www.instagram.com/stories/irfan_04m/3992734228823635460"}
[2026-09-24T06:50:52.829Z] [INFO] Using puppeteer provider (headless browser)
[2026-09-24T06:50:52.829Z] [INFO] Resolution complete {"requestId":"c20e3cf36237701387f2e66a4939e23c","duration":1956,"detectedType":"STORY","audioId":null,"provider":"puppeteer","mediaCount":1,"failedItems":0,"finalResult":"STORY","mediaId":"dfadb869e82591b87199989a97d5b42c","firstMediaType":"image","firstMediaHost":"scontent.cdninstagram.com"}
[2026-09-24T06:50:52.845Z] [INFO] [STREAM] requested {"requestId":"c781d340eaedc886e04ec49b485d08c6","ip":"::1"}
[2026-09-24T06:50:52.872Z] [INFO] [STREAM] upstream status {"requestId":"c781d340eaedc886e04ec49b485d08c6","status":200,"firstByteMs":27,"finalHost":"scontent.cdninstagram.com"}
[2026-09-24T06:50:52.872Z] [INFO] [STREAM] upstream content-type {"requestId":"c781d340eaedc886e04ec49b485d08c6","contentType":"image/jpeg"}
[2026-09-24T06:50:52.872Z] [INFO] [STREAM] full 200 stream started {"requestId":"c781d340eaedc886e04ec49b485d08c6"}
[2026-09-24T06:50:52.874Z] [INFO] [STREAM] full stream completed {"requestId":"c781d340eaedc886e04ec49b485d08c6","completed":true,"bytes":7781}
12:30:38 PM [tsx] change in ./src\lib\story-resolve.ts Restarting...
◇ injected env (9) from .env
[2026-09-24T07:00:39.230Z] [INFO] Downloadit backend running on port 3001
[2026-09-24T07:00:39.230Z] [INFO] Configuration loaded {"NODE_ENV":"development","PORT":3001,"RESOLVER_PROVIDER":"puppeteer","CORS_ORIGIN":"http://localhost:3000","RESOLVER_TIMEOUT_MS":"15000","dotenvLoaded":true}
[2026-09-24T07:00:39.230Z] [INFO] Puppeteer provider active — headless Chrome will resolve Instagram URLs
[2026-09-24T07:00:39.230Z] [INFO] Audio provider status {"audioProvider":"not-configured","detail":"Set AUDIO_PROVIDER_URL + AUDIO_PROVIDER_KEY to enable direct audio-page resolution"}
12:30:46 PM [tsx] change in ./src\lib\story-resolve.ts Restarting...
◇ injected env (9) from .env
[2026-09-24T07:00:46.873Z] [INFO] Downloadit backend running on port 3001
[2026-09-24T07:00:46.873Z] [INFO] Configuration loaded {"NODE_ENV":"development","PORT":3001,"RESOLVER_PROVIDER":"puppeteer","CORS_ORIGIN":"http://localhost:3000","RESOLVER_TIMEOUT_MS":"15000","dotenvLoaded":true}
[2026-09-24T07:00:46.873Z] [INFO] Puppeteer provider active — headless Chrome will resolve Instagram URLs
[2026-09-24T07:00:46.874Z] [INFO] Audio provider status {"audioProvider":"not-configured","detail":"Set AUDIO_PROVIDER_URL + AUDIO_PROVIDER_KEY to enable direct audio-page resolution"}
12:31:09 PM [tsx] change in ./src\lib\story-resolve.ts Restarting...
◇ injected env (9) from .env
[2026-09-24T07:01:09.764Z] [INFO] Downloadit backend running on port 3001
[2026-09-24T07:01:09.764Z] [INFO] Configuration loaded {"NODE_ENV":"development","PORT":3001,"RESOLVER_PROVIDER":"puppeteer","CORS_ORIGIN":"http://localhost:3000","RESOLVER_TIMEOUT_MS":"15000","dotenvLoaded":true}
[2026-09-24T07:01:09.764Z] [INFO] Puppeteer provider active — headless Chrome will resolve Instagram URLs
[2026-09-24T07:01:09.764Z] [INFO] Audio provider status {"audioProvider":"not-configured","detail":"Set AUDIO_PROVIDER_URL + AUDIO_PROVIDER_KEY to enable direct audio-page resolution"}
12:31:14 PM [tsx] change in ./src\lib\story-resolve.ts Restarting...
◇ injected env (9) from .env
[2026-09-24T07:01:15.001Z] [INFO] Downloadit backend running on port 3001
[2026-09-24T07:01:15.002Z] [INFO] Configuration loaded {"NODE_ENV":"development","PORT":3001,"RESOLVER_PROVIDER":"puppeteer","CORS_ORIGIN":"http://localhost:3000","RESOLVER_TIMEOUT_MS":"15000","dotenvLoaded":true}
[2026-09-24T07:01:15.002Z] [INFO] Puppeteer provider active — headless Chrome will resolve Instagram URLs
[2026-09-24T07:01:15.002Z] [INFO] Audio provider status {"audioProvider":"not-configured","detail":"Set AUDIO_PROVIDER_URL + AUDIO_PROVIDER_KEY to enable direct audio-page resolution"}
12:31:30 PM [tsx] change in ./src\lib\errors.ts Restarting...
◇ injected env (9) from .env
[2026-09-24T07:01:30.878Z] [INFO] Downloadit backend running on port 3001
[2026-09-24T07:01:30.879Z] [INFO] Configuration loaded {"NODE_ENV":"development","PORT":3001,"RESOLVER_PROVIDER":"puppeteer","CORS_ORIGIN":"http://localhost:3000","RESOLVER_TIMEOUT_MS":"15000","dotenvLoaded":true}
[2026-09-24T07:01:30.879Z] [INFO] Puppeteer provider active — headless Chrome will resolve Instagram URLs
[2026-09-24T07:01:30.879Z] [INFO] Audio provider status {"audioProvider":"not-configured","detail":"Set AUDIO_PROVIDER_URL + AUDIO_PROVIDER_KEY to enable direct audio-page resolution"}
12:31:47 PM [tsx] change in ./src\lib\story-resolve.ts Restarting...
◇ injected env (9) from .env
[2026-09-24T07:01:47.907Z] [INFO] Downloadit backend running on port 3001
[2026-09-24T07:01:47.907Z] [INFO] Configuration loaded {"NODE_ENV":"development","PORT":3001,"RESOLVER_PROVIDER":"puppeteer","CORS_ORIGIN":"http://localhost:3000","RESOLVER_TIMEOUT_MS":"15000","dotenvLoaded":true}
[2026-09-24T07:01:47.907Z] [INFO] Puppeteer provider active — headless Chrome will resolve Instagram URLs
[2026-09-24T07:01:47.907Z] [INFO] Audio provider status {"audioProvider":"not-configured","detail":"Set AUDIO_PROVIDER_URL + AUDIO_PROVIDER_KEY to enable direct audio-page resolution"}
[2026-09-24T07:03:44.201Z] [INFO] Resolving via dedicated story resolver {"url":"https://www.instagram.com/stories/irfan_04m/3992734228823635460"}
[2026-09-24T07:03:44.201Z] [INFO] [story-resolve] received Story URL {"normalizedUrl":"https://www.instagram.com/stories/irfan_04m/3992734228823635460","username":"irfan_04m","storyId":"3992734228823635460","highlightId":null,"extractor":"story-api-public-first","hasCookie":false,"attemptedPublic":true}
[2026-09-24T07:03:44.201Z] [INFO] [story-resolve] attempting direct Story ID resolution {"username":"irfan_04m","storyId":"3992734228823635460","normalizedUrl":"https://www.instagram.com/stories/irfan_04m/3992734228823635460"}
[2026-09-24T07:03:44.999Z] [INFO] [story-resolve] direct_story_public fetch {"status":200,"hasJson":false,"textLength":425478,"usedCookie":false,"attemptedPublic":true}
[2026-09-24T07:03:45.639Z] [INFO] [story-resolve] direct_story_public fetch {"status":404,"hasJson":false,"textLength":20942,"usedCookie":false,"attemptedPublic":true}
[2026-09-24T07:03:46.053Z] [INFO] [story-resolve] falling back to username Story list for direct URL {"username":"irfan_04m","storyId":"3992734228823635460"}
[2026-09-24T07:03:46.414Z] [INFO] [story-resolve] web_profile_info_public fetch {"status":401,"hasJson":true,"textLength":119,"usedCookie":false,"attemptedPublic":true}
[2026-09-24T07:03:46.414Z] [INFO] [story-resolve] public api requires auth, trying html fallback {"username":"irfan_04m","status":401}
[2026-09-24T07:03:47.063Z] [INFO] [story-resolve] userId via html {"username":"irfan_04m","userIdLength":11}
[2026-09-24T07:03:47.379Z] [INFO] [story-resolve] reels_media_public fetch {"status":200,"hasJson":true,"textLength":26,"usedCookie":false,"attemptedPublic":true}
[2026-09-24T07:03:47.379Z] [INFO] [story-resolve] reels_media public parsed {"itemCount":0,"usedCookie":false}
[2026-09-24T07:03:47.380Z] [WARN] Resolve stream error {"requestId":"76f4c265a24e59c73acc1d72949f64a8","code":"CONTENT_NOT_FOUND","duration":3181}
12:38:11 PM [tsx] change in ./src\lib\story-resolve.ts Restarting...
◇ injected env (9) from .env
[2026-09-24T07:08:11.602Z] [INFO] Downloadit backend running on port 3001
[2026-09-24T07:08:11.602Z] [INFO] Configuration loaded {"NODE_ENV":"development","PORT":3001,"RESOLVER_PROVIDER":"puppeteer","CORS_ORIGIN":"http://localhost:3000","RESOLVER_TIMEOUT_MS":"15000","dotenvLoaded":true}
[2026-09-24T07:08:11.602Z] [INFO] Puppeteer provider active — headless Chrome will resolve Instagram URLs
[2026-09-24T07:08:11.603Z] [INFO] Audio provider status {"audioProvider":"not-configured","detail":"Set AUDIO_PROVIDER_URL + AUDIO_PROVIDER_KEY to enable direct audio-page resolution"}
[2026-09-24T07:09:31.793Z] [INFO] Resolving via dedicated story resolver {"url":"https://www.instagram.com/stories/irfan_04m/3992734228823635460"}
[2026-09-24T07:09:31.793Z] [INFO] [story-resolve] received Story URL {"normalizedUrl":"https://www.instagram.com/stories/irfan_04m/3992734228823635460","username":"irfan_04m","storyId":"3992734228823635460","highlightId":null,"extractor":"story-api-public-first","hasCookie":false,"attemptedPublic":true}
[2026-09-24T07:09:31.794Z] [INFO] [story-resolve] attempting direct Story ID resolution {"username":"irfan_04m","storyId":"3992734228823635460","normalizedUrl":"https://www.instagram.com/stories/irfan_04m/3992734228823635460"}
[2026-09-24T07:09:32.659Z] [INFO] [story-resolve] direct_story_public fetch {"status":200,"hasJson":false,"textLength":425462,"usedCookie":false,"attemptedPublic":true}
[2026-09-24T07:09:33.375Z] [INFO] [story-resolve] direct_story_public fetch {"status":404,"hasJson":false,"textLength":20942,"usedCookie":false,"attemptedPublic":true}
[2026-09-24T07:09:33.984Z] [INFO] [story-resolve] falling back to username Story list for direct URL {"username":"irfan_04m","storyId":"3992734228823635460"}
[2026-09-24T07:09:34.359Z] [INFO] [story-resolve] web_profile_info_public fetch {"status":401,"hasJson":true,"textLength":119,"usedCookie":false,"attemptedPublic":true}
[2026-09-24T07:09:34.359Z] [INFO] [story-resolve] public api requires auth, trying html fallback {"username":"irfan_04m","status":401}
[2026-09-24T07:09:34.911Z] [INFO] [story-resolve] userId via html {"username":"irfan_04m","userIdLength":11}
[2026-09-24T07:09:35.220Z] [INFO] [story-resolve] reels_media_public fetch {"status":200,"hasJson":true,"textLength":26,"usedCookie":false,"attemptedPublic":true}
[2026-09-24T07:09:35.221Z] [INFO] [story-resolve] reels_media public parsed {"itemCount":0,"usedCookie":false}
[2026-09-24T07:09:35.221Z] [WARN] Resolve stream error {"requestId":"19bda24c6ec57a57bcf9791a63e20d9c","code":"CONTENT_UNAVAILABLE","duration":3431}
12:42:13 PM [tsx] change in ./src\lib\errors.ts Restarting...
◇ injected env (9) from .env
[2026-09-24T07:12:14.011Z] [INFO] Downloadit backend running on port 3001
[2026-09-24T07:12:14.012Z] [INFO] Configuration loaded {"NODE_ENV":"development","PORT":3001,"RESOLVER_PROVIDER":"puppeteer","CORS_ORIGIN":"http://localhost:3000","RESOLVER_TIMEOUT_MS":"15000","dotenvLoaded":true}
[2026-09-24T07:12:14.012Z] [INFO] Puppeteer provider active — headless Chrome will resolve Instagram URLs
[2026-09-24T07:12:14.012Z] [INFO] Audio provider status {"audioProvider":"not-configured","detail":"Set AUDIO_PROVIDER_URL + AUDIO_PROVIDER_KEY to enable direct audio-page resolution"}
12:42:48 PM [tsx] change in ./src\lib\story-resolve.ts Restarting...
◇ injected env (9) from .env
[2026-09-24T07:12:48.660Z] [INFO] Downloadit backend running on port 3001
[2026-09-24T07:12:48.661Z] [INFO] Configuration loaded {"NODE_ENV":"development","PORT":3001,"RESOLVER_PROVIDER":"puppeteer","CORS_ORIGIN":"http://localhost:3000","RESOLVER_TIMEOUT_MS":"15000","dotenvLoaded":true}
[2026-09-24T07:12:48.661Z] [INFO] Puppeteer provider active — headless Chrome will resolve Instagram URLs
[2026-09-24T07:12:48.661Z] [INFO] Audio provider status {"audioProvider":"not-configured","detail":"Set AUDIO_PROVIDER_URL + AUDIO_PROVIDER_KEY to enable direct audio-page resolution"}
12:43:18 PM [tsx] change in ./src\lib\story-resolve.ts Restarting...
◇ injected env (9) from .env
[2026-09-24T07:13:18.900Z] [INFO] Downloadit backend running on port 3001
[2026-09-24T07:13:18.901Z] [INFO] Configuration loaded {"NODE_ENV":"development","PORT":3001,"RESOLVER_PROVIDER":"puppeteer","CORS_ORIGIN":"http://localhost:3000","RESOLVER_TIMEOUT_MS":"15000","dotenvLoaded":true}
[2026-09-24T07:13:18.901Z] [INFO] Puppeteer provider active — headless Chrome will resolve Instagram URLs
[2026-09-24T07:13:18.901Z] [INFO] Audio provider status {"audioProvider":"not-configured","detail":"Set AUDIO_PROVIDER_URL + AUDIO_PROVIDER_KEY to enable direct audio-page resolution"}
12:43:44 PM [tsx] change in ./src\lib\story-resolve.ts Restarting...
◇ injected env (9) from .env
[2026-09-24T07:13:44.492Z] [INFO] Downloadit backend running on port 3001
[2026-09-24T07:13:44.493Z] [INFO] Configuration loaded {"NODE_ENV":"development","PORT":3001,"RESOLVER_PROVIDER":"puppeteer","CORS_ORIGIN":"http://localhost:3000","RESOLVER_TIMEOUT_MS":"15000","dotenvLoaded":true}
[2026-09-24T07:13:44.493Z] [INFO] Puppeteer provider active — headless Chrome will resolve Instagram URLs
[2026-09-24T07:13:44.493Z] [INFO] Audio provider status {"audioProvider":"not-configured","detail":"Set AUDIO_PROVIDER_URL + AUDIO_PROVIDER_KEY to enable direct audio-page resolution"}
12:44:14 PM [tsx] change in ./src\lib\story-resolve.ts Restarting...
◇ injected env (9) from .env
[2026-09-24T07:14:14.495Z] [INFO] Downloadit backend running on port 3001
[2026-09-24T07:14:14.496Z] [INFO] Configuration loaded {"NODE_ENV":"development","PORT":3001,"RESOLVER_PROVIDER":"puppeteer","CORS_ORIGIN":"http://localhost:3000","RESOLVER_TIMEOUT_MS":"15000","dotenvLoaded":true}
[2026-09-24T07:14:14.496Z] [INFO] Puppeteer provider active — headless Chrome will resolve Instagram URLs
[2026-09-24T07:14:14.496Z] [INFO] Audio provider status {"audioProvider":"not-configured","detail":"Set AUDIO_PROVIDER_URL + AUDIO_PROVIDER_KEY to enable direct audio-page resolution"}
[2026-09-24T07:15:49.225Z] [INFO] Resolving via dedicated story resolver {"url":"https://www.instagram.com/stories/irfan_04m/3992734228823635460"}
[2026-09-24T07:15:49.226Z] [INFO] [story-resolve] received Story URL {"normalizedUrl":"https://www.instagram.com/stories/irfan_04m/3992734228823635460","username":"irfan_04m","storyId":"3992734228823635460","highlightId":null,"extractor":"story-api-public-first","hasCookie":false,"attemptedPublic":true}
[2026-09-24T07:15:49.226Z] [WARN] [story-resolve] Instagram auth not configured for Story {"username":"irfan_04m","storyId":"3992734228823635460","reason":"not_configured","hasCookie":false}
[2026-09-24T07:15:49.226Z] [WARN] Resolve stream error {"requestId":"d0476df5ae9bcb01004ca4b38eeec553","code":"INSTAGRAM_AUTH_NOT_CONFIGURED","duration":3}
[2026-09-24T07:15:50.320Z] [INFO] Resolving via dedicated story resolver {"url":"https://www.instagram.com/stories/irfan_04m/3992734228823635460"}
[2026-09-24T07:15:50.320Z] [INFO] [story-resolve] received Story URL {"normalizedUrl":"https://www.instagram.com/stories/irfan_04m/3992734228823635460","username":"irfan_04m","storyId":"3992734228823635460","highlightId":null,"extractor":"story-api-public-first","hasCookie":false,"attemptedPublic":true}
[2026-09-24T07:15:50.320Z] [WARN] [story-resolve] Instagram auth not configured for Story {"username":"irfan_04m","storyId":"3992734228823635460","reason":"not_configured","hasCookie":false}
[2026-09-24T07:15:50.320Z] [WARN] Resolve stream error {"requestId":"9ec3f8135056028558e258a9b4ccde8b","code":"INSTAGRAM_AUTH_NOT_CONFIGURED","duration":1}
[2026-09-24T07:15:50.675Z] [INFO] Resolving via dedicated story resolver {"url":"https://www.instagram.com/stories/irfan_04m/3992734228823635460"}
[2026-09-24T07:15:50.675Z] [INFO] [story-resolve] received Story URL {"normalizedUrl":"https://www.instagram.com/stories/irfan_04m/3992734228823635460","username":"irfan_04m","storyId":"3992734228823635460","highlightId":null,"extractor":"story-api-public-first","hasCookie":false,"attemptedPublic":true}
[2026-09-24T07:15:50.675Z] [WARN] [story-resolve] Instagram auth not configured for Story {"username":"irfan_04m","storyId":"3992734228823635460","reason":"not_configured","hasCookie":false}
[2026-09-24T07:15:50.675Z] [WARN] Resolve stream error {"requestId":"6dc7a568fcaae6a5351bd7313145d0c4","code":"INSTAGRAM_AUTH_NOT_CONFIGURED","duration":1}
[2026-09-24T07:15:50.836Z] [INFO] Resolving via dedicated story resolver {"url":"https://www.instagram.com/stories/irfan_04m/3992734228823635460"}
[2026-09-24T07:15:50.836Z] [INFO] [story-resolve] received Story URL {"normalizedUrl":"https://www.instagram.com/stories/irfan_04m/3992734228823635460","username":"irfan_04m","storyId":"3992734228823635460","highlightId":null,"extractor":"story-api-public-first","hasCookie":false,"attemptedPublic":true}
[2026-09-24T07:15:50.836Z] [WARN] [story-resolve] Instagram auth not configured for Story {"username":"irfan_04m","storyId":"3992734228823635460","reason":"not_configured","hasCookie":false}
[2026-09-24T07:15:50.836Z] [WARN] Resolve stream error {"requestId":"6045ca301633efae6dd9b6ed1fa434b6","code":"INSTAGRAM_AUTH_NOT_CONFIGURED","duration":0}
[2026-09-24T07:15:51.186Z] [INFO] Resolving via dedicated story resolver {"url":"https://www.instagram.com/stories/irfan_04m/3992734228823635460"}
[2026-09-24T07:15:51.186Z] [INFO] [story-resolve] received Story URL {"normalizedUrl":"https://www.instagram.com/stories/irfan_04m/3992734228823635460","username":"irfan_04m","storyId":"3992734228823635460","highlightId":null,"extractor":"story-api-public-first","hasCookie":false,"attemptedPublic":true}
[2026-09-24T07:15:51.186Z] [WARN] [story-resolve] Instagram auth not configured for Story {"username":"irfan_04m","storyId":"3992734228823635460","reason":"not_configured","hasCookie":false}
[2026-09-24T07:15:51.186Z] [WARN] Resolve stream error {"requestId":"56a158cce5d6e8d82619ed19b409c9ca","code":"INSTAGRAM_AUTH_NOT_CONFIGURED","duration":1}
[2026-09-24T07:15:54.953Z] [INFO] Resolving via dedicated story resolver {"url":"https://www.instagram.com/stories/irfan_04m/3992734228823635460"}
[2026-09-24T07:15:54.953Z] [INFO] [story-resolve] received Story URL {"normalizedUrl":"https://www.instagram.com/stories/irfan_04m/3992734228823635460","username":"irfan_04m","storyId":"3992734228823635460","highlightId":null,"extractor":"story-api-public-first","hasCookie":false,"attemptedPublic":true}
[2026-09-24T07:15:54.953Z] [WARN] [story-resolve] Instagram auth not configured for Story {"username":"irfan_04m","storyId":"3992734228823635460","reason":"not_configured","hasCookie":false}
[2026-09-24T07:15:54.953Z] [WARN] Resolve stream error {"requestId":"a659899453186d755da3cf1afab1f5e8","code":"INSTAGRAM_AUTH_NOT_CONFIGURED","duration":0}
[2026-09-24T07:42:35.496Z] [INFO] Resolving via dedicated story resolver {"url":"https://www.instagram.com/stories/irfan_04m/3992734228823635460"}
[2026-09-24T07:42:35.496Z] [INFO] [story-resolve] received Story URL {"normalizedUrl":"https://www.instagram.com/stories/irfan_04m/3992734228823635460","username":"irfan_04m","storyId":"3992734228823635460","highlightId":null,"extractor":"story-api-public-first","hasCookie":false,"attemptedPublic":true}
[2026-09-24T07:42:35.496Z] [WARN] [story-resolve] Instagram auth not configured for Story {"username":"irfan_04m","storyId":"3992734228823635460","reason":"not_configured","hasCookie":false}
[2026-09-24T07:42:35.497Z] [WARN] Resolve stream error {"requestId":"0d2ac2cf474035ac6279a4b6b97c51e5","code":"INSTAGRAM_AUTH_NOT_CONFIGURED","duration":2}
1:14:33 PM [tsx] change in ./src\lib\story-resolve.ts Restarting...
◇ injected env (9) from .env
[2026-09-24T07:44:33.876Z] [INFO] Downloadit backend running on port 3001
[2026-09-24T07:44:33.877Z] [INFO] Configuration loaded {"NODE_ENV":"development","PORT":3001,"RESOLVER_PROVIDER":"puppeteer","CORS_ORIGIN":"http://localhost:3000","RESOLVER_TIMEOUT_MS":"15000","dotenvLoaded":true}
[2026-09-24T07:44:33.877Z] [INFO] Puppeteer provider active — headless Chrome will resolve Instagram URLs
[2026-09-24T07:44:33.877Z] [INFO] Audio provider status {"audioProvider":"not-configured","detail":"Set AUDIO_PROVIDER_URL + AUDIO_PROVIDER_KEY to enable direct audio-page resolution"}
1:14:55 PM [tsx] change in ./src\lib\story-resolve.ts Restarting...
◇ injected env (9) from .env
[2026-09-24T07:44:55.385Z] [INFO] Downloadit backend running on port 3001
[2026-09-24T07:44:55.386Z] [INFO] Configuration loaded {"NODE_ENV":"development","PORT":3001,"RESOLVER_PROVIDER":"puppeteer","CORS_ORIGIN":"http://localhost:3000","RESOLVER_TIMEOUT_MS":"15000","dotenvLoaded":true}
[2026-09-24T07:44:55.386Z] [INFO] Puppeteer provider active — headless Chrome will resolve Instagram URLs
[2026-09-24T07:44:55.386Z] [INFO] Audio provider status {"audioProvider":"not-configured","detail":"Set AUDIO_PROVIDER_URL + AUDIO_PROVIDER_KEY to enable direct audio-page resolution"}
1:15:32 PM [tsx] change in ./src\lib\story-resolve.ts Restarting...
◇ injected env (9) from .env
[2026-09-24T07:45:32.742Z] [INFO] Downloadit backend running on port 3001
[2026-09-24T07:45:32.742Z] [INFO] Configuration loaded {"NODE_ENV":"development","PORT":3001,"RESOLVER_PROVIDER":"puppeteer","CORS_ORIGIN":"http://localhost:3000","RESOLVER_TIMEOUT_MS":"15000","dotenvLoaded":true}
[2026-09-24T07:45:32.742Z] [INFO] Puppeteer provider active — headless Chrome will resolve Instagram URLs
[2026-09-24T07:45:32.742Z] [INFO] Audio provider status {"audioProvider":"not-configured","detail":"Set AUDIO_PROVIDER_URL + AUDIO_PROVIDER_KEY to enable direct audio-page resolution"}
[2026-09-24T08:52:49.993Z] [INFO] Resolving via dedicated story resolver {"url":"https://www.instagram.com/stories/irfan_04m/3992734228823635460"}
[2026-09-24T08:52:49.994Z] [INFO] [story-resolve] received Story URL {"normalizedUrl":"https://www.instagram.com/stories/irfan_04m/3992734228823635460","username":"irfan_04m","storyId":"3992734228823635460","highlightId":null,"extractor":"story-api-public-first","hasCookie":false,"attemptedPublic":true}
[2026-09-24T08:52:49.994Z] [INFO] [story-resolve] attempting direct Story ID resolution {"username":"irfan_04m","storyId":"3992734228823635460","normalizedUrl":"https://www.instagram.com/stories/irfan_04m/3992734228823635460","extractor":"direct-story-id","hasCookie":false}
[2026-09-24T08:52:52.965Z] [INFO] [story-resolve] direct_story_public fetch {"status":200,"hasJson":false,"textLength":425469,"usedCookie":false,"attemptedPublic":true}
[2026-09-24T08:52:54.492Z] [INFO] [story-resolve] direct_story_public fetch {"status":404,"hasJson":false,"textLength":20942,"usedCookie":false,"attemptedPublic":true}
[2026-09-24T08:52:54.493Z] [INFO] [story-resolve] direct story not found at media info endpoint, will try HTML fallback {"storyId":"3992734228823635460"}
[2026-09-24T08:52:55.223Z] [INFO] [story-resolve] falling back to username Story list for direct URL {"username":"irfan_04m","storyId":"3992734228823635460","hasCookie":false}
[2026-09-24T08:52:55.309Z] [INFO] [story-resolve] web_profile_info_public fetch {"status":429,"hasJson":false,"textLength":0,"usedCookie":false,"attemptedPublic":true}
[2026-09-24T08:52:55.310Z] [WARN] Resolve stream error {"requestId":"364a4782f6b2d915a6de9ca92e9bf498","code":"PROVIDER_RATE_LIMITED","duration":5319}
2:25:13 PM [tsx] change in ./src\lib\story-resolve.ts Restarting...
◇ injected env (9) from .env
[2026-09-24T08:55:13.696Z] [INFO] Downloadit backend running on port 3001
[2026-09-24T08:55:13.696Z] [INFO] Configuration loaded {"NODE_ENV":"development","PORT":3001,"RESOLVER_PROVIDER":"puppeteer","CORS_ORIGIN":"http://localhost:3000","RESOLVER_TIMEOUT_MS":"15000","dotenvLoaded":true}
[2026-09-24T08:55:13.697Z] [INFO] Puppeteer provider active — headless Chrome will resolve Instagram URLs
[2026-09-24T08:55:13.697Z] [INFO] Audio provider status {"audioProvider":"not-configured","detail":"Set AUDIO_PROVIDER_URL + AUDIO_PROVIDER_KEY to enable direct audio-page resolution"}
2:25:36 PM [tsx] change in ./src\lib\story-resolve.ts Restarting...
◇ injected env (9) from .env
[2026-09-24T08:55:36.519Z] [INFO] Downloadit backend running on port 3001
[2026-09-24T08:55:36.520Z] [INFO] Configuration loaded {"NODE_ENV":"development","PORT":3001,"RESOLVER_PROVIDER":"puppeteer","CORS_ORIGIN":"http://localhost:3000","RESOLVER_TIMEOUT_MS":"15000","dotenvLoaded":true}
[2026-09-24T08:55:36.520Z] [INFO] Puppeteer provider active — headless Chrome will resolve Instagram URLs
[2026-09-24T08:55:36.520Z] [INFO] Audio provider status {"audioProvider":"not-configured","detail":"Set AUDIO_PROVIDER_URL + AUDIO_PROVIDER_KEY to enable direct audio-page resolution"}
2:25:48 PM [tsx] change in ./src\lib\story-resolve.ts Restarting...
◇ injected env (9) from .env
[2026-09-24T08:55:48.440Z] [INFO] Downloadit backend running on port 3001
[2026-09-24T08:55:48.441Z] [INFO] Configuration loaded {"NODE_ENV":"development","PORT":3001,"RESOLVER_PROVIDER":"puppeteer","CORS_ORIGIN":"http://localhost:3000","RESOLVER_TIMEOUT_MS":"15000","dotenvLoaded":true}
[2026-09-24T08:55:48.441Z] [INFO] Puppeteer provider active — headless Chrome will resolve Instagram URLs
[2026-09-24T08:55:48.441Z] [INFO] Audio provider status {"audioProvider":"not-configured","detail":"Set AUDIO_PROVIDER_URL + AUDIO_PROVIDER_KEY to enable direct audio-page resolution"}
2:26:12 PM [tsx] change in ./src\lib\story-resolve.ts Restarting...
◇ injected env (9) from .env
[2026-09-24T08:56:12.395Z] [INFO] Downloadit backend running on port 3001
[2026-09-24T08:56:12.396Z] [INFO] Configuration loaded {"NODE_ENV":"development","PORT":3001,"RESOLVER_PROVIDER":"puppeteer","CORS_ORIGIN":"http://localhost:3000","RESOLVER_TIMEOUT_MS":"15000","dotenvLoaded":true}
[2026-09-24T08:56:12.396Z] [INFO] Puppeteer provider active — headless Chrome will resolve Instagram URLs
[2026-09-24T08:56:12.396Z] [INFO] Audio provider status {"audioProvider":"not-configured","detail":"Set AUDIO_PROVIDER_URL + AUDIO_PROVIDER_KEY to enable direct audio-page resolution"}
2:26:43 PM [tsx] change in ./src\lib\story-resolve.ts Restarting...
◇ injected env (9) from .env
[2026-09-24T08:56:43.579Z] [INFO] Downloadit backend running on port 3001
[2026-09-24T08:56:43.580Z] [INFO] Configuration loaded {"NODE_ENV":"development","PORT":3001,"RESOLVER_PROVIDER":"puppeteer","CORS_ORIGIN":"http://localhost:3000","RESOLVER_TIMEOUT_MS":"15000","dotenvLoaded":true}
[2026-09-24T08:56:43.580Z] [INFO] Puppeteer provider active — headless Chrome will resolve Instagram URLs
[2026-09-24T08:56:43.580Z] [INFO] Audio provider status {"audioProvider":"not-configured","detail":"Set AUDIO_PROVIDER_URL + AUDIO_PROVIDER_KEY to enable direct audio-page resolution"}
2:27:01 PM [tsx] change in ./src\lib\story-resolve.ts Restarting...
◇ injected env (9) from .env
[2026-09-24T08:57:01.954Z] [INFO] Downloadit backend running on port 3001
[2026-09-24T08:57:01.954Z] [INFO] Configuration loaded {"NODE_ENV":"development","PORT":3001,"RESOLVER_PROVIDER":"puppeteer","CORS_ORIGIN":"http://localhost:3000","RESOLVER_TIMEOUT_MS":"15000","dotenvLoaded":true}
[2026-09-24T08:57:01.954Z] [INFO] Puppeteer provider active — headless Chrome will resolve Instagram URLs
[2026-09-24T08:57:01.954Z] [INFO] Audio provider status {"audioProvider":"not-configured","detail":"Set AUDIO_PROVIDER_URL + AUDIO_PROVIDER_KEY to enable direct audio-page resolution"}
2:27:34 PM [tsx] change in ./src\lib\story-resolve.ts Restarting...
◇ injected env (9) from .env
[2026-09-24T08:57:35.109Z] [INFO] Downloadit backend running on port 3001
[2026-09-24T08:57:35.110Z] [INFO] Configuration loaded {"NODE_ENV":"development","PORT":3001,"RESOLVER_PROVIDER":"puppeteer","CORS_ORIGIN":"http://localhost:3000","RESOLVER_TIMEOUT_MS":"15000","dotenvLoaded":true}
[2026-09-24T08:57:35.110Z] [INFO] Puppeteer provider active — headless Chrome will resolve Instagram URLs
[2026-09-24T08:57:35.110Z] [INFO] Audio provider status {"audioProvider":"not-configured","detail":"Set AUDIO_PROVIDER_URL + AUDIO_PROVIDER_KEY to enable direct audio-page resolution"}
2:27:53 PM [tsx] change in ./src\lib\story-resolve.ts Restarting...
◇ injected env (9) from .env
[2026-09-24T08:57:54.135Z] [INFO] Downloadit backend running on port 3001
[2026-09-24T08:57:54.137Z] [INFO] Configuration loaded {"NODE_ENV":"development","PORT":3001,"RESOLVER_PROVIDER":"puppeteer","CORS_ORIGIN":"http://localhost:3000","RESOLVER_TIMEOUT_MS":"15000","dotenvLoaded":true}
[2026-09-24T08:57:54.137Z] [INFO] Puppeteer provider active — headless Chrome will resolve Instagram URLs
[2026-09-24T08:57:54.137Z] [INFO] Audio provider status {"audioProvider":"not-configured","detail":"Set AUDIO_PROVIDER_URL + AUDIO_PROVIDER_KEY to enable direct audio-page resolution"}
2:28:03 PM [tsx] change in ./src\lib\story-resolve.ts Restarting...
◇ injected env (9) from .env
[2026-09-24T08:58:04.182Z] [INFO] Downloadit backend running on port 3001
[2026-09-24T08:58:04.183Z] [INFO] Configuration loaded {"NODE_ENV":"development","PORT":3001,"RESOLVER_PROVIDER":"puppeteer","CORS_ORIGIN":"http://localhost:3000","RESOLVER_TIMEOUT_MS":"15000","dotenvLoaded":true}
[2026-09-24T08:58:04.183Z] [INFO] Puppeteer provider active — headless Chrome will resolve Instagram URLs
[2026-09-24T08:58:04.183Z] [INFO] Audio provider status {"audioProvider":"not-configured","detail":"Set AUDIO_PROVIDER_URL + AUDIO_PROVIDER_KEY to enable direct audio-page resolution"}
2:28:29 PM [tsx] change in ./src\lib\story-resolve.ts Restarting...
◇ injected env (9) from .env
[2026-09-24T08:58:29.445Z] [INFO] Downloadit backend running on port 3001
[2026-09-24T08:58:29.446Z] [INFO] Configuration loaded {"NODE_ENV":"development","PORT":3001,"RESOLVER_PROVIDER":"puppeteer","CORS_ORIGIN":"http://localhost:3000","RESOLVER_TIMEOUT_MS":"15000","dotenvLoaded":true}
[2026-09-24T08:58:29.446Z] [INFO] Puppeteer provider active — headless Chrome will resolve Instagram URLs
[2026-09-24T08:58:29.446Z] [INFO] Audio provider status {"audioProvider":"not-configured","detail":"Set AUDIO_PROVIDER_URL + AUDIO_PROVIDER_KEY to enable direct audio-page resolution"}
2:28:42 PM [tsx] change in ./src\lib\story-resolve.ts Restarting...
◇ injected env (9) from .env
[2026-09-24T08:58:42.847Z] [INFO] Downloadit backend running on port 3001
[2026-09-24T08:58:42.848Z] [INFO] Configuration loaded {"NODE_ENV":"development","PORT":3001,"RESOLVER_PROVIDER":"puppeteer","CORS_ORIGIN":"http://localhost:3000","RESOLVER_TIMEOUT_MS":"15000","dotenvLoaded":true}
[2026-09-24T08:58:42.848Z] [INFO] Puppeteer provider active — headless Chrome will resolve Instagram URLs
[2026-09-24T08:58:42.848Z] [INFO] Audio provider status {"audioProvider":"not-configured","detail":"Set AUDIO_PROVIDER_URL + AUDIO_PROVIDER_KEY to enable direct audio-page resolution"}
2:29:03 PM [tsx] change in ./src\lib\story-resolve.ts Restarting...
◇ injected env (9) from .env
[2026-09-24T08:59:03.766Z] [INFO] Downloadit backend running on port 3001
[2026-09-24T08:59:03.767Z] [INFO] Configuration loaded {"NODE_ENV":"development","PORT":3001,"RESOLVER_PROVIDER":"puppeteer","CORS_ORIGIN":"http://localhost:3000","RESOLVER_TIMEOUT_MS":"15000","dotenvLoaded":true}
[2026-09-24T08:59:03.767Z] [INFO] Puppeteer provider active — headless Chrome will resolve Instagram URLs
[2026-09-24T08:59:03.767Z] [INFO] Audio provider status {"audioProvider":"not-configured","detail":"Set AUDIO_PROVIDER_URL + AUDIO_PROVIDER_KEY to enable direct audio-page resolution"}
2:29:12 PM [tsx] change in ./src\lib\story-resolve.ts Restarting...
◇ injected env (9) from .env
[2026-09-24T08:59:12.982Z] [INFO] Downloadit backend running on port 3001
[2026-09-24T08:59:12.983Z] [INFO] Configuration loaded {"NODE_ENV":"development","PORT":3001,"RESOLVER_PROVIDER":"puppeteer","CORS_ORIGIN":"http://localhost:3000","RESOLVER_TIMEOUT_MS":"15000","dotenvLoaded":true}
[2026-09-24T08:59:12.983Z] [INFO] Puppeteer provider active — headless Chrome will resolve Instagram URLs
[2026-09-24T08:59:12.983Z] [INFO] Audio provider status {"audioProvider":"not-configured","detail":"Set AUDIO_PROVIDER_URL + AUDIO_PROVIDER_KEY to enable direct audio-page resolution"}
2:29:18 PM [tsx] change in ./src\lib\story-resolve.ts Restarting...
◇ injected env (9) from .env
[2026-09-24T08:59:18.594Z] [INFO] Downloadit backend running on port 3001
[2026-09-24T08:59:18.595Z] [INFO] Configuration loaded {"NODE_ENV":"development","PORT":3001,"RESOLVER_PROVIDER":"puppeteer","CORS_ORIGIN":"http://localhost:3000","RESOLVER_TIMEOUT_MS":"15000","dotenvLoaded":true}
[2026-09-24T08:59:18.595Z] [INFO] Puppeteer provider active — headless Chrome will resolve Instagram URLs
[2026-09-24T08:59:18.595Z] [INFO] Audio provider status {"audioProvider":"not-configured","detail":"Set AUDIO_PROVIDER_URL + AUDIO_PROVIDER_KEY to enable direct audio-page resolution"}
2:29:25 PM [tsx] change in ./src\lib\story-resolve.ts Restarting...
◇ injected env (9) from .env
[2026-09-24T08:59:25.663Z] [INFO] Downloadit backend running on port 3001
[2026-09-24T08:59:25.664Z] [INFO] Configuration loaded {"NODE_ENV":"development","PORT":3001,"RESOLVER_PROVIDER":"puppeteer","CORS_ORIGIN":"http://localhost:3000","RESOLVER_TIMEOUT_MS":"15000","dotenvLoaded":true}
[2026-09-24T08:59:25.664Z] [INFO] Puppeteer provider active — headless Chrome will resolve Instagram URLs
[2026-09-24T08:59:25.664Z] [INFO] Audio provider status {"audioProvider":"not-configured","detail":"Set AUDIO_PROVIDER_URL + AUDIO_PROVIDER_KEY to enable direct audio-page resolution"}
2:29:48 PM [tsx] change in ./src\lib\story-resolve.ts Restarting...
◇ injected env (9) from .env
[2026-09-24T08:59:49.191Z] [INFO] Downloadit backend running on port 3001
[2026-09-24T08:59:49.192Z] [INFO] Configuration loaded {"NODE_ENV":"development","PORT":3001,"RESOLVER_PROVIDER":"puppeteer","CORS_ORIGIN":"http://localhost:3000","RESOLVER_TIMEOUT_MS":"15000","dotenvLoaded":true}
[2026-09-24T08:59:49.192Z] [INFO] Puppeteer provider active — headless Chrome will resolve Instagram URLs
[2026-09-24T08:59:49.192Z] [INFO] Audio provider status {"audioProvider":"not-configured","detail":"Set AUDIO_PROVIDER_URL + AUDIO_PROVIDER_KEY to enable direct audio-page resolution"}
2:31:13 PM [tsx] change in ./src\lib\story-resolve.ts Restarting...
◇ injected env (9) from .env
[2026-09-24T09:01:13.576Z] [INFO] Downloadit backend running on port 3001
[2026-09-24T09:01:13.576Z] [INFO] Configuration loaded {"NODE_ENV":"development","PORT":3001,"RESOLVER_PROVIDER":"puppeteer","CORS_ORIGIN":"http://localhost:3000","RESOLVER_TIMEOUT_MS":"15000","dotenvLoaded":true}
[2026-09-24T09:01:13.576Z] [INFO] Puppeteer provider active — headless Chrome will resolve Instagram URLs
[2026-09-24T09:01:13.576Z] [INFO] Audio provider status {"audioProvider":"not-configured","detail":"Set AUDIO_PROVIDER_URL + AUDIO_PROVIDER_KEY to enable direct audio-page resolution"}
2:31:41 PM [tsx] change in ./src\lib\story-resolve.ts Restarting...
◇ injected env (9) from .env
[2026-09-24T09:01:42.288Z] [INFO] Downloadit backend running on port 3001
[2026-09-24T09:01:42.289Z] [INFO] Configuration loaded {"NODE_ENV":"development","PORT":3001,"RESOLVER_PROVIDER":"puppeteer","CORS_ORIGIN":"http://localhost:3000","RESOLVER_TIMEOUT_MS":"15000","dotenvLoaded":true}
[2026-09-24T09:01:42.289Z] [INFO] Puppeteer provider active — headless Chrome will resolve Instagram URLs
[2026-09-24T09:01:42.289Z] [INFO] Audio provider status {"audioProvider":"not-configured","detail":"Set AUDIO_PROVIDER_URL + AUDIO_PROVIDER_KEY to enable direct audio-page resolution"}
2:32:12 PM [tsx] change in ./src\lib\story-resolve.ts Restarting...
◇ injected env (9) from .env
[2026-09-24T09:02:12.380Z] [INFO] Downloadit backend running on port 3001
[2026-09-24T09:02:12.381Z] [INFO] Configuration loaded {"NODE_ENV":"development","PORT":3001,"RESOLVER_PROVIDER":"puppeteer","CORS_ORIGIN":"http://localhost:3000","RESOLVER_TIMEOUT_MS":"15000","dotenvLoaded":true}
[2026-09-24T09:02:12.381Z] [INFO] Puppeteer provider active — headless Chrome will resolve Instagram URLs
[2026-09-24T09:02:12.381Z] [INFO] Audio provider status {"audioProvider":"not-configured","detail":"Set AUDIO_PROVIDER_URL + AUDIO_PROVIDER_KEY to enable direct audio-page resolution"}
2:32:54 PM [tsx] change in ./src\lib\story-resolve.ts Restarting...
◇ injected env (9) from .env
[2026-09-24T09:02:55.270Z] [INFO] Downloadit backend running on port 3001
[2026-09-24T09:02:55.270Z] [INFO] Configuration loaded {"NODE_ENV":"development","PORT":3001,"RESOLVER_PROVIDER":"puppeteer","CORS_ORIGIN":"http://localhost:3000","RESOLVER_TIMEOUT_MS":"15000","dotenvLoaded":true}
[2026-09-24T09:02:55.270Z] [INFO] Puppeteer provider active — headless Chrome will resolve Instagram URLs
[2026-09-24T09:02:55.270Z] [INFO] Audio provider status {"audioProvider":"not-configured","detail":"Set AUDIO_PROVIDER_URL + AUDIO_PROVIDER_KEY to enable direct audio-page resolution"}
[2026-09-24T09:11:07.485Z] [INFO] Resolving via dedicated story resolver {"url":"https://www.instagram.com/stories/irfan_04m/3992734228823635460"}
[2026-09-24T09:11:07.485Z] [INFO] [story-resolve] received Story URL {"normalizedUrl":"https://www.instagram.com/stories/irfan_04m/3992734228823635460","username":"irfan_04m","storyId":"3992734228823635460","highlightId":null,"extractor":"story-api-public-first","hasCookie":false,"attemptedPublic":true}
[2026-09-24T09:11:07.486Z] [INFO] [story-resolve] attempting direct Story ID resolution {"username":"irfan_04m","storyId":"3992734228823635460","normalizedUrl":"https://www.instagram.com/stories/irfan_04m/3992734228823635460","extractor":"direct-story-id","hasCookie":false}
[2026-09-24T09:11:08.269Z] [INFO] [story-resolve] request #1 direct_story status=200 {"endpoint":"direct_story","status":200,"public":true,"authenticated":false,"sequence":1,"elapsedMs":783,"hasJson":false,"saw429":false}
[2026-09-24T09:11:08.590Z] [INFO] [story-resolve] request #2 direct_story_page status=200 {"endpoint":"direct_story_page","status":200,"public":true,"sequence":2,"elapsedMs":321,"hasJson":false,"isHtml":true}
[2026-09-24T09:11:08.692Z] [INFO] [story-resolve] falling back to username Story list for direct URL {"username":"irfan_04m","storyId":"3992734228823635460","hasCookie":false,"rateLimited":false}
[2026-09-24T09:11:09.015Z] [INFO] [story-resolve] request #3 web_profile_info status=401 {"endpoint":"web_profile_info","status":401,"public":true,"authenticated":false,"sequence":3,"elapsedMs":323,"hasJson":true,"saw429":false}
[2026-09-24T09:11:09.015Z] [INFO] [story-resolve] public api requires auth, trying html fallback {"username":"irfan_04m","status":401,"hasCookie":false}
[2026-09-24T09:11:09.316Z] [INFO] [story-resolve] request #4 profile_html status=200 {"endpoint":"profile_html","status":200,"public":true,"sequence":4,"elapsedMs":301,"hasJson":false,"isHtml":true}
[2026-09-24T09:11:09.573Z] [INFO] [story-resolve] userId via html {"username":"irfan_04m","userIdLength":11}
[2026-09-24T09:11:09.898Z] [INFO] [story-resolve] request #5 reels_media_public status=200 {"endpoint":"reels_media_public","status":200,"public":true,"authenticated":false,"sequence":5,"elapsedMs":325,"hasJson":true,"saw429":false}
[2026-09-24T09:11:09.898Z] [INFO] [story-resolve] reels_media parsed {"itemCount":0,"usedCookie":false}
[2026-09-24T09:11:09.898Z] [WARN] Resolve stream error {"requestId":"1e36352da39b3b0c2c7f4940774ab383","code":"INSTAGRAM_AUTH_NOT_CONFIGURED","duration":2416}
[2026-09-24T09:17:07.987Z] [INFO] Resolving via dedicated story resolver {"url":"https://www.instagram.com/stories/irfan_04m/3992734228823635460"}
[2026-09-24T09:17:07.987Z] [INFO] [story-resolve] received Story URL {"normalizedUrl":"https://www.instagram.com/stories/irfan_04m/3992734228823635460","username":"irfan_04m","storyId":"3992734228823635460","highlightId":null,"extractor":"story-api-public-first","hasCookie":false,"attemptedPublic":true}
[2026-09-24T09:17:07.988Z] [INFO] [story-resolve] attempting direct Story ID resolution {"username":"irfan_04m","storyId":"3992734228823635460","normalizedUrl":"https://www.instagram.com/stories/irfan_04m/3992734228823635460","extractor":"direct-story-id","hasCookie":false}
[2026-09-24T09:17:09.219Z] [INFO] [story-resolve] request #1 direct_story status=200 {"endpoint":"direct_story","status":200,"public":true,"authenticated":false,"sequence":1,"elapsedMs":1231,"hasJson":false,"saw429":false}
[2026-09-24T09:17:09.532Z] [INFO] [story-resolve] request #2 direct_story_page status=200 {"endpoint":"direct_story_page","status":200,"public":true,"sequence":2,"elapsedMs":313,"hasJson":false,"isHtml":true}
[2026-09-24T09:17:09.628Z] [INFO] [story-resolve] falling back to username Story list for direct URL {"username":"irfan_04m","storyId":"3992734228823635460","hasCookie":false,"rateLimited":false}
[2026-09-24T09:17:10.003Z] [INFO] [story-resolve] request #3 web_profile_info status=401 {"endpoint":"web_profile_info","status":401,"public":true,"authenticated":false,"sequence":3,"elapsedMs":375,"hasJson":true,"saw429":false}
[2026-09-24T09:17:10.003Z] [INFO] [story-resolve] public api requires auth, trying html fallback {"username":"irfan_04m","status":401,"hasCookie":false}
[2026-09-24T09:17:10.350Z] [INFO] [story-resolve] request #4 profile_html status=200 {"endpoint":"profile_html","status":200,"public":true,"sequence":4,"elapsedMs":347,"hasJson":false,"isHtml":true}
[2026-09-24T09:17:10.586Z] [INFO] [story-resolve] userId via html {"username":"irfan_04m","userIdLength":11}
[2026-09-24T09:17:10.902Z] [INFO] [story-resolve] request #5 reels_media_public status=200 {"endpoint":"reels_media_public","status":200,"public":true,"authenticated":false,"sequence":5,"elapsedMs":316,"hasJson":true,"saw429":false}
[2026-09-24T09:17:10.902Z] [INFO] [story-resolve] reels_media parsed {"itemCount":0,"usedCookie":false}
[2026-09-24T09:17:10.903Z] [WARN] Resolve stream error {"requestId":"6a51a1ab59fccc58aa280f872639b941","code":"INSTAGRAM_AUTH_NOT_CONFIGURED","duration":2916}
2:49:01 PM [tsx] change in ./src\lib\story-resolve.ts Restarting...
◇ injected env (9) from .env
[2026-09-24T09:19:01.652Z] [INFO] Downloadit backend running on port 3001
[2026-09-24T09:19:01.652Z] [INFO] Configuration loaded {"NODE_ENV":"development","PORT":3001,"RESOLVER_PROVIDER":"puppeteer","CORS_ORIGIN":"http://localhost:3000","RESOLVER_TIMEOUT_MS":"15000","dotenvLoaded":true}
[2026-09-24T09:19:01.653Z] [INFO] Puppeteer provider active — headless Chrome will resolve Instagram URLs
[2026-09-24T09:19:01.653Z] [INFO] Audio provider status {"audioProvider":"not-configured","detail":"Set AUDIO_PROVIDER_URL + AUDIO_PROVIDER_KEY to enable direct audio-page resolution"}
2:49:38 PM [tsx] change in ./src\lib\story-resolve.ts Restarting...
◇ injected env (9) from .env
[2026-09-24T09:19:38.489Z] [INFO] Downloadit backend running on port 3001
[2026-09-24T09:19:38.490Z] [INFO] Configuration loaded {"NODE_ENV":"development","PORT":3001,"RESOLVER_PROVIDER":"puppeteer","CORS_ORIGIN":"http://localhost:3000","RESOLVER_TIMEOUT_MS":"15000","dotenvLoaded":true}
[2026-09-24T09:19:38.490Z] [INFO] Puppeteer provider active — headless Chrome will resolve Instagram URLs
[2026-09-24T09:19:38.490Z] [INFO] Audio provider status {"audioProvider":"not-configured","detail":"Set AUDIO_PROVIDER_URL + AUDIO_PROVIDER_KEY to enable direct audio-page resolution"}
[2026-09-24T09:22:14.751Z] [INFO] Resolving via dedicated story resolver {"url":"https://www.instagram.com/stories/irfan_04m/3992734228823635460"}
[2026-09-24T09:22:14.752Z] [INFO] [story-resolve] received Story URL {"normalizedUrl":"https://www.instagram.com/stories/irfan_04m/3992734228823635460","username":"irfan_04m","storyId":"3992734228823635460","highlightId":null,"extractor":"story-api-public-first","hasCookie":false,"attemptedPublic":true}
[2026-09-24T09:22:14.753Z] [INFO] [story-resolve] attempting direct Story ID resolution {"username":"irfan_04m","storyId":"3992734228823635460","normalizedUrl":"https://www.instagram.com/stories/irfan_04m/3992734228823635460","extractor":"direct-story-id","hasCookie":false}
[2026-09-24T09:22:15.838Z] [INFO] [story-resolve] request #1 direct_story status=200 {"endpoint":"direct_story","status":200,"public":true,"authenticated":false,"sequence":1,"elapsedMs":1085,"hasJson":false,"saw429":false}
[2026-09-24T09:22:16.163Z] [INFO] [story-resolve] request #2 direct_story_page status=200 {"endpoint":"direct_story_page","status":200,"public":true,"sequence":2,"elapsedMs":325,"hasJson":false,"isHtml":true}
[2026-09-24T09:22:16.264Z] [INFO] [story-resolve] falling back to username Story list for direct URL {"username":"irfan_04m","storyId":"3992734228823635460","hasCookie":false,"rateLimited":false}
[2026-09-24T09:22:16.726Z] [INFO] [story-resolve] request #3 web_profile_info status=401 {"endpoint":"web_profile_info","status":401,"public":true,"authenticated":false,"sequence":3,"elapsedMs":461,"hasJson":true,"saw429":false}
[2026-09-24T09:22:16.726Z] [INFO] [story-resolve] public api requires auth, trying html fallback {"username":"irfan_04m","status":401,"hasCookie":false}
[2026-09-24T09:22:17.130Z] [INFO] [story-resolve] request #4 profile_html status=200 {"endpoint":"profile_html","status":200,"public":true,"sequence":4,"elapsedMs":404,"hasJson":false,"isHtml":true}
[2026-09-24T09:22:17.606Z] [INFO] [story-resolve] userId via html {"username":"irfan_04m","userIdLength":11}
[2026-09-24T09:22:17.919Z] [INFO] [story-resolve] request #5 reels_media_public status=200 {"endpoint":"reels_media_public","status":200,"public":true,"authenticated":false,"sequence":5,"elapsedMs":313,"hasJson":true,"saw429":false}
[2026-09-24T09:22:17.920Z] [INFO] [story-resolve] reels_media parsed {"itemCount":0,"usedCookie":false}
[2026-09-24T09:22:17.920Z] [WARN] Resolve stream error {"requestId":"668aadd27dd70f4b7d9d857f1abbb37d","code":"STORY_NOT_FOUND","duration":3171}
[2026-09-24T09:23:29.650Z] [INFO] Resolving via dedicated story resolver {"url":"https://www.instagram.com/stories/highlights/17944832396967705/"}
[2026-09-24T09:23:29.650Z] [INFO] [story-resolve] received Story URL {"normalizedUrl":"https://www.instagram.com/stories/highlights/17944832396967705/","username":null,"storyId":null,"highlightId":"17944832396967705","extractor":"story-api-public-first","hasCookie":false,"attemptedPublic":true}
[2026-09-24T09:23:30.320Z] [INFO] [story-resolve] request #1 highlight_reels_media status=200 {"endpoint":"highlight_reels_media","status":200,"public":true,"authenticated":false,"sequence":1,"elapsedMs":670,"hasJson":true,"saw429":false}
[2026-09-24T09:23:30.321Z] [WARN] Resolve stream error {"requestId":"2a89e7f5be825ed5f3b3aaf50b00921d","code":"CONTENT_NOT_FOUND","duration":672}
2:55:19 PM [tsx] change in ./src\lib\story-resolve.ts Restarting...
◇ injected env (9) from .env
[2026-09-24T09:25:20.216Z] [INFO] Downloadit backend running on port 3001
[2026-09-24T09:25:20.217Z] [INFO] Configuration loaded {"NODE_ENV":"development","PORT":3001,"RESOLVER_PROVIDER":"puppeteer","CORS_ORIGIN":"http://localhost:3000","RESOLVER_TIMEOUT_MS":"15000","dotenvLoaded":true}
[2026-09-24T09:25:20.217Z] [INFO] Puppeteer provider active — headless Chrome will resolve Instagram URLs
[2026-09-24T09:25:20.217Z] [INFO] Audio provider status {"audioProvider":"not-configured","detail":"Set AUDIO_PROVIDER_URL + AUDIO_PROVIDER_KEY to enable direct audio-page resolution"}
[2026-09-24T09:31:40.169Z] [INFO] Resolving via dedicated story resolver {"url":"https://www.instagram.com/stories/highlights/17944832396967705/"}
[2026-09-24T09:31:40.170Z] [INFO] [story-resolve] received Story URL {"normalizedUrl":"https://www.instagram.com/stories/highlights/17944832396967705/","username":null,"storyId":null,"highlightId":"17944832396967705","extractor":"story-api-public-first","hasCookie":false,"attemptedPublic":true}
[2026-09-24T09:31:40.698Z] [INFO] [story-resolve] request #1 highlight_reels_media status=200 {"endpoint":"highlight_reels_media","status":200,"public":true,"authenticated":false,"sequence":1,"elapsedMs":527,"hasJson":true,"saw429":false}
[2026-09-24T09:31:40.698Z] [WARN] Resolve stream error {"requestId":"c1ec404dbd785aacc0818c5df61cd7c2","code":"CONTENT_NOT_FOUND","duration":531}
[2026-09-24T09:32:07.200Z] [INFO] Resolving via dedicated story resolver {"url":"https://www.instagram.com/stories/irfan_04m/3992734228823635460"}
[2026-09-24T09:32:07.200Z] [INFO] [story-resolve] received Story URL {"normalizedUrl":"https://www.instagram.com/stories/irfan_04m/3992734228823635460","username":"irfan_04m","storyId":"3992734228823635460","highlightId":null,"extractor":"story-api-public-first","hasCookie":false,"attemptedPublic":true}
[2026-09-24T09:32:07.201Z] [INFO] [story-resolve] attempting direct Story ID resolution {"username":"irfan_04m","storyId":"3992734228823635460","normalizedUrl":"https://www.instagram.com/stories/irfan_04m/3992734228823635460","extractor":"direct-story-id","hasCookie":false}
[2026-09-24T09:32:07.938Z] [INFO] [story-resolve] request #1 direct_story status=200 {"endpoint":"direct_story","status":200,"public":true,"authenticated":false,"sequence":1,"elapsedMs":737,"hasJson":false,"saw429":false}
[2026-09-24T09:32:08.265Z] [INFO] [story-resolve] request #2 direct_story_page status=200 {"endpoint":"direct_story_page","status":200,"public":true,"sequence":2,"elapsedMs":327,"hasJson":false,"isHtml":true}
[2026-09-24T09:32:08.600Z] [INFO] [story-resolve] falling back to username Story list for direct URL {"username":"irfan_04m","storyId":"3992734228823635460","hasCookie":false,"rateLimited":false}
[2026-09-24T09:32:08.931Z] [INFO] [story-resolve] request #3 web_profile_info status=401 {"endpoint":"web_profile_info","status":401,"public":true,"authenticated":false,"sequence":3,"elapsedMs":331,"hasJson":true,"saw429":false}
[2026-09-24T09:32:08.931Z] [INFO] [story-resolve] public api requires auth, trying html fallback {"username":"irfan_04m","status":401,"hasCookie":false}
[2026-09-24T09:32:09.220Z] [INFO] [story-resolve] request #4 profile_html status=200 {"endpoint":"profile_html","status":200,"public":true,"sequence":4,"elapsedMs":289,"hasJson":false,"isHtml":true}
[2026-09-24T09:32:09.428Z] [INFO] [story-resolve] userId via html {"username":"irfan_04m","userIdLength":11}
[2026-09-24T09:32:09.725Z] [INFO] [story-resolve] request #5 reels_media_public status=200 {"endpoint":"reels_media_public","status":200,"public":true,"authenticated":false,"sequence":5,"elapsedMs":297,"hasJson":true,"saw429":false}
[2026-09-24T09:32:09.725Z] [INFO] [story-resolve] reels_media parsed {"itemCount":0,"usedCookie":false}
[2026-09-24T09:32:09.725Z] [WARN] Resolve stream error {"requestId":"25c80bf029455fcbdf39c538f03d770b","code":"STORY_NOT_FOUND","duration":2526}
3:03:10 PM [tsx] change in ./src\lib\story-resolve.ts Restarting...
◇ injected env (9) from .env
[2026-09-24T09:33:11.248Z] [INFO] Downloadit backend running on port 3001
[2026-09-24T09:33:11.249Z] [INFO] Configuration loaded {"NODE_ENV":"development","PORT":3001,"RESOLVER_PROVIDER":"puppeteer","CORS_ORIGIN":"http://localhost:3000","RESOLVER_TIMEOUT_MS":"15000","dotenvLoaded":true}
[2026-09-24T09:33:11.249Z] [INFO] Puppeteer provider active — headless Chrome will resolve Instagram URLs
[2026-09-24T09:33:11.249Z] [INFO] Audio provider status {"audioProvider":"not-configured","detail":"Set AUDIO_PROVIDER_URL + AUDIO_PROVIDER_KEY to enable direct audio-page resolution"}
[2026-09-24T09:36:20.112Z] [INFO] Resolving via dedicated story resolver {"url":"https://www.instagram.com/stories/irfan_04m/3992734228823635460"}
[2026-09-24T09:36:20.113Z] [INFO] [story-resolve] received Story URL {"normalizedUrl":"https://www.instagram.com/stories/irfan_04m/3992734228823635460","username":"irfan_04m","storyId":"3992734228823635460","highlightId":null,"extractor":"story-api-public-first","hasCookie":false,"attemptedPublic":true}
[2026-09-24T09:36:20.113Z] [INFO] [story-resolve] attempting direct Story ID resolution {"username":"irfan_04m","storyId":"3992734228823635460","normalizedUrl":"https://www.instagram.com/stories/irfan_04m/3992734228823635460","extractor":"direct-story-id","hasCookie":false}
[2026-09-24T09:36:20.847Z] [INFO] [story-resolve] request #1 direct_story status=200 {"endpoint":"direct_story","status":200,"public":true,"authenticated":false,"sequence":1,"elapsedMs":733,"hasJson":false,"saw429":false}
[2026-09-24T09:36:21.175Z] [INFO] [story-resolve] request #2 direct_story_page status=200 {"endpoint":"direct_story_page","status":200,"public":true,"sequence":2,"elapsedMs":328,"hasJson":false,"isHtml":true}
[2026-09-24T09:36:21.266Z] [INFO] [story-resolve] falling back to username Story list for direct URL {"username":"irfan_04m","storyId":"3992734228823635460","hasCookie":false,"rateLimited":false}
[2026-09-24T09:36:21.568Z] [INFO] [story-resolve] request #3 web_profile_info status=401 {"endpoint":"web_profile_info","status":401,"public":true,"authenticated":false,"sequence":3,"elapsedMs":302,"hasJson":true,"saw429":false}
[2026-09-24T09:36:21.568Z] [INFO] [story-resolve] public api requires auth, trying html fallback {"username":"irfan_04m","status":401,"hasCookie":false}
[2026-09-24T09:36:21.874Z] [INFO] [story-resolve] request #4 profile_html status=200 {"endpoint":"profile_html","status":200,"public":true,"sequence":4,"elapsedMs":306,"hasJson":false,"isHtml":true}
[2026-09-24T09:36:22.041Z] [INFO] [story-resolve] userId via html {"username":"irfan_04m","userIdLength":11}
[2026-09-24T09:36:22.334Z] [INFO] [story-resolve] request #5 reels_media_public status=200 {"endpoint":"reels_media_public","status":200,"public":true,"authenticated":false,"sequence":5,"elapsedMs":293,"hasJson":true,"saw429":false}
[2026-09-24T09:36:22.335Z] [INFO] [story-resolve] reels_media parsed {"itemCount":0,"usedCookie":false}
[2026-09-24T09:36:22.335Z] [WARN] Resolve stream error {"requestId":"6ab0f2570831fb32cb71c2ffe8f6fd1e","code":"STORY_NOT_FOUND","duration":2224}
[2026-09-24T09:38:40.533Z] [INFO] Resolving via dedicated story resolver {"url":"https://www.instagram.com/stories/highlights/17944832396967705/"}
[2026-09-24T09:38:40.534Z] [INFO] [story-resolve] received Story URL {"normalizedUrl":"https://www.instagram.com/stories/highlights/17944832396967705/","username":null,"storyId":null,"highlightId":"17944832396967705","extractor":"story-api-public-first","hasCookie":false,"attemptedPublic":true}
[2026-09-24T09:38:40.534Z] [INFO] [highlight-resolve] highlight resolve started {"highlightId":"17944832396967705","originalUrl":"https://www.instagram.com/stories/highlights/17944832396967705/","highlightReelId":"highlight:17944832396967705","hasCookie":false,"rateLimited":false}
[2026-09-24T09:38:40.981Z] [INFO] [story-resolve] request #1 highlight_page_html status=200 {"endpoint":"highlight_page_html","status":200,"public":true,"sequence":1,"elapsedMs":447,"hasJson":false,"isHtml":true}
[2026-09-24T09:38:41.335Z] [INFO] [highlight-resolve] highlight page HTML failed {"highlightId":"17944832396967705","error":"extractHighlightItemsFromHtml is not defined","hasCookie":false,"rateLimited":false}
[2026-09-24T09:38:41.679Z] [INFO] [story-resolve] request #2 highlight_page_html status=200 {"endpoint":"highlight_page_html","status":200,"public":true,"sequence":2,"elapsedMs":344,"hasJson":false,"isHtml":true}
[2026-09-24T09:38:42.054Z] [INFO] [highlight-resolve] highlight page HTML failed {"highlightId":"17944832396967705","error":"extractHighlightItemsFromHtml is not defined","hasCookie":false,"rateLimited":false}
[2026-09-24T09:38:42.462Z] [INFO] [story-resolve] request #3 highlight_reels_media_public status=200 {"endpoint":"highlight_reels_media_public","status":200,"public":true,"authenticated":false,"sequence":3,"elapsedMs":408,"hasJson":true,"saw429":false}
[2026-09-24T09:38:42.462Z] [INFO] [highlight-resolve] reels_media empty (not yet expired, will try next method) {"highlightId":"17944832396967705","usedCookie":false,"status":200,"hasCookie":false,"rateLimited":false}
[2026-09-24T09:38:42.462Z] [INFO] [highlight-resolve] all Highlight strategies failed {"highlightId":"17944832396967705","totalRequests":3,"apiRequests":1,"htmlRequests":2,"hasCookie":false,"rateLimited":false}
[2026-09-24T09:38:42.462Z] [WARN] Resolve stream error {"requestId":"dd467c1fdb717f15090bb7c3bfad6d6e","code":"STORY_NOT_FOUND","duration":1929}
3:09:25 PM [tsx] change in ./src\lib\story-resolve.ts Restarting...
◇ injected env (9) from .env
[2026-09-24T09:39:25.545Z] [INFO] Downloadit backend running on port 3001
[2026-09-24T09:39:25.546Z] [INFO] Configuration loaded {"NODE_ENV":"development","PORT":3001,"RESOLVER_PROVIDER":"puppeteer","CORS_ORIGIN":"http://localhost:3000","RESOLVER_TIMEOUT_MS":"15000","dotenvLoaded":true}
[2026-09-24T09:39:25.546Z] [INFO] Puppeteer provider active — headless Chrome will resolve Instagram URLs
[2026-09-24T09:39:25.546Z] [INFO] Audio provider status {"audioProvider":"not-configured","detail":"Set AUDIO_PROVIDER_URL + AUDIO_PROVIDER_KEY to enable direct audio-page resolution"}
[2026-09-24T09:41:18.762Z] [INFO] Resolving via dedicated story resolver {"url":"https://www.instagram.com/stories/irfan_04m/3992734228823635460"}
[2026-09-24T09:41:18.762Z] [INFO] [story-resolve] received Story URL {"normalizedUrl":"https://www.instagram.com/stories/irfan_04m/3992734228823635460","username":"irfan_04m","storyId":"3992734228823635460","highlightId":null,"extractor":"story-api-public-first","hasCookie":false,"attemptedPublic":true}
[2026-09-24T09:41:18.762Z] [INFO] [story-resolve] attempting direct Story ID resolution {"username":"irfan_04m","storyId":"3992734228823635460","normalizedUrl":"https://www.instagram.com/stories/irfan_04m/3992734228823635460","extractor":"direct-story-id","hasCookie":false}
[2026-09-24T09:41:20.087Z] [INFO] [story-resolve] request #1 direct_story status=200 {"endpoint":"direct_story","status":200,"public":true,"authenticated":false,"sequence":1,"elapsedMs":1324,"hasJson":false,"saw429":false}
[2026-09-24T09:41:20.412Z] [INFO] [story-resolve] request #2 direct_story_page status=200 {"endpoint":"direct_story_page","status":200,"public":true,"sequence":2,"elapsedMs":325,"hasJson":false,"isHtml":true}
[2026-09-24T09:41:20.585Z] [INFO] [story-resolve] falling back to username Story list for direct URL {"username":"irfan_04m","storyId":"3992734228823635460","hasCookie":false,"rateLimited":false}
[2026-09-24T09:41:20.941Z] [INFO] [story-resolve] request #3 web_profile_info status=401 {"endpoint":"web_profile_info","status":401,"public":true,"authenticated":false,"sequence":3,"elapsedMs":355,"hasJson":true,"saw429":false}
[2026-09-24T09:41:20.941Z] [INFO] [story-resolve] public api requires auth, trying html fallback {"username":"irfan_04m","status":401,"hasCookie":false}
[2026-09-24T09:41:21.310Z] [INFO] [story-resolve] request #4 profile_html status=200 {"endpoint":"profile_html","status":200,"public":true,"sequence":4,"elapsedMs":368,"hasJson":false,"isHtml":true}
[2026-09-24T09:41:22.088Z] [INFO] [story-resolve] userId via html {"username":"irfan_04m","userIdLength":11}
[2026-09-24T09:41:22.380Z] [INFO] [story-resolve] request #5 reels_media_public status=200 {"endpoint":"reels_media_public","status":200,"public":true,"authenticated":false,"sequence":5,"elapsedMs":291,"hasJson":true,"saw429":false}
[2026-09-24T09:41:22.380Z] [INFO] [story-resolve] reels_media parsed {"itemCount":0,"usedCookie":false}
[2026-09-24T09:41:22.380Z] [WARN] Resolve stream error {"requestId":"37f856be4e41bf02e2d8ecb4e0696dd6","code":"STORY_NOT_FOUND","duration":3621}
[2026-09-24T09:46:25.584Z] [INFO] Resolving via dedicated story resolver {"url":"https://www.instagram.com/stories/irfan_04m/3992734228823635460"}
[2026-09-24T09:46:25.584Z] [INFO] [story-resolve] received Story URL {"normalizedUrl":"https://www.instagram.com/stories/irfan_04m/3992734228823635460","username":"irfan_04m","storyId":"3992734228823635460","highlightId":null,"extractor":"story-api-public-first","hasCookie":false,"attemptedPublic":true}
[2026-09-24T09:46:25.584Z] [INFO] [story-resolve] attempting direct Story ID resolution {"username":"irfan_04m","storyId":"3992734228823635460","normalizedUrl":"https://www.instagram.com/stories/irfan_04m/3992734228823635460","extractor":"direct-story-id","hasCookie":false}
[2026-09-24T09:46:26.275Z] [INFO] [story-resolve] request #1 direct_story status=200 {"endpoint":"direct_story","status":200,"public":true,"authenticated":false,"sequence":1,"elapsedMs":691,"hasJson":false,"saw429":false}
[2026-09-24T09:46:26.612Z] [INFO] [story-resolve] request #2 direct_story_page status=200 {"endpoint":"direct_story_page","status":200,"public":true,"sequence":2,"elapsedMs":337,"hasJson":false,"isHtml":true}
[2026-09-24T09:46:26.884Z] [INFO] [story-resolve] falling back to username Story list for direct URL {"username":"irfan_04m","storyId":"3992734228823635460","hasCookie":false,"rateLimited":false}
[2026-09-24T09:46:27.205Z] [INFO] [story-resolve] request #3 web_profile_info status=401 {"endpoint":"web_profile_info","status":401,"public":true,"authenticated":false,"sequence":3,"elapsedMs":320,"hasJson":true,"saw429":false}
[2026-09-24T09:46:27.205Z] [INFO] [story-resolve] public api requires auth, trying html fallback {"username":"irfan_04m","status":401,"hasCookie":false}
[2026-09-24T09:46:27.514Z] [INFO] [story-resolve] request #4 profile_html status=200 {"endpoint":"profile_html","status":200,"public":true,"sequence":4,"elapsedMs":309,"hasJson":false,"isHtml":true}
[2026-09-24T09:46:27.760Z] [INFO] [story-resolve] userId via html {"username":"irfan_04m","userIdLength":11}
[2026-09-24T09:46:28.050Z] [INFO] [story-resolve] request #5 reels_media_public status=200 {"endpoint":"reels_media_public","status":200,"public":true,"authenticated":false,"sequence":5,"elapsedMs":290,"hasJson":true,"saw429":false}
[2026-09-24T09:46:28.051Z] [INFO] [story-resolve] reels_media parsed {"itemCount":0,"usedCookie":false}
[2026-09-24T09:46:28.051Z] [WARN] Resolve stream error {"requestId":"1d340ae55512cf07bb5eb2cc7982ec76","code":"STORY_NOT_FOUND","duration":2468}
3:17:40 PM [tsx] change in ./src\lib\story-resolve.ts Restarting...
◇ injected env (9) from .env
[2026-09-24T09:47:40.760Z] [INFO] Downloadit backend running on port 3001
[2026-09-24T09:47:40.761Z] [INFO] Configuration loaded {"NODE_ENV":"development","PORT":3001,"RESOLVER_PROVIDER":"puppeteer","CORS_ORIGIN":"http://localhost:3000","RESOLVER_TIMEOUT_MS":"15000","dotenvLoaded":true}
[2026-09-24T09:47:40.761Z] [INFO] Puppeteer provider active — headless Chrome will resolve Instagram URLs
[2026-09-24T09:47:40.761Z] [INFO] Audio provider status {"audioProvider":"not-configured","detail":"Set AUDIO_PROVIDER_URL + AUDIO_PROVIDER_KEY to enable direct audio-page resolution"}
3:18:05 PM [tsx] change in ./src\lib\story-resolve.ts Restarting...
◇ injected env (9) from .env
[2026-09-24T09:48:06.091Z] [INFO] Downloadit backend running on port 3001
[2026-09-24T09:48:06.092Z] [INFO] Configuration loaded {"NODE_ENV":"development","PORT":3001,"RESOLVER_PROVIDER":"puppeteer","CORS_ORIGIN":"http://localhost:3000","RESOLVER_TIMEOUT_MS":"15000","dotenvLoaded":true}
[2026-09-24T09:48:06.092Z] [INFO] Puppeteer provider active — headless Chrome will resolve Instagram URLs
[2026-09-24T09:48:06.092Z] [INFO] Audio provider status {"audioProvider":"not-configured","detail":"Set AUDIO_PROVIDER_URL + AUDIO_PROVIDER_KEY to enable direct audio-page resolution"}
[2026-09-24T09:50:19.580Z] [INFO] Resolving via dedicated story resolver {"url":"https://www.instagram.com/stories/highlights/17944832396967705/"}
[2026-09-24T09:50:19.581Z] [INFO] [story-resolve] received Story URL {"normalizedUrl":"https://www.instagram.com/stories/highlights/17944832396967705/","username":null,"storyId":null,"highlightId":"17944832396967705","extractor":"story-api-public-first","hasCookie":false,"attemptedPublic":true}
[2026-09-24T09:50:19.581Z] [INFO] [highlight-resolve] highlight resolve started {"highlightId":"17944832396967705","originalUrl":"https://www.instagram.com/stories/highlights/17944832396967705/","highlightReelId":"highlight:17944832396967705","hasCookie":false,"rateLimited":false}
[2026-09-24T09:50:20.015Z] [INFO] [story-resolve] request #1 highlight_page_html status=200 {"endpoint":"highlight_page_html","status":200,"public":true,"sequence":1,"elapsedMs":434,"hasJson":false,"isHtml":true}
[2026-09-24T09:50:20.266Z] [INFO] [highlight-resolve] highlight page HTML no items {"highlightId":"17944832396967705","pageUrl":"https://www.instagram.com/stories/highlights/17944832396967705/","htmlLength":488333,"hasCookie":false,"rateLimited":false}
[2026-09-24T09:50:20.582Z] [INFO] [story-resolve] request #2 highlight_page_html status=200 {"endpoint":"highlight_page_html","status":200,"public":true,"sequence":2,"elapsedMs":315,"hasJson":false,"isHtml":true}
[2026-09-24T09:50:20.872Z] [INFO] [highlight-resolve] highlight page HTML no items {"highlightId":"17944832396967705","pageUrl":"https://www.instagram.com/stories/highlights/17944832396967705","htmlLength":488231,"hasCookie":false,"rateLimited":false}
[2026-09-24T09:50:21.249Z] [INFO] [story-resolve] request #3 highlight_reels_media_public status=200 {"endpoint":"highlight_reels_media_public","status":200,"public":true,"authenticated":false,"sequence":3,"elapsedMs":376,"hasJson":true,"saw429":false}
[2026-09-24T09:50:21.249Z] [INFO] [highlight-resolve] reels_media empty (not yet expired, will try next method) {"highlightId":"17944832396967705","usedCookie":false,"status":200,"hasCookie":false,"rateLimited":false}
[2026-09-24T09:50:21.250Z] [INFO] [highlight-resolve] all Highlight strategies failed {"highlightId":"17944832396967705","totalRequests":3,"apiRequests":1,"htmlRequests":2,"saw429":false,"hasCookie":false,"rateLimited":false}
[2026-09-24T09:50:21.250Z] [WARN] Resolve stream error {"requestId":"1632caefeb0eb51c108bc5bfa92935ac","code":"STORY_NOT_FOUND","duration":1673}
3:21:04 PM [tsx] change in ./src\lib\story-resolve.ts Restarting...
◇ injected env (9) from .env
[2026-09-24T09:51:05.040Z] [INFO] Downloadit backend running on port 3001
[2026-09-24T09:51:05.040Z] [INFO] Configuration loaded {"NODE_ENV":"development","PORT":3001,"RESOLVER_PROVIDER":"puppeteer","CORS_ORIGIN":"http://localhost:3000","RESOLVER_TIMEOUT_MS":"15000","dotenvLoaded":true}
[2026-09-24T09:51:05.040Z] [INFO] Puppeteer provider active — headless Chrome will resolve Instagram URLs
[2026-09-24T09:51:05.040Z] [INFO] Audio provider status {"audioProvider":"not-configured","detail":"Set AUDIO_PROVIDER_URL + AUDIO_PROVIDER_KEY to enable direct audio-page resolution"}
3:21:35 PM [tsx] change in ./src\lib\story-resolve.ts Restarting...
◇ injected env (9) from .env
[2026-09-24T09:51:35.368Z] [INFO] Downloadit backend running on port 3001
[2026-09-24T09:51:35.369Z] [INFO] Configuration loaded {"NODE_ENV":"development","PORT":3001,"RESOLVER_PROVIDER":"puppeteer","CORS_ORIGIN":"http://localhost:3000","RESOLVER_TIMEOUT_MS":"15000","dotenvLoaded":true}
[2026-09-24T09:51:35.369Z] [INFO] Puppeteer provider active — headless Chrome will resolve Instagram URLs
[2026-09-24T09:51:35.369Z] [INFO] Audio provider status {"audioProvider":"not-configured","detail":"Set AUDIO_PROVIDER_URL + AUDIO_PROVIDER_KEY to enable direct audio-page resolution"}
[2026-09-24T09:58:47.863Z] [INFO] Resolving via dedicated story resolver {"url":"https://www.instagram.com/stories/highlights/17887613256565572/"}
[2026-09-24T09:58:47.864Z] [INFO] [story-resolve] received Story URL {"normalizedUrl":"https://www.instagram.com/stories/highlights/17887613256565572/","username":null,"storyId":null,"highlightId":"17887613256565572","extractor":"story-api-public-first","hasCookie":false,"attemptedPublic":true}
[2026-09-24T09:58:47.864Z] [INFO] [highlight-resolve] highlight resolve started {"highlightId":"17887613256565572","originalUrl":"https://www.instagram.com/stories/highlights/17887613256565572/","highlightReelId":"highlight:17887613256565572","hasCookie":false,"rateLimited":false}
[2026-09-24T09:58:48.614Z] [INFO] [story-resolve] request #1 highlight_page_html status=200 {"endpoint":"highlight_page_html","status":200,"public":true,"sequence":1,"elapsedMs":750,"hasJson":false,"isHtml":true}
[2026-09-24T09:58:48.716Z] [INFO] [highlight-resolve] highlight generic HTML media success {"highlightId":"17887613256565572","count":1,"hasCookie":false,"rateLimited":false}
[2026-09-24T09:58:49.117Z] [INFO] [story-resolve] Highlight resolved {"mediaCount":1,"hasVideo":false,"duration":1253,"extractor":"story-api","publicAttempt":true}
[2026-09-24T09:58:49.460Z] [INFO] Story resolve normalized {"type":"HIGHLIGHT","discovered":1,"exactDupesRemoved":0,"renditionsRemoved":0,"finalCount":1,"url":"https://www.instagram.com/stories/highlights/17887613256565572/"}
[2026-09-24T09:58:49.460Z] [INFO] Using puppeteer provider (headless browser)
[2026-09-24T09:58:49.460Z] [INFO] Resolution complete {"requestId":"efd469f0113876a52cea27da773e8f44","duration":1599,"detectedType":"HIGHLIGHT","audioId":null,"provider":"puppeteer","mediaCount":1,"failedItems":0,"finalResult":"HIGHLIGHT","mediaId":"04944f65afabda61bfd833c47a816217","firstMediaType":"image","firstMediaHost":"scontent.cdninstagram.com"}
[2026-09-24T09:58:49.495Z] [INFO] [STREAM] requested {"requestId":"e6b7a0fea678d0f16e16cbab4c0f5867","ip":"::1"}
[2026-09-24T09:58:49.539Z] [INFO] [STREAM] upstream status {"requestId":"e6b7a0fea678d0f16e16cbab4c0f5867","status":200,"firstByteMs":44,"finalHost":"scontent.cdninstagram.com"}
[2026-09-24T09:58:49.539Z] [INFO] [STREAM] upstream content-type {"requestId":"e6b7a0fea678d0f16e16cbab4c0f5867","contentType":"image/jpeg"}
[2026-09-24T09:58:49.539Z] [INFO] [STREAM] full 200 stream started {"requestId":"e6b7a0fea678d0f16e16cbab4c0f5867"}
[2026-09-24T09:58:49.848Z] [INFO] [STREAM] full stream completed {"requestId":"e6b7a0fea678d0f16e16cbab4c0f5867","completed":true,"bytes":170186}
3:32:24 PM [tsx] change in ./src\lib\story-resolve.ts Restarting...
◇ injected env (9) from .env
[2026-09-24T10:02:25.050Z] [INFO] Downloadit backend running on port 3001
[2026-09-24T10:02:25.051Z] [INFO] Configuration loaded {"NODE_ENV":"development","PORT":3001,"RESOLVER_PROVIDER":"puppeteer","CORS_ORIGIN":"http://localhost:3000","RESOLVER_TIMEOUT_MS":"15000","dotenvLoaded":true}
[2026-09-24T10:02:25.051Z] [INFO] Puppeteer provider active — headless Chrome will resolve Instagram URLs
[2026-09-24T10:02:25.051Z] [INFO] Audio provider status {"audioProvider":"not-configured","detail":"Set AUDIO_PROVIDER_URL + AUDIO_PROVIDER_KEY to enable direct audio-page resolution"}
[2026-09-24T10:02:45.258Z] [INFO] Resolving via dedicated story resolver {"url":"https://www.instagram.com/stories/highlights/17944832396967705/"}
[2026-09-24T10:02:45.258Z] [INFO] [story-resolve] received Story URL {"normalizedUrl":"https://www.instagram.com/stories/highlights/17944832396967705/","username":null,"storyId":null,"highlightId":"17944832396967705","extractor":"story-api-public-first","hasCookie":false,"attemptedPublic":true}
[2026-09-24T10:02:45.259Z] [INFO] [highlight-resolve] highlight resolve started {"highlightId":"17944832396967705","originalUrl":"https://www.instagram.com/stories/highlights/17944832396967705/","highlightReelId":"highlight:17944832396967705","hasCookie":false,"rateLimited":false}
[2026-09-24T10:02:45.661Z] [INFO] [story-resolve] request #1 highlight_page_html status=200 {"endpoint":"highlight_page_html","status":200,"public":true,"sequence":1,"elapsedMs":402,"hasJson":false,"isHtml":true}
[2026-09-24T10:02:45.807Z] [INFO] [highlight-resolve] highlight page HTML no items {"highlightId":"17944832396967705","pageUrl":"https://www.instagram.com/stories/highlights/17944832396967705/","htmlLength":488367,"hasCookie":false,"rateLimited":false}
[2026-09-24T10:02:46.117Z] [INFO] [story-resolve] request #2 highlight_page_html status=200 {"endpoint":"highlight_page_html","status":200,"public":true,"sequence":2,"elapsedMs":310,"hasJson":false,"isHtml":true}
[2026-09-24T10:02:46.251Z] [INFO] [highlight-resolve] highlight page HTML no items {"highlightId":"17944832396967705","pageUrl":"https://www.instagram.com/stories/highlights/17944832396967705","htmlLength":488290,"hasCookie":false,"rateLimited":false}
[2026-09-24T10:02:46.678Z] [INFO] [story-resolve] request #3 highlight_reels_media_public status=200 {"endpoint":"highlight_reels_media_public","status":200,"public":true,"authenticated":false,"sequence":3,"elapsedMs":427,"hasJson":true,"saw429":false}
[2026-09-24T10:02:46.678Z] [INFO] [highlight-resolve] reels_media empty (not yet expired, will try next method) {"highlightId":"17944832396967705","usedCookie":false,"status":200,"hasCookie":false,"rateLimited":false}
[2026-09-24T10:02:46.678Z] [INFO] [highlight-resolve] all Highlight strategies failed {"highlightId":"17944832396967705","totalRequests":3,"apiRequests":1,"htmlRequests":2,"saw429":false,"hasCookie":false,"rateLimited":false}
[2026-09-24T10:02:46.678Z] [WARN] Resolve stream error {"requestId":"353f2b9e73b682bbfb7654e3a8f9140e","code":"STORY_NOT_FOUND","duration":1423}
3:33:01 PM [tsx] change in ./src\lib\story-resolve.ts Restarting...
◇ injected env (9) from .env
[2026-09-24T10:03:02.142Z] [INFO] Downloadit backend running on port 3001
[2026-09-24T10:03:02.142Z] [INFO] Configuration loaded {"NODE_ENV":"development","PORT":3001,"RESOLVER_PROVIDER":"puppeteer","CORS_ORIGIN":"http://localhost:3000","RESOLVER_TIMEOUT_MS":"15000","dotenvLoaded":true}
[2026-09-24T10:03:02.143Z] [INFO] Puppeteer provider active — headless Chrome will resolve Instagram URLs
[2026-09-24T10:03:02.143Z] [INFO] Audio provider status {"audioProvider":"not-configured","detail":"Set AUDIO_PROVIDER_URL + AUDIO_PROVIDER_KEY to enable direct audio-page resolution"}
[2026-09-24T10:03:17.202Z] [INFO] Resolving via dedicated story resolver {"url":"https://www.instagram.com/stories/highlights/17944832396967705/"}
[2026-09-24T10:03:17.203Z] [INFO] [story-resolve] received Story URL {"normalizedUrl":"https://www.instagram.com/stories/highlights/17944832396967705/","username":null,"storyId":null,"highlightId":"17944832396967705","extractor":"story-api-public-first","hasCookie":false,"attemptedPublic":true}
[2026-09-24T10:03:17.203Z] [INFO] [highlight-resolve] highlight resolve started {"highlightId":"17944832396967705","originalUrl":"https://www.instagram.com/stories/highlights/17944832396967705/","highlightReelId":"highlight:17944832396967705","hasCookie":false,"rateLimited":false}
[2026-09-24T10:03:17.633Z] [INFO] [story-resolve] request #1 highlight_page_html status=200 {"endpoint":"highlight_page_html","status":200,"public":true,"sequence":1,"elapsedMs":428,"hasJson":false,"isHtml":true}
[2026-09-24T10:03:17.824Z] [INFO] [highlight-resolve] highlight page HTML no items {"highlightId":"17944832396967705","pageUrl":"https://www.instagram.com/stories/highlights/17944832396967705/","htmlLength":488395,"hasCookie":false,"rateLimited":false}
[2026-09-24T10:03:18.130Z] [INFO] [story-resolve] request #2 highlight_page_html status=200 {"endpoint":"highlight_page_html","status":200,"public":true,"sequence":2,"elapsedMs":305,"hasJson":false,"isHtml":true}
[2026-09-24T10:03:18.301Z] [INFO] [highlight-resolve] highlight page HTML no items {"highlightId":"17944832396967705","pageUrl":"https://www.instagram.com/stories/highlights/17944832396967705","htmlLength":488292,"hasCookie":false,"rateLimited":false}
[2026-09-24T10:03:18.738Z] [INFO] [story-resolve] request #3 highlight_reels_media_public status=200 {"endpoint":"highlight_reels_media_public","status":200,"public":true,"authenticated":false,"sequence":3,"elapsedMs":437,"hasJson":true,"saw429":false}
[2026-09-24T10:03:18.738Z] [INFO] [highlight-resolve] reels_media empty (not yet expired, will try next method) {"highlightId":"17944832396967705","usedCookie":false,"status":200,"hasCookie":false,"rateLimited":false}
[2026-09-24T10:03:18.738Z] [INFO] [highlight-resolve] all Highlight strategies failed {"highlightId":"17944832396967705","totalRequests":3,"apiRequests":1,"htmlRequests":2,"saw429":false,"hasCookie":false,"rateLimited":false}
[2026-09-24T10:03:18.739Z] [WARN] Resolve stream error {"requestId":"b0966feb5f568c68cf864d511461403f","code":"STORY_NOT_FOUND","duration":1539}
[2026-09-24T10:03:37.447Z] [INFO] Resolving via dedicated story resolver {"url":"https://www.instagram.com/stories/highlights/17944832396967705/"}
[2026-09-24T10:03:37.447Z] [INFO] [story-resolve] received Story URL {"normalizedUrl":"https://www.instagram.com/stories/highlights/17944832396967705/","username":null,"storyId":null,"highlightId":"17944832396967705","extractor":"story-api-public-first","hasCookie":false,"attemptedPublic":true}
[2026-09-24T10:03:37.448Z] [INFO] [highlight-resolve] highlight resolve started {"highlightId":"17944832396967705","originalUrl":"https://www.instagram.com/stories/highlights/17944832396967705/","highlightReelId":"highlight:17944832396967705","hasCookie":false,"rateLimited":false}
[2026-09-24T10:03:37.770Z] [INFO] [story-resolve] request #1 highlight_page_html status=200 {"endpoint":"highlight_page_html","status":200,"public":true,"sequence":1,"elapsedMs":322,"hasJson":false,"isHtml":true}
[2026-09-24T10:03:38.239Z] [INFO] [highlight-resolve] highlight page HTML no items {"highlightId":"17944832396967705","pageUrl":"https://www.instagram.com/stories/highlights/17944832396967705/","htmlLength":491609,"hasCookie":false,"rateLimited":false}
[2026-09-24T10:03:38.545Z] [INFO] [story-resolve] request #2 highlight_page_html status=200 {"endpoint":"highlight_page_html","status":200,"public":true,"sequence":2,"elapsedMs":306,"hasJson":false,"isHtml":true}
[2026-09-24T10:03:38.722Z] [INFO] [highlight-resolve] highlight page HTML no items {"highlightId":"17944832396967705","pageUrl":"https://www.instagram.com/stories/highlights/17944832396967705","htmlLength":488297,"hasCookie":false,"rateLimited":false}
[2026-09-24T10:03:39.110Z] [INFO] [story-resolve] request #3 highlight_reels_media_public status=200 {"endpoint":"highlight_reels_media_public","status":200,"public":true,"authenticated":false,"sequence":3,"elapsedMs":388,"hasJson":true,"saw429":false}
[2026-09-24T10:03:39.110Z] [INFO] [highlight-resolve] reels_media empty (not yet expired, will try next method) {"highlightId":"17944832396967705","usedCookie":false,"status":200,"hasCookie":false,"rateLimited":false}
[2026-09-24T10:03:39.110Z] [INFO] [highlight-resolve] all Highlight strategies failed {"highlightId":"17944832396967705","totalRequests":3,"apiRequests":1,"htmlRequests":2,"saw429":false,"hasCookie":false,"rateLimited":false}
[2026-09-24T10:03:39.110Z] [WARN] Resolve stream error {"requestId":"e95dd907dfb6594f97daa34cd5746030","code":"STORY_NOT_FOUND","duration":1664}
[2026-09-24T10:03:52.962Z] [INFO] Resolving via dedicated story resolver {"url":"https://www.instagram.com/stories/highlights/17904809094456446/"}
[2026-09-24T10:03:52.962Z] [INFO] [story-resolve] received Story URL {"normalizedUrl":"https://www.instagram.com/stories/highlights/17904809094456446/","username":null,"storyId":null,"highlightId":"17904809094456446","extractor":"story-api-public-first","hasCookie":false,"attemptedPublic":true}
[2026-09-24T10:03:52.962Z] [INFO] [highlight-resolve] highlight resolve started {"highlightId":"17904809094456446","originalUrl":"https://www.instagram.com/stories/highlights/17904809094456446/","highlightReelId":"highlight:17904809094456446","hasCookie":false,"rateLimited":false}
[2026-09-24T10:03:53.689Z] [INFO] [story-resolve] request #1 highlight_page_html status=200 {"endpoint":"highlight_page_html","status":200,"public":true,"sequence":1,"elapsedMs":727,"hasJson":false,"isHtml":true}
[2026-09-24T10:03:54.112Z] [INFO] [highlight-resolve] highlight generic HTML media success {"highlightId":"17904809094456446","count":1,"hasCookie":false,"rateLimited":false}
[2026-09-24T10:03:54.789Z] [INFO] [story-resolve] Highlight resolved {"mediaCount":1,"hasVideo":false,"duration":1827,"extractor":"story-api","publicAttempt":true}
[2026-09-24T10:03:55.147Z] [INFO] Story resolve normalized {"type":"HIGHLIGHT","discovered":1,"exactDupesRemoved":0,"renditionsRemoved":0,"finalCount":1,"url":"https://www.instagram.com/stories/highlights/17904809094456446/"}
[2026-09-24T10:03:55.148Z] [INFO] Using puppeteer provider (headless browser)
[2026-09-24T10:03:55.148Z] [INFO] Resolution complete {"requestId":"a65757f38a42f670109edd362ced2983","duration":2187,"detectedType":"HIGHLIGHT","audioId":null,"provider":"puppeteer","mediaCount":1,"failedItems":0,"finalResult":"HIGHLIGHT","mediaId":"25081b9629293f97c2d1f099c9059782","firstMediaType":"image","firstMediaHost":"scontent.cdninstagram.com"}
[2026-09-24T10:03:55.170Z] [INFO] [STREAM] requested {"requestId":"044212ac13690e402c7cd66274e59588","ip":"::1"}
[2026-09-24T10:03:55.206Z] [INFO] [STREAM] upstream status {"requestId":"044212ac13690e402c7cd66274e59588","status":200,"firstByteMs":35,"finalHost":"scontent.cdninstagram.com"}
[2026-09-24T10:03:55.207Z] [INFO] [STREAM] upstream content-type {"requestId":"044212ac13690e402c7cd66274e59588","contentType":"image/jpeg"}
[2026-09-24T10:03:55.207Z] [INFO] [STREAM] full 200 stream started {"requestId":"044212ac13690e402c7cd66274e59588"}
[2026-09-24T10:03:55.219Z] [INFO] [STREAM] full stream completed {"requestId":"044212ac13690e402c7cd66274e59588","completed":true,"bytes":55011}
[2026-09-24T10:04:19.144Z] [INFO] Resolving via dedicated story resolver {"url":"https://www.instagram.com/stories/highlights/18054042779637634/"}
[2026-09-24T10:04:19.144Z] [INFO] [story-resolve] received Story URL {"normalizedUrl":"https://www.instagram.com/stories/highlights/18054042779637634/","username":null,"storyId":null,"highlightId":"18054042779637634","extractor":"story-api-public-first","hasCookie":false,"attemptedPublic":true}
[2026-09-24T10:04:19.144Z] [INFO] [highlight-resolve] highlight resolve started {"highlightId":"18054042779637634","originalUrl":"https://www.instagram.com/stories/highlights/18054042779637634/","highlightReelId":"highlight:18054042779637634","hasCookie":false,"rateLimited":false}
[2026-09-24T10:04:19.609Z] [INFO] [story-resolve] request #1 highlight_page_html status=200 {"endpoint":"highlight_page_html","status":200,"public":true,"sequence":1,"elapsedMs":465,"hasJson":false,"isHtml":true}
[2026-09-24T10:04:19.906Z] [INFO] [highlight-resolve] highlight page HTML no items {"highlightId":"18054042779637634","pageUrl":"https://www.instagram.com/stories/highlights/18054042779637634/","htmlLength":488368,"hasCookie":false,"rateLimited":false}
[2026-09-24T10:04:20.206Z] [INFO] [story-resolve] request #2 highlight_page_html status=200 {"endpoint":"highlight_page_html","status":200,"public":true,"sequence":2,"elapsedMs":300,"hasJson":false,"isHtml":true}
[2026-09-24T10:04:20.344Z] [INFO] [highlight-resolve] highlight page HTML no items {"highlightId":"18054042779637634","pageUrl":"https://www.instagram.com/stories/highlights/18054042779637634","htmlLength":488287,"hasCookie":false,"rateLimited":false}
[2026-09-24T10:04:21.409Z] [INFO] [story-resolve] request #3 highlight_reels_media_public status=200 {"endpoint":"highlight_reels_media_public","status":200,"public":true,"authenticated":false,"sequence":3,"elapsedMs":1065,"hasJson":true,"saw429":false}
[2026-09-24T10:04:21.409Z] [INFO] [highlight-resolve] reels_media empty (not yet expired, will try next method) {"highlightId":"18054042779637634","usedCookie":false,"status":200,"hasCookie":false,"rateLimited":false}
[2026-09-24T10:04:21.409Z] [INFO] [highlight-resolve] all Highlight strategies failed {"highlightId":"18054042779637634","totalRequests":3,"apiRequests":1,"htmlRequests":2,"saw429":false,"hasCookie":false,"rateLimited":false}
[2026-09-24T10:04:21.409Z] [WARN] Resolve stream error {"requestId":"4a2a8d2330a3feb4787088e53ed18bf9","code":"STORY_NOT_FOUND","duration":2266}
3:37:35 PM [tsx] change in ./src\lib\story-resolve.ts Restarting...
◇ injected env (9) from .env
[2026-09-24T10:07:35.822Z] [INFO] Downloadit backend running on port 3001
[2026-09-24T10:07:35.823Z] [INFO] Configuration loaded {"NODE_ENV":"development","PORT":3001,"RESOLVER_PROVIDER":"puppeteer","CORS_ORIGIN":"http://localhost:3000","RESOLVER_TIMEOUT_MS":"15000","dotenvLoaded":true}
[2026-09-24T10:07:35.823Z] [INFO] Puppeteer provider active — headless Chrome will resolve Instagram URLs
[2026-09-24T10:07:35.823Z] [INFO] Audio provider status {"audioProvider":"not-configured","detail":"Set AUDIO_PROVIDER_URL + AUDIO_PROVIDER_KEY to enable direct audio-page resolution"}
[2026-09-24T10:13:22.161Z] [INFO] Resolving via dedicated story resolver {"url":"https://www.instagram.com/stories/highlights/18054042779637634/"}
[2026-09-24T10:13:22.162Z] [INFO] [story-resolve] received Story URL {"normalizedUrl":"https://www.instagram.com/stories/highlights/18054042779637634/","username":null,"storyId":null,"highlightId":"18054042779637634","extractor":"story-api-public-first","hasCookie":false,"attemptedPublic":true}
[2026-09-24T10:13:22.163Z] [INFO] [highlight-resolve] highlight resolve started {"highlightId":"18054042779637634","originalUrl":"https://www.instagram.com/stories/highlights/18054042779637634/","highlightReelId":"highlight:18054042779637634","hasCookie":false,"rateLimited":false}
[2026-09-24T10:13:22.708Z] [INFO] [story-resolve] request #1 highlight_page_html status=200 {"endpoint":"highlight_page_html","status":200,"public":true,"sequence":1,"elapsedMs":544,"hasJson":false,"isHtml":true}
[2026-09-24T10:13:23.176Z] [INFO] [highlight-resolve] highlight page HTML no items {"highlightId":"18054042779637634","pageUrl":"https://www.instagram.com/stories/highlights/18054042779637634/","htmlLength":488398,"hasCookie":false,"rateLimited":false}
[2026-09-24T10:13:23.654Z] [INFO] [story-resolve] request #2 highlight_page_html status=200 {"endpoint":"highlight_page_html","status":200,"public":true,"sequence":2,"elapsedMs":478,"hasJson":false,"isHtml":true}
[2026-09-24T10:13:24.236Z] [INFO] [highlight-resolve] highlight page HTML no items {"highlightId":"18054042779637634","pageUrl":"https://www.instagram.com/stories/highlights/18054042779637634","htmlLength":488259,"hasCookie":false,"rateLimited":false}
[2026-09-24T10:13:24.707Z] [INFO] [story-resolve] request #3 highlight_reels_media_public status=200 {"endpoint":"highlight_reels_media_public","status":200,"public":true,"authenticated":false,"sequence":3,"elapsedMs":471,"hasJson":true,"saw429":false}
[2026-09-24T10:13:24.708Z] [INFO] [highlight-resolve] reels_media empty (not yet expired, will try next method) {"highlightId":"18054042779637634","usedCookie":false,"status":200,"hasCookie":false,"rateLimited":false}
[2026-09-24T10:13:24.708Z] [INFO] [highlight-resolve] all Highlight strategies failed {"highlightId":"18054042779637634","totalRequests":3,"apiRequests":1,"htmlRequests":2,"saw429":false,"hasCookie":false,"rateLimited":false}
[2026-09-24T10:13:24.708Z] [WARN] Resolve stream error {"requestId":"56f1b6eac96918249192a49ea0deebfd","code":"STORY_NOT_FOUND","duration":2550}
[2026-09-24T10:18:46.676Z] [INFO] Resolving via dedicated story resolver {"url":"https://www.instagram.com/stories/highlights/18054042779637634/"}
[2026-09-24T10:18:46.676Z] [INFO] [story-resolve] received Story URL {"normalizedUrl":"https://www.instagram.com/stories/highlights/18054042779637634/","username":null,"storyId":null,"highlightId":"18054042779637634","extractor":"story-api-public-first","hasCookie":false,"attemptedPublic":true}
[2026-09-24T10:18:46.676Z] [INFO] [highlight-resolve] highlight resolve started {"highlightId":"18054042779637634","originalUrl":"https://www.instagram.com/stories/highlights/18054042779637634/","highlightReelId":"highlight:18054042779637634","hasCookie":false,"rateLimited":false}
[2026-09-24T10:18:47.035Z] [INFO] [story-resolve] request #1 highlight_page_html status=200 {"endpoint":"highlight_page_html","status":200,"public":true,"sequence":1,"elapsedMs":359,"hasJson":false,"isHtml":true}
[2026-09-24T10:18:47.326Z] [INFO] [highlight-resolve] highlight page HTML no items {"highlightId":"18054042779637634","pageUrl":"https://www.instagram.com/stories/highlights/18054042779637634/","htmlLength":488391,"hasCookie":false,"rateLimited":false}
[2026-09-24T10:18:47.699Z] [INFO] [story-resolve] request #2 highlight_page_html status=200 {"endpoint":"highlight_page_html","status":200,"public":true,"sequence":2,"elapsedMs":373,"hasJson":false,"isHtml":true}
[2026-09-24T10:18:48.054Z] [INFO] [highlight-resolve] highlight page HTML no items {"highlightId":"18054042779637634","pageUrl":"https://www.instagram.com/stories/highlights/18054042779637634","htmlLength":488314,"hasCookie":false,"rateLimited":false}
[2026-09-24T10:18:48.580Z] [INFO] [story-resolve] request #3 highlight_reels_media_public status=200 {"endpoint":"highlight_reels_media_public","status":200,"public":true,"authenticated":false,"sequence":3,"elapsedMs":526,"hasJson":true,"saw429":false}
[2026-09-24T10:18:48.580Z] [INFO] [highlight-resolve] reels_media empty (not yet expired, will try next method) {"highlightId":"18054042779637634","usedCookie":false,"status":200,"hasCookie":false,"rateLimited":false}
[2026-09-24T10:18:48.581Z] [INFO] [highlight-resolve] all Highlight strategies failed {"highlightId":"18054042779637634","totalRequests":3,"apiRequests":1,"htmlRequests":2,"saw429":false,"hasCookie":false,"rateLimited":false}
[2026-09-24T10:18:48.581Z] [WARN] Resolve stream error {"requestId":"8b1c59e0752cf4f7024e77fd59977f19","code":"STORY_NOT_FOUND","duration":1906}
[2026-09-24T10:19:03.346Z] [INFO] Resolving via dedicated story resolver {"url":"https://www.instagram.com/stories/highlights/17887613256565572/"}
[2026-09-24T10:19:03.346Z] [INFO] [story-resolve] received Story URL {"normalizedUrl":"https://www.instagram.com/stories/highlights/17887613256565572/","username":null,"storyId":null,"highlightId":"17887613256565572","extractor":"story-api-public-first","hasCookie":false,"attemptedPublic":true}
[2026-09-24T10:19:03.346Z] [INFO] [highlight-resolve] highlight resolve started {"highlightId":"17887613256565572","originalUrl":"https://www.instagram.com/stories/highlights/17887613256565572/","highlightReelId":"highlight:17887613256565572","hasCookie":false,"rateLimited":false}
[2026-09-24T10:19:03.962Z] [INFO] [story-resolve] request #1 highlight_page_html status=200 {"endpoint":"highlight_page_html","status":200,"public":true,"sequence":1,"elapsedMs":616,"hasJson":false,"isHtml":true}
[2026-09-24T10:19:04.342Z] [INFO] [highlight-resolve] highlight generic HTML media success {"highlightId":"17887613256565572","count":1,"hasCookie":false,"rateLimited":false}
[2026-09-24T10:19:04.388Z] [INFO] [story-resolve] Highlight resolved {"mediaCount":1,"hasVideo":false,"duration":1042,"extractor":"story-api","publicAttempt":true}
[2026-09-24T10:19:04.457Z] [INFO] Story resolve normalized {"type":"HIGHLIGHT","discovered":1,"exactDupesRemoved":0,"renditionsRemoved":0,"finalCount":1,"url":"https://www.instagram.com/stories/highlights/17887613256565572/"}
[2026-09-24T10:19:04.458Z] [INFO] Using puppeteer provider (headless browser)
[2026-09-24T10:19:04.458Z] [INFO] Resolution complete {"requestId":"d547aa3531ade7678a18a35daf613f71","duration":1113,"detectedType":"HIGHLIGHT","audioId":null,"provider":"puppeteer","mediaCount":1,"failedItems":0,"finalResult":"HIGHLIGHT","mediaId":"72bb369c2bf499b17d25d934098fa975","firstMediaType":"image","firstMediaHost":"scontent.cdninstagram.com"}
[2026-09-24T10:19:04.488Z] [INFO] [STREAM] requested {"requestId":"126ed253db4acc44f19f4f5a63e1d54a","ip":"::1"}
[2026-09-24T10:19:04.527Z] [INFO] [STREAM] upstream status {"requestId":"126ed253db4acc44f19f4f5a63e1d54a","status":200,"firstByteMs":39,"finalHost":"scontent.cdninstagram.com"}
[2026-09-24T10:19:04.527Z] [INFO] [STREAM] upstream content-type {"requestId":"126ed253db4acc44f19f4f5a63e1d54a","contentType":"image/jpeg"}
[2026-09-24T10:19:04.527Z] [INFO] [STREAM] full 200 stream started {"requestId":"126ed253db4acc44f19f4f5a63e1d54a"}
[2026-09-24T10:19:04.570Z] [INFO] [STREAM] full stream completed {"requestId":"126ed253db4acc44f19f4f5a63e1d54a","completed":true,"bytes":170186}
[2026-09-24T10:19:24.232Z] [INFO] Resolving via dedicated story resolver {"url":"https://www.instagram.com/stories/highlights/17904809094456446/"}
[2026-09-24T10:19:24.232Z] [INFO] [story-resolve] received Story URL {"normalizedUrl":"https://www.instagram.com/stories/highlights/17904809094456446/","username":null,"storyId":null,"highlightId":"17904809094456446","extractor":"story-api-public-first","hasCookie":false,"attemptedPublic":true}
[2026-09-24T10:19:24.232Z] [INFO] [highlight-resolve] highlight resolve started {"highlightId":"17904809094456446","originalUrl":"https://www.instagram.com/stories/highlights/17904809094456446/","highlightReelId":"highlight:17904809094456446","hasCookie":false,"rateLimited":false}
[2026-09-24T10:19:24.678Z] [INFO] [story-resolve] request #1 highlight_page_html status=200 {"endpoint":"highlight_page_html","status":200,"public":true,"sequence":1,"elapsedMs":446,"hasJson":false,"isHtml":true}
[2026-09-24T10:19:24.914Z] [INFO] [highlight-resolve] highlight generic HTML media success {"highlightId":"17904809094456446","count":1,"hasCookie":false,"rateLimited":false}
[2026-09-24T10:19:24.960Z] [INFO] [story-resolve] Highlight resolved {"mediaCount":1,"hasVideo":false,"duration":728,"extractor":"story-api","publicAttempt":true}
[2026-09-24T10:19:25.028Z] [INFO] Story resolve normalized {"type":"HIGHLIGHT","discovered":1,"exactDupesRemoved":0,"renditionsRemoved":0,"finalCount":1,"url":"https://www.instagram.com/stories/highlights/17904809094456446/"}
[2026-09-24T10:19:25.028Z] [INFO] Resolution complete {"requestId":"8c6da30bbea8937be6813b9572351293","duration":797,"detectedType":"HIGHLIGHT","audioId":null,"provider":"puppeteer","mediaCount":1,"failedItems":0,"finalResult":"HIGHLIGHT","mediaId":"b0bc7d3664318dd62ce0c258d14ed52e","firstMediaType":"image","firstMediaHost":"scontent.cdninstagram.com"}
[2026-09-24T10:19:25.040Z] [INFO] [STREAM] requested {"requestId":"1d9c073a61f94ad2aeae48b3e3b47b23","ip":"::1"}
[2026-09-24T10:19:25.106Z] [INFO] [STREAM] upstream status {"requestId":"1d9c073a61f94ad2aeae48b3e3b47b23","status":200,"firstByteMs":66,"finalHost":"scontent.cdninstagram.com"}
[2026-09-24T10:19:25.106Z] [INFO] [STREAM] upstream content-type {"requestId":"1d9c073a61f94ad2aeae48b3e3b47b23","contentType":"image/jpeg"}
[2026-09-24T10:19:25.106Z] [INFO] [STREAM] full 200 stream started {"requestId":"1d9c073a61f94ad2aeae48b3e3b47b23"}
[2026-09-24T10:19:25.152Z] [INFO] [STREAM] full stream completed {"requestId":"1d9c073a61f94ad2aeae48b3e3b47b23","completed":true,"bytes":55011}
[2026-09-24T10:20:28.458Z] [INFO] Resolving via dedicated story resolver {"url":"https://www.instagram.com/stories/highlights/17944832396967705/"}
[2026-09-24T10:20:28.459Z] [INFO] [story-resolve] received Story URL {"normalizedUrl":"https://www.instagram.com/stories/highlights/17944832396967705/","username":null,"storyId":null,"highlightId":"17944832396967705","extractor":"story-api-public-first","hasCookie":false,"attemptedPublic":true}
[2026-09-24T10:20:28.459Z] [INFO] [highlight-resolve] highlight resolve started {"highlightId":"17944832396967705","originalUrl":"https://www.instagram.com/stories/highlights/17944832396967705/","highlightReelId":"highlight:17944832396967705","hasCookie":false,"rateLimited":false}
[2026-09-24T10:20:29.098Z] [INFO] [story-resolve] request #1 highlight_page_html status=200 {"endpoint":"highlight_page_html","status":200,"public":true,"sequence":1,"elapsedMs":639,"hasJson":false,"isHtml":true}
[2026-09-24T10:20:29.510Z] [INFO] [highlight-resolve] highlight page HTML no items {"highlightId":"17944832396967705","pageUrl":"https://www.instagram.com/stories/highlights/17944832396967705/","htmlLength":488372,"hasCookie":false,"rateLimited":false}
[2026-09-24T10:20:29.826Z] [INFO] [story-resolve] request #2 highlight_page_html status=200 {"endpoint":"highlight_page_html","status":200,"public":true,"sequence":2,"elapsedMs":316,"hasJson":false,"isHtml":true}
[2026-09-24T10:20:29.983Z] [INFO] [highlight-resolve] highlight page HTML no items {"highlightId":"17944832396967705","pageUrl":"https://www.instagram.com/stories/highlights/17944832396967705","htmlLength":488296,"hasCookie":false,"rateLimited":false}
[2026-09-24T10:20:30.345Z] [INFO] [story-resolve] request #3 highlight_reels_media_public status=200 {"endpoint":"highlight_reels_media_public","status":200,"public":true,"authenticated":false,"sequence":3,"elapsedMs":362,"hasJson":true,"saw429":false}
[2026-09-24T10:20:30.346Z] [INFO] [highlight-resolve] reels_media empty (not yet expired, will try next method) {"highlightId":"17944832396967705","usedCookie":false,"status":200,"hasCookie":false,"rateLimited":false}
[2026-09-24T10:20:30.346Z] [INFO] [highlight-resolve] all Highlight strategies failed {"highlightId":"17944832396967705","totalRequests":3,"apiRequests":1,"htmlRequests":2,"saw429":false,"hasCookie":false,"rateLimited":false}
[2026-09-24T10:20:30.346Z] [WARN] Resolve stream error {"requestId":"3be402bb259b2075a5325aa65adc899a","code":"STORY_NOT_FOUND","duration":1888}
4:00:47 PM [tsx] change in ./src\server.ts Restarting...
◇ injected env (1) from ..\config\.env
◇ injected env (0) from config\.env
◇ injected env (9) from .env
[2026-09-24T10:30:47.418Z] [INFO] Downloadit backend running on port 3001
[2026-09-24T10:30:47.418Z] [INFO] Configuration loaded {"NODE_ENV":"development","PORT":3001,"RESOLVER_PROVIDER":"puppeteer","CORS_ORIGIN":"http://localhost:3000","RESOLVER_TIMEOUT_MS":"15000","dotenvLoaded":true}
[2026-09-24T10:30:47.418Z] [INFO] Puppeteer provider active — headless Chrome will resolve Instagram URLs
[2026-09-24T10:30:47.418Z] [INFO] Audio provider status {"audioProvider":"not-configured","detail":"Set AUDIO_PROVIDER_URL + AUDIO_PROVIDER_KEY to enable direct audio-page resolution"}
4:01:23 PM [tsx] change in ./src\lib\story-resolve.ts Restarting...
◇ injected env (1) from ..\config\.env
◇ injected env (0) from config\.env
◇ injected env (9) from .env
[2026-09-24T10:31:23.865Z] [INFO] Downloadit backend running on port 3001
[2026-09-24T10:31:23.866Z] [INFO] Configuration loaded {"NODE_ENV":"development","PORT":3001,"RESOLVER_PROVIDER":"puppeteer","CORS_ORIGIN":"http://localhost:3000","RESOLVER_TIMEOUT_MS":"15000","dotenvLoaded":true}
[2026-09-24T10:31:23.866Z] [INFO] Puppeteer provider active — headless Chrome will resolve Instagram URLs
[2026-09-24T10:31:23.866Z] [INFO] Audio provider status {"audioProvider":"not-configured","detail":"Set AUDIO_PROVIDER_URL + AUDIO_PROVIDER_KEY to enable direct audio-page resolution"}
[2026-09-24T10:36:29.934Z] [INFO] Resolving via dedicated story resolver {"url":"https://www.instagram.com/stories/highlights/17944832396967705/"}
[2026-09-24T10:36:29.935Z] [INFO] [story-resolve] received Story URL {"normalizedUrl":"https://www.instagram.com/stories/highlights/17944832396967705/","username":null,"storyId":null,"highlightId":"17944832396967705","extractor":"story-api-public-first","hasCookie":false,"attemptedPublic":true}
[2026-09-24T10:36:29.936Z] [INFO] [highlight-resolve] highlight resolve started {"highlightId":"17944832396967705","originalUrl":"https://www.instagram.com/stories/highlights/17944832396967705/","highlightReelId":"highlight:17944832396967705","hasCookie":false,"rateLimited":false}
[2026-09-24T10:36:30.325Z] [INFO] [story-resolve] request #1 highlight_page_html status=200 {"endpoint":"highlight_page_html","status":200,"public":true,"sequence":1,"elapsedMs":388,"hasJson":false,"isHtml":true}
[2026-09-24T10:36:30.551Z] [INFO] [highlight-resolve] highlight page HTML no items {"highlightId":"17944832396967705","pageUrl":"https://www.instagram.com/stories/highlights/17944832396967705/","htmlLength":488532,"hasCookie":false,"rateLimited":false}
[2026-09-24T10:36:30.950Z] [INFO] [story-resolve] request #2 highlight_page_html status=200 {"endpoint":"highlight_page_html","status":200,"public":true,"sequence":2,"elapsedMs":399,"hasJson":false,"isHtml":true}
[2026-09-24T10:36:31.255Z] [INFO] [highlight-resolve] highlight page HTML no items {"highlightId":"17944832396967705","pageUrl":"https://www.instagram.com/stories/highlights/17944832396967705","htmlLength":488487,"hasCookie":false,"rateLimited":false}
[2026-09-24T10:36:31.658Z] [INFO] [story-resolve] request #3 highlight_reels_media_public status=200 {"endpoint":"highlight_reels_media_public","status":200,"public":true,"authenticated":false,"sequence":3,"elapsedMs":403,"hasJson":true,"saw429":false}
[2026-09-24T10:36:31.658Z] [INFO] [highlight-resolve] reels_media empty (not yet expired, will try next method) {"highlightId":"17944832396967705","usedCookie":false,"status":200,"hasCookie":false,"rateLimited":false}
[2026-09-24T10:36:31.658Z] [INFO] [highlight-resolve] all Highlight strategies failed {"highlightId":"17944832396967705","totalRequests":3,"apiRequests":1,"htmlRequests":2,"saw429":false,"hasCookie":false,"rateLimited":false}
[2026-09-24T10:36:31.658Z] [WARN] Resolve stream error {"requestId":"9b1854607f613e9ca330ed6ed1b880f4","code":"STORY_NOT_FOUND","duration":1727}
[2026-09-24T10:38:26.449Z] [INFO] Resolving via dedicated story resolver {"url":"https://www.instagram.com/stories/irfan_04m/3992734228823635460/"}
[2026-09-24T10:38:26.449Z] [INFO] [story-resolve] received Story URL {"normalizedUrl":"https://www.instagram.com/stories/irfan_04m/3992734228823635460/","username":"irfan_04m","storyId":"3992734228823635460","highlightId":null,"extractor":"story-api-public-first","hasCookie":false,"attemptedPublic":true}
[2026-09-24T10:38:26.449Z] [INFO] [story-resolve] attempting direct Story ID resolution {"username":"irfan_04m","storyId":"3992734228823635460","normalizedUrl":"https://www.instagram.com/stories/irfan_04m/3992734228823635460/","extractor":"direct-story-id","hasCookie":false}
[2026-09-24T10:38:27.288Z] [INFO] [story-resolve] request #1 direct_story_public status=200 {"endpoint":"direct_story_public","status":200,"public":true,"authenticated":false,"sequence":1,"elapsedMs":838,"hasJson":false,"saw429":false}
[2026-09-24T10:38:27.563Z] [INFO] [story-resolve] request #2 direct_story_page status=200 {"endpoint":"direct_story_page","status":200,"public":true,"sequence":2,"elapsedMs":275,"hasJson":false,"isHtml":true}
[2026-09-24T10:38:27.692Z] [INFO] [story-resolve] falling back to username Story list for direct URL {"username":"irfan_04m","storyId":"3992734228823635460","hasCookie":false,"rateLimited":false}
[2026-09-24T10:38:28.030Z] [INFO] [story-resolve] request #3 web_profile_info status=401 {"endpoint":"web_profile_info","status":401,"public":true,"authenticated":false,"sequence":3,"elapsedMs":337,"hasJson":true,"saw429":false}
[2026-09-24T10:38:28.030Z] [INFO] [story-resolve] public api requires auth, trying html fallback {"username":"irfan_04m","status":401,"hasCookie":false}
[2026-09-24T10:38:28.349Z] [INFO] [story-resolve] request #4 profile_html status=200 {"endpoint":"profile_html","status":200,"public":true,"sequence":4,"elapsedMs":318,"hasJson":false,"isHtml":true}
[2026-09-24T10:38:28.747Z] [INFO] [story-resolve] userId via html {"username":"irfan_04m","userIdLength":11}
[2026-09-24T10:38:29.038Z] [INFO] [story-resolve] request #5 reels_media_public status=200 {"endpoint":"reels_media_public","status":200,"public":true,"authenticated":false,"sequence":5,"elapsedMs":290,"hasJson":true,"saw429":false}
[2026-09-24T10:38:29.038Z] [INFO] [story-resolve] reels_media parsed {"itemCount":0,"usedCookie":false}
[2026-09-24T10:38:29.038Z] [WARN] Resolve stream error {"requestId":"d002dff1bd3aea535c0ad4c0a137f7cf","code":"STORY_NOT_FOUND","duration":2590}
4:09:21 PM [tsx] change in ./src\lib\story-resolve.ts Restarting...
◇ injected env (1) from ..\config\.env
◇ injected env (0) from config\.env
◇ injected env (9) from .env
[2026-09-24T10:39:21.370Z] [INFO] Downloadit backend running on port 3001
[2026-09-24T10:39:21.370Z] [INFO] Configuration loaded {"NODE_ENV":"development","PORT":3001,"RESOLVER_PROVIDER":"puppeteer","CORS_ORIGIN":"http://localhost:3000","RESOLVER_TIMEOUT_MS":"15000","dotenvLoaded":true}
[2026-09-24T10:39:21.370Z] [INFO] Puppeteer provider active — headless Chrome will resolve Instagram URLs
[2026-09-24T10:39:21.371Z] [INFO] Audio provider status {"audioProvider":"not-configured","detail":"Set AUDIO_PROVIDER_URL + AUDIO_PROVIDER_KEY to enable direct audio-page resolution"}
4:09:37 PM [tsx] change in ./src\lib\story-resolve.ts Restarting...
◇ injected env (1) from ..\config\.env
◇ injected env (0) from config\.env
◇ injected env (9) from .env
[2026-09-24T10:39:37.331Z] [INFO] Downloadit backend running on port 3001
[2026-09-24T10:39:37.331Z] [INFO] Configuration loaded {"NODE_ENV":"development","PORT":3001,"RESOLVER_PROVIDER":"puppeteer","CORS_ORIGIN":"http://localhost:3000","RESOLVER_TIMEOUT_MS":"15000","dotenvLoaded":true}
[2026-09-24T10:39:37.331Z] [INFO] Puppeteer provider active — headless Chrome will resolve Instagram URLs
[2026-09-24T10:39:37.332Z] [INFO] Audio provider status {"audioProvider":"not-configured","detail":"Set AUDIO_PROVIDER_URL + AUDIO_PROVIDER_KEY to enable direct audio-page resolution"}
[2026-09-24T10:40:07.247Z] [INFO] Request received {"requestId":"330e34d4384af7d05cf740dc0d28237d","url":"https://www.instagram.com/stories/highlights/17944832396967705/"}
[2026-09-24T10:40:07.248Z] [INFO] URL validated {"requestId":"330e34d4384af7d05cf740dc0d28237d","contentType":"HIGHLIGHT","shortcode":null,"storyUsername":"highlights","storyId":null}
[2026-09-24T10:40:07.248Z] [INFO] Resolving via dedicated story resolver {"url":"https://www.instagram.com/stories/highlights/17944832396967705/"}
[2026-09-24T10:40:07.249Z] [INFO] [story-resolve] received Story URL {"normalizedUrl":"https://www.instagram.com/stories/highlights/17944832396967705/","username":null,"storyId":null,"highlightId":"17944832396967705","extractor":"story-api-public-first","hasCookie":false,"attemptedPublic":true}
[2026-09-24T10:40:07.249Z] [INFO] [highlight-resolve] highlight resolve started {"highlightId":"17944832396967705","originalUrl":"https://www.instagram.com/stories/highlights/17944832396967705/","highlightReelId":"highlight:17944832396967705","hasCookie":false,"rateLimited":false}
[2026-09-24T10:40:07.249Z] [INFO] [highlight-debug] HTML request {"url":"https://www.instagram.com/stories/highlights/17944832396967705/","method":"GET","headers":["User-Agent","Accept","Referer"],"highlightId":"17944832396967705","hasCookie":false}
[2026-09-24T10:40:07.624Z] [INFO] [story-resolve] request #1 highlight_page_html status=200 {"endpoint":"highlight_page_html","status":200,"public":true,"sequence":1,"elapsedMs":375,"hasJson":false,"isHtml":true}
[2026-09-24T10:40:07.822Z] [INFO] [highlight-debug] HTML response {"url":"https://www.instagram.com/stories/highlights/17944832396967705/","finalUrl":"https://www.instagram.com/stories/highlights/17944832396967705/","status":200,"contentType":"text/html","htmlLength":488561,"snippet":"<!DOCTYPE html><html class=\"_9dls touch _ar44\" lang=\"en\" dir=\"ltr\"><head><link data-default-icon=\"https://static.cdninstagram.com/rsrc.php/yr/r/rzWiSjZRxk5.webp\" rel=\"icon\" sizes=\"192x192\" href=\"https://static.cdninstagram.com/rsrc.php/yr/r/rzWiSjZRxk5.webp\" /><meta name=\"bingbot\" content=\"noarchive\" /><meta name=\"robots\" content=\"noarchive, noindex, noimageindex\" /><meta charset=\"utf-8\" /><meta name=\"apple-mobile-web-app-status-bar-style\" content=\"default\" /><meta name=\"mobile-web-app-capable\" content=\"yes\" /><meta id=\"viewport\" name=\"viewport\" content=\"width=device-width, initial-scale=1, minimum-scale=1, maximum-scale=1, viewport-fit=cover\" /><meta name=\"theme-color\" content=\"#ffffff\" /><meta name=\"theme-color\" content=\"#000000\" media=\"(prefers-color-scheme: dark)\" /><link rel=\"apple-touch-icon\" sizes=\"76x76\" href=\"https://static.cdninstagram.com/rsrc.php/yj/r/f01UdNyJjJj.webp\" /><link rel=\"apple-touch-icon\" sizes=\"120x120\" href=\"https://static.cdninstagram.com/rsrc.php/yL/r/mMvhX4c","isLoginWall":false}
[2026-09-24T10:40:07.824Z] [INFO] [highlight-resolve] highlight page HTML no items {"highlightId":"17944832396967705","pageUrl":"https://www.instagram.com/stories/highlights/17944832396967705/","htmlLength":488561,"hasCookie":false,"rateLimited":false}
[2026-09-24T10:40:07.825Z] [INFO] [highlight-debug] HTML request {"url":"https://www.instagram.com/stories/highlights/17944832396967705","method":"GET","headers":["User-Agent","Accept","Referer"],"highlightId":"17944832396967705","hasCookie":false}
[2026-09-24T10:40:08.152Z] [INFO] [story-resolve] request #2 highlight_page_html status=200 {"endpoint":"highlight_page_html","status":200,"public":true,"sequence":2,"elapsedMs":327,"hasJson":false,"isHtml":true}
[2026-09-24T10:40:08.407Z] [INFO] [highlight-debug] HTML response {"url":"https://www.instagram.com/stories/highlights/17944832396967705","finalUrl":"https://www.instagram.com/stories/highlights/17944832396967705","status":200,"contentType":"text/html","htmlLength":488458,"snippet":"<!DOCTYPE html><html class=\"_9dls touch _ar44\" lang=\"en\" dir=\"ltr\"><head><link data-default-icon=\"https://static.cdninstagram.com/rsrc.php/yr/r/rzWiSjZRxk5.webp\" rel=\"icon\" sizes=\"192x192\" href=\"https://static.cdninstagram.com/rsrc.php/yr/r/rzWiSjZRxk5.webp\" /><meta name=\"bingbot\" content=\"noarchive\" /><meta name=\"robots\" content=\"noarchive, noindex, noimageindex\" /><meta charset=\"utf-8\" /><meta name=\"apple-mobile-web-app-status-bar-style\" content=\"default\" /><meta name=\"mobile-web-app-capable\" content=\"yes\" /><meta id=\"viewport\" name=\"viewport\" content=\"width=device-width, initial-scale=1, minimum-scale=1, maximum-scale=1, viewport-fit=cover\" /><meta name=\"theme-color\" content=\"#ffffff\" /><meta name=\"theme-color\" content=\"#000000\" media=\"(prefers-color-scheme: dark)\" /><link rel=\"apple-touch-icon\" sizes=\"76x76\" href=\"https://static.cdninstagram.com/rsrc.php/yj/r/f01UdNyJjJj.webp\" /><link rel=\"apple-touch-icon\" sizes=\"120x120\" href=\"https://static.cdninstagram.com/rsrc.php/yL/r/mMvhX4c","isLoginWall":false}
[2026-09-24T10:40:08.409Z] [INFO] [highlight-resolve] highlight page HTML no items {"highlightId":"17944832396967705","pageUrl":"https://www.instagram.com/stories/highlights/17944832396967705","htmlLength":488458,"hasCookie":false,"rateLimited":false}
[2026-09-24T10:40:08.409Z] [INFO] [highlight-debug] reels_media request {"url":"https://www.instagram.com/api/v1/feed/reels_media/?reel_ids=highlight%3A17944832396967705","method":"GET","headers":["User-Agent","X-IG-App-ID","X-Requested-With","Referer","Accept"],"reelIdParam":"highlight:17944832396967705","encodedParam":"highlight%3A17944832396967705","hasCookie":false,"highlightId":"17944832396967705"}
[2026-09-24T10:40:08.793Z] [INFO] [story-resolve] request #3 highlight_reels_media_public status=200 {"endpoint":"highlight_reels_media_public","status":200,"public":true,"authenticated":false,"sequence":3,"elapsedMs":383,"hasJson":true,"saw429":false}
[2026-09-24T10:40:08.794Z] [INFO] [highlight-debug] reels_media response {"tag":"highlight_reels_media_public","status":200,"hasJson":true,"isLoginRedirect":false,"isRequireLogin":false,"snippet":"{\"reels\":{},\"status\":\"ok\"}","usedCookie":false,"highlightId":"17944832396967705","reelsKey":"highlight:17944832396967705"}
[2026-09-24T10:40:08.794Z] [INFO] [highlight-resolve] reels_media empty (not yet expired, will try next method) {"highlightId":"17944832396967705","usedCookie":false,"status":200,"hasCookie":false,"rateLimited":false}
[2026-09-24T10:40:08.794Z] [INFO] [highlight-resolve] all Highlight strategies failed {"highlightId":"17944832396967705","totalRequests":3,"apiRequests":1,"htmlRequests":2,"saw429":false,"hasCookie":false,"rateLimited":false}
[2026-09-24T10:40:08.794Z] [WARN] Resolver error {"requestId":"330e34d4384af7d05cf740dc0d28237d","code":"STORY_NOT_FOUND","message":"Highlight not found. It may have been removed, is private, or Instagram did not expose it.","duration":1547}
4:13:16 PM [tsx] change in ./src\lib\story-resolve.ts Restarting...
◇ injected env (1) from ..\config\.env
◇ injected env (0) from config\.env
◇ injected env (9) from .env
[2026-09-24T10:43:17.300Z] [INFO] Downloadit backend running on port 3001
[2026-09-24T10:43:17.301Z] [INFO] Configuration loaded {"NODE_ENV":"development","PORT":3001,"RESOLVER_PROVIDER":"puppeteer","CORS_ORIGIN":"http://localhost:3000","RESOLVER_TIMEOUT_MS":"15000","dotenvLoaded":true}
[2026-09-24T10:43:17.301Z] [INFO] Puppeteer provider active — headless Chrome will resolve Instagram URLs
[2026-09-24T10:43:17.301Z] [INFO] Audio provider status {"audioProvider":"not-configured","detail":"Set AUDIO_PROVIDER_URL + AUDIO_PROVIDER_KEY to enable direct audio-page resolution"}
4:13:42 PM [tsx] change in ./src\lib\story-resolve.ts Restarting...
◇ injected env (1) from ..\config\.env
◇ injected env (0) from config\.env
◇ injected env (9) from .env
[2026-09-24T10:43:43.334Z] [INFO] Downloadit backend running on port 3001
[2026-09-24T10:43:43.335Z] [INFO] Configuration loaded {"NODE_ENV":"development","PORT":3001,"RESOLVER_PROVIDER":"puppeteer","CORS_ORIGIN":"http://localhost:3000","RESOLVER_TIMEOUT_MS":"15000","dotenvLoaded":true}
[2026-09-24T10:43:43.335Z] [INFO] Puppeteer provider active — headless Chrome will resolve Instagram URLs
[2026-09-24T10:43:43.335Z] [INFO] Audio provider status {"audioProvider":"not-configured","detail":"Set AUDIO_PROVIDER_URL + AUDIO_PROVIDER_KEY to enable direct audio-page resolution"}
4:14:10 PM [tsx] change in ./src\lib\story-resolve.ts Restarting...
◇ injected env (1) from ..\config\.env
◇ injected env (0) from config\.env
◇ injected env (9) from .env
[2026-09-24T10:44:10.800Z] [INFO] Downloadit backend running on port 3001
[2026-09-24T10:44:10.801Z] [INFO] Configuration loaded {"NODE_ENV":"development","PORT":3001,"RESOLVER_PROVIDER":"puppeteer","CORS_ORIGIN":"http://localhost:3000","RESOLVER_TIMEOUT_MS":"15000","dotenvLoaded":true}
[2026-09-24T10:44:10.801Z] [INFO] Puppeteer provider active — headless Chrome will resolve Instagram URLs
[2026-09-24T10:44:10.801Z] [INFO] Audio provider status {"audioProvider":"not-configured","detail":"Set AUDIO_PROVIDER_URL + AUDIO_PROVIDER_KEY to enable direct audio-page resolution"}
[2026-09-24T12:03:56.536Z] [INFO] Resolving via dedicated story resolver {"url":"https://www.instagram.com/stories/irfan_04m/3992734228823635460/"}
[2026-09-24T12:03:56.536Z] [INFO] [story-resolve] received Story URL {"normalizedUrl":"https://www.instagram.com/stories/irfan_04m/3992734228823635460/","username":"irfan_04m","storyId":"3992734228823635460","highlightId":null,"extractor":"story-api-public-first","hasCookie":false,"attemptedPublic":true}
[2026-09-24T12:03:56.536Z] [INFO] [story-resolve] attempting direct Story ID resolution {"username":"irfan_04m","storyId":"3992734228823635460","normalizedUrl":"https://www.instagram.com/stories/irfan_04m/3992734228823635460/","extractor":"direct-story-id","hasCookie":false}
[2026-09-24T12:03:58.405Z] [INFO] [story-resolve] request #1 direct_story_public status=200 {"endpoint":"direct_story_public","status":200,"public":true,"authenticated":false,"sequence":1,"elapsedMs":1868,"hasJson":false,"saw429":false}
[2026-09-24T12:03:58.814Z] [INFO] [story-resolve] request #2 direct_story_page status=200 {"endpoint":"direct_story_page","status":200,"public":true,"sequence":2,"elapsedMs":408,"hasJson":false,"isHtml":true}
[2026-09-24T12:03:58.863Z] [INFO] [story-resolve] falling back to username Story list for direct URL {"username":"irfan_04m","storyId":"3992734228823635460","hasCookie":false,"rateLimited":false}
[2026-09-24T12:03:59.425Z] [INFO] [story-resolve] request #3 web_profile_info status=401 {"endpoint":"web_profile_info","status":401,"public":true,"authenticated":false,"sequence":3,"elapsedMs":562,"hasJson":true,"saw429":false}
[2026-09-24T12:03:59.426Z] [INFO] [story-resolve] public api requires auth, trying html fallback {"username":"irfan_04m","status":401,"hasCookie":false}
[2026-09-24T12:03:59.740Z] [INFO] [story-resolve] request #4 profile_html status=200 {"endpoint":"profile_html","status":200,"public":true,"sequence":4,"elapsedMs":314,"hasJson":false,"isHtml":true}
[2026-09-24T12:03:59.887Z] [INFO] [story-resolve] userId via html {"username":"irfan_04m","userIdLength":11}
[2026-09-24T12:04:00.344Z] [INFO] [story-resolve] request #5 reels_media_public status=200 {"endpoint":"reels_media_public","status":200,"public":true,"authenticated":false,"sequence":5,"elapsedMs":456,"hasJson":true,"saw429":false}
[2026-09-24T12:04:00.345Z] [INFO] [story-resolve] reels_media parsed {"itemCount":0,"usedCookie":false}
[2026-09-24T12:04:00.345Z] [WARN] Resolve stream error {"requestId":"410c9707f68028fdbf5880ab8d8daaed","code":"STORY_NOT_FOUND","duration":3812}
5:37:08 PM [tsx] change in ./src\lib\story-resolve.ts Restarting...
◇ injected env (1) from ..\config\.env
◇ injected env (0) from config\.env
◇ injected env (9) from .env
[2026-09-24T12:07:08.514Z] [INFO] Downloadit backend running on port 3001
[2026-09-24T12:07:08.516Z] [INFO] Configuration loaded {"NODE_ENV":"development","PORT":3001,"RESOLVER_PROVIDER":"puppeteer","CORS_ORIGIN":"http://localhost:3000","RESOLVER_TIMEOUT_MS":"15000","dotenvLoaded":true}
[2026-09-24T12:07:08.516Z] [INFO] Puppeteer provider active — headless Chrome will resolve Instagram URLs
[2026-09-24T12:07:08.517Z] [INFO] Audio provider status {"audioProvider":"not-configured","detail":"Set AUDIO_PROVIDER_URL + AUDIO_PROVIDER_KEY to enable direct audio-page resolution"}
5:37:17 PM [tsx] change in ./src\lib\story-resolve.ts Restarting...
◇ injected env (1) from ..\config\.env
◇ injected env (0) from config\.env
◇ injected env (9) from .env
[2026-09-24T12:07:17.765Z] [INFO] Downloadit backend running on port 3001
[2026-09-24T12:07:17.765Z] [INFO] Configuration loaded {"NODE_ENV":"development","PORT":3001,"RESOLVER_PROVIDER":"puppeteer","CORS_ORIGIN":"http://localhost:3000","RESOLVER_TIMEOUT_MS":"15000","dotenvLoaded":true}
[2026-09-24T12:07:17.765Z] [INFO] Puppeteer provider active — headless Chrome will resolve Instagram URLs
[2026-09-24T12:07:17.765Z] [INFO] Audio provider status {"audioProvider":"not-configured","detail":"Set AUDIO_PROVIDER_URL + AUDIO_PROVIDER_KEY to enable direct audio-page resolution"}
5:37:24 PM [tsx] change in ./src\lib\story-resolve.ts Restarting...
◇ injected env (1) from ..\config\.env
◇ injected env (0) from config\.env
◇ injected env (9) from .env
[2026-09-24T12:07:25.051Z] [INFO] Downloadit backend running on port 3001
[2026-09-24T12:07:25.051Z] [INFO] Configuration loaded {"NODE_ENV":"development","PORT":3001,"RESOLVER_PROVIDER":"puppeteer","CORS_ORIGIN":"http://localhost:3000","RESOLVER_TIMEOUT_MS":"15000","dotenvLoaded":true}
[2026-09-24T12:07:25.051Z] [INFO] Puppeteer provider active — headless Chrome will resolve Instagram URLs
[2026-09-24T12:07:25.051Z] [INFO] Audio provider status {"audioProvider":"not-configured","detail":"Set AUDIO_PROVIDER_URL + AUDIO_PROVIDER_KEY to enable direct audio-page resolution"}
5:37:30 PM [tsx] change in ./src\lib\story-resolve.ts Restarting...
◇ injected env (1) from ..\config\.env
◇ injected env (0) from config\.env
◇ injected env (9) from .env
[2026-09-24T12:07:31.330Z] [INFO] Downloadit backend running on port 3001
[2026-09-24T12:07:31.331Z] [INFO] Configuration loaded {"NODE_ENV":"development","PORT":3001,"RESOLVER_PROVIDER":"puppeteer","CORS_ORIGIN":"http://localhost:3000","RESOLVER_TIMEOUT_MS":"15000","dotenvLoaded":true}
[2026-09-24T12:07:31.331Z] [INFO] Puppeteer provider active — headless Chrome will resolve Instagram URLs
[2026-09-24T12:07:31.331Z] [INFO] Audio provider status {"audioProvider":"not-configured","detail":"Set AUDIO_PROVIDER_URL + AUDIO_PROVIDER_KEY to enable direct audio-page resolution"}
5:37:38 PM [tsx] change in ./src\lib\story-resolve.ts Restarting...
◇ injected env (1) from ..\config\.env
◇ injected env (0) from config\.env
◇ injected env (9) from .env
[2026-09-24T12:07:39.265Z] [INFO] Downloadit backend running on port 3001
[2026-09-24T12:07:39.266Z] [INFO] Configuration loaded {"NODE_ENV":"development","PORT":3001,"RESOLVER_PROVIDER":"puppeteer","CORS_ORIGIN":"http://localhost:3000","RESOLVER_TIMEOUT_MS":"15000","dotenvLoaded":true}
[2026-09-24T12:07:39.266Z] [INFO] Puppeteer provider active — headless Chrome will resolve Instagram URLs
[2026-09-24T12:07:39.266Z] [INFO] Audio provider status {"audioProvider":"not-configured","detail":"Set AUDIO_PROVIDER_URL + AUDIO_PROVIDER_KEY to enable direct audio-page resolution"}
5:37:49 PM [tsx] change in ./src\lib\story-resolve.ts Restarting...
◇ injected env (1) from ..\config\.env
◇ injected env (0) from config\.env
◇ injected env (9) from .env
[2026-09-24T12:07:50.218Z] [INFO] Downloadit backend running on port 3001
[2026-09-24T12:07:50.219Z] [INFO] Configuration loaded {"NODE_ENV":"development","PORT":3001,"RESOLVER_PROVIDER":"puppeteer","CORS_ORIGIN":"http://localhost:3000","RESOLVER_TIMEOUT_MS":"15000","dotenvLoaded":true}
[2026-09-24T12:07:50.219Z] [INFO] Puppeteer provider active — headless Chrome will resolve Instagram URLs
[2026-09-24T12:07:50.219Z] [INFO] Audio provider status {"audioProvider":"not-configured","detail":"Set AUDIO_PROVIDER_URL + AUDIO_PROVIDER_KEY to enable direct audio-page resolution"}
5:39:00 PM [tsx] change in ./src\lib\story-resolve.ts Restarting...
◇ injected env (1) from ..\config\.env
◇ injected env (0) from config\.env
◇ injected env (9) from .env
[2026-09-24T12:09:01.050Z] [INFO] Downloadit backend running on port 3001
[2026-09-24T12:09:01.051Z] [INFO] Configuration loaded {"NODE_ENV":"development","PORT":3001,"RESOLVER_PROVIDER":"puppeteer","CORS_ORIGIN":"http://localhost:3000","RESOLVER_TIMEOUT_MS":"15000","dotenvLoaded":true}
[2026-09-24T12:09:01.051Z] [INFO] Puppeteer provider active — headless Chrome will resolve Instagram URLs
[2026-09-24T12:09:01.051Z] [INFO] Audio provider status {"audioProvider":"not-configured","detail":"Set AUDIO_PROVIDER_URL + AUDIO_PROVIDER_KEY to enable direct audio-page resolution"}
5:39:17 PM [tsx] change in ./src\lib\story-resolve.ts Restarting...
◇ injected env (1) from ..\config\.env
◇ injected env (0) from config\.env
◇ injected env (9) from .env
[2026-09-24T12:09:18.251Z] [INFO] Downloadit backend running on port 3001
[2026-09-24T12:09:18.252Z] [INFO] Configuration loaded {"NODE_ENV":"development","PORT":3001,"RESOLVER_PROVIDER":"puppeteer","CORS_ORIGIN":"http://localhost:3000","RESOLVER_TIMEOUT_MS":"15000","dotenvLoaded":true}
[2026-09-24T12:09:18.252Z] [INFO] Puppeteer provider active — headless Chrome will resolve Instagram URLs
[2026-09-24T12:09:18.252Z] [INFO] Audio provider status {"audioProvider":"not-configured","detail":"Set AUDIO_PROVIDER_URL + AUDIO_PROVIDER_KEY to enable direct audio-page resolution"}
5:39:26 PM [tsx] change in ./src\lib\story-resolve.ts Restarting...
◇ injected env (1) from ..\config\.env
◇ injected env (0) from config\.env
◇ injected env (9) from .env
[2026-09-24T12:09:27.010Z] [INFO] Downloadit backend running on port 3001
[2026-09-24T12:09:27.012Z] [INFO] Configuration loaded {"NODE_ENV":"development","PORT":3001,"RESOLVER_PROVIDER":"puppeteer","CORS_ORIGIN":"http://localhost:3000","RESOLVER_TIMEOUT_MS":"15000","dotenvLoaded":true}
[2026-09-24T12:09:27.012Z] [INFO] Puppeteer provider active — headless Chrome will resolve Instagram URLs
[2026-09-24T12:09:27.012Z] [INFO] Audio provider status {"audioProvider":"not-configured","detail":"Set AUDIO_PROVIDER_URL + AUDIO_PROVIDER_KEY to enable direct audio-page resolution"}
