
> downloadit-frontend@0.1.0 dev
> next dev

▲ Next.js 16.3.5 (Turbopack)
- Local:         http://localhost:3000
- Network:       http://192.168.29.35:3000
- Environments: .env
✓ Ready in 346ms
⚠ Warning: Next.js inferred your workspace root, but it may not be correct.
 We detected multiple lockfiles and selected the directory of C:\Users\ansar\Desktop\insta video download\package-lock.json as the root directory.
 To silence this warning, set `turbopack.root` in your Next.js config, or consider removing one of the lockfiles if it's not needed.
   See https://nextjs.org/docs/app/api-reference/config/next-config-js/turbopack#root-directory for more information.
 Detected additional lockfiles: 
   * C:\Users\ansar\Desktop\insta video download\frontend\package-lock.json

✓ Running next.config.ts took 37ms

 HEAD / 200 in 349ms (next.js: 150ms, application-code: 199ms)
 GET / 200 in 45ms (next.js: 2ms, application-code: 42ms)
 GET / 200 in 56ms (next.js: 1.8ms, application-code: 54ms)
 GET / 200 in 57ms (next.js: 1.9ms, application-code: 55ms)
 GET / 200 in 52ms (next.js: 3ms, application-code: 49ms)
 GET / 200 in 54ms (next.js: 2.0ms, application-code: 52ms)
 GET / 200 in 55ms (next.js: 3ms, application-code: 52ms)
 GET / 200 in 131ms (next.js: 8ms, application-code: 123ms)
 GET /manifest.webmanifest 200 in 202ms (next.js: 130ms, application-code: 72ms)
[browser] A tree hydrated but some attributes of the server rendered HTML didn't match the client properties. This won't be patched up. This can happen if a SSR-ed Client Component used:

- A server/client branch `if (typeof window !== 'undefined')`.
- Variable input such as `Date.now()` or `Math.random()` which changes each time it's called.
- Date formatting in a user's locale which doesn't match the server.
- External changing data without sending a snapshot of it along with the HTML.
- Invalid HTML tag nesting.

It can also happen if the client has a browser extension installed which messes with the HTML before React loaded.

https://react.dev/link/hydration-mismatch

  ...
    <HotReload globalError={[...]} webSocket={WebSocket} staticIndicatorState={{pathname:null, ...}}>
      <AppDevOverlayErrorBoundary globalError={[...]}>
        <ReplaySsrOnlyErrors>
        <DevRootHTTPAccessFallbackBoundary>
          <HTTPAccessFallbackBoundary notFound={<NotAllowedRootHTTPFallbackError>}>
            <HTTPAccessFallbackErrorBoundary pathname="/" notFound={<NotAllowedRootHTTPFallbackError>} ...>
              <RedirectBoundary>
                <RedirectErrorBoundary router={{...}}>
                  <Head headCacheNode={{rsc:{...}, ...}}>
                    <__next_viewport_boundary__>
                    <MetadataWrapper>
                      <div
                        hidden={true}
-                       bis_skin_checked="1"
                      >
                    ...
                  <__next_root_layout_boundary__>
                    <SegmentViewNode type="layout" pagePath="layout.tsx">
                      <SegmentTrieNode>
                      <link>
                      <script>
                      <script>
                      <RootLayout>
                        <html lang="en" className="poppins_f9..." suppressHydrationWarning={true}>
                          <head>
                          <body
                            className="min-h-full flex flex-col antialiased"
-                           bis_register="W3sibWFzdGVyIjp0cnVlLCJleHRlbnNpb25JZCI6ImVwcGlvY2VtaG1ubGJoanBsY2drb2ZjaWll..."
-                           __processed_0faa35cf-448c-4fcd-8cf6-4d52d403cc3d__="true"
                          >
                            ...
                              <ClientPageRoot Component={function Home} serverProvidedParams={{...}}>
                                <Home params={Promise} searchParams={Promise}>
                                  <Header activeDownloaderTab={null} ...>
                                    <header className="fixed top-...">
                                      <div
                                        className="site-header-inner mx-auto flex h-[72px] max-w-[1200px] items-center..."
-                                       bis_skin_checked="1"
                                      >
                                        <LinkComponent>
                                        <div
                                          className="site-controls flex min-w-0 shrink-0 items-center gap-0.5 sm:gap-6"
-                                         bis_skin_checked="1"
                                        >
                                          <div
                                            className="relative"
                                            ref={{current:null}}
-                                           bis_skin_checked="1"
                                          >
                                          <LinkComponent>
                                          <button type="button" onClick={function toggleTheme} className="theme-toggle" ...>
                                            <div
                                              className="theme-toggle__thumb"
-                                             bis_skin_checked="1"
                                            >
                                            ...
                                          ...
                                    <div
                                      className="mobile-drawer fixed inset-y-0 right-0 z-50 flex h-full w-[min(82vw,38..."
                                      role="dialog"
                                      aria-modal="true"
                                      aria-hidden={true}
                                      aria-label="Mobile navigation"
-                                     bis_skin_checked="1"
                                    >
                                      <div
                                        className="mobile-drawer-header flex h-[68px] shrink-0 items-center justify-be..."
-                                       bis_skin_checked="1"
                                      >
                                        <div
-                                         bis_skin_checked="1"
                                        >
                                        ...
                                      <nav className="mobile-dra..." aria-label="Mobile nav...">
                                        <LinkComponent>
                                        <button>
                                        <button>
                                        <button>
                                        <button>
                                        <button>
                                        <div
                                          className="my-2 border-t border-border-light"
-                                         bis_skin_checked="1"
                                        >
                                        ...
                                      <div
                                        className="mobile-drawer-cta shrink-0 border-t border-border p-4 pb-[calc(1rem..."
-                                       bis_skin_checked="1"
                                      >
                                  <main className="flex-1">
                                    <HeroDownloader activeTab={null} onActiveTabChange={function bound dispatchSetState}>
                                      <section id="hero" className="hero-secti...">
                                        <div
                                          className="absolute inset-0 -z-10"
                                          aria-hidden="true"
-                                         bis_skin_checked="1"
                                        >
                                          <div
                                            className="absolute left-1/2 top-0 h-[420px] w-full max-w-[1000px] -transl..."
-                                           bis_skin_checked="1"
                                          >
                                        <div
                                          className="mx-auto w-full max-w-[1200px] min-w-0 px-3 sm:px-6 lg:px-12"
-                                         bis_skin_checked="1"
                                        >
                                          <div
                                            className="mx-auto w-full min-w-0 max-w-[680px] text-center"
-                                           bis_skin_checked="1"
                                          >
                                            <div
                                              className="animate-fade-in-up mb-4 inline-flex max-w-full items-center g..."
                                              style={{background:"var(--card)",boxShadow:"var(--shad...",border:"1px solid ..."}}
-                                             bis_skin_checked="1"
                                            >
                                            ...
                                          <div
                                            className="animate-fade-in-up delay-300 mx-auto mt-6 w-full min-w-0 max-w-..."
-                                           bis_skin_checked="1"
                                          >
                                            <div
                                              ref={{current:null}}
                                              role="tablist"
                                              aria-label="Content types"
                                              className="tabs-scroll flex items-center gap-1 overflow-x-auto rounded-f..."
                                              style={{background:"var(--card)",boxShadow:"var(--shad...",border:"1px solid ..."}}
-                                             bis_skin_checked="1"
                                            >
                                          <div
                                            className="animate-fade-in-up delay-300 mx-auto mt-4 w-full min-w-0 max-w-..."
-                                           bis_skin_checked="1"
                                          >
                                            <form onSubmit={function HeroDownloader.useCallback[handleSubmit]} ...>
                                              <div
                                                className="url-card rounded-[20px] p-2.5 transition-shadow"
                                                style={{background:"var(--card)",boxShadow:"var(--shad...",border:"1px solid ..."}}
-                                               bis_skin_checked="1"
                                              >
                                                <div
                                                  className="hidden sm:flex sm:flex-row sm:gap-2"
-                                                 bis_skin_checked="1"
                                                >
                                                  <div
                                                    className="relative min-w-0 flex-1"
-                                                   bis_skin_checked="1"
                                                  >
                                                  ...
                                                <div
                                                  className="flex flex-col gap-2 sm:hidden"
-                                                 bis_skin_checked="1"
                                                >
                                                  <div
                                                    className="relative"
-                                                   bis_skin_checked="1"
                                                  >
                                                  <div
                                                    className="url-actions flex min-w-0 flex-col gap-2"
-                                                   bis_skin_checked="1"
                                                  >
                                            <div
                                              className="mt-3 flex flex-wrap items-center justify-center gap-x-4 gap-y..."
-                                             bis_skin_checked="1"
                                            >
                                          <div
                                            ref={{current:null}}
                                            aria-live="polite"
                                            aria-atomic="true"
                                            className="scroll-mt-20"
-                                           bis_skin_checked="1"
                                          >
                                    <ScrollReveal>
                                      <div
                                        ref={{current:null}}
                                        className="fade-section"
                                        style={undefined}
-                                       bis_skin_checked="1"
                                      >
                                        <section className="mx-auto ma...">
                                          <div
                                            className="grid grid-cols-1 gap-4 sm:grid-cols-2 lg:grid-cols-4"
-                                           bis_skin_checked="1"
                                          >
                                            <div
                                              className="flex items-center gap-3.5 rounded-2xl p-[18px] shadow-[var(--..."
                                              style={{background:"var(--card)",border:"1px solid ..."}}
-                                             bis_skin_checked="1"
                                            >
                                              <div
                                                className="flex h-10 w-10 shrink-0 items-center justify-center rounded..."
                                                style={{background:"var(--acce...",border:"1px solid ..."}}
-                                               bis_skin_checked="1"
                                              >
                                              <div
-                                               bis_skin_checked="1"
                                              >
                                            <div
                                              className="flex items-center gap-3.5 rounded-2xl p-[18px] shadow-[var(--..."
                                              style={{background:"var(--card)",border:"1px solid ..."}}
-                                             bis_skin_checked="1"
                                            >
                                              <div
                                                className="flex h-10 w-10 shrink-0 items-center justify-center rounded..."
                                                style={{background:"var(--acce...",border:"1px solid ..."}}
-                                               bis_skin_checked="1"
                                              >
                                              <div
-                                               bis_skin_checked="1"
                                              >
                                            <div
                                              className="flex items-center gap-3.5 rounded-2xl p-[18px] shadow-[var(--..."
                                              style={{background:"var(--card)",border:"1px solid ..."}}
-                                             bis_skin_checked="1"
                                            >
                                              <div
                                                className="flex h-10 w-10 shrink-0 items-center justify-center rounded..."
                                                style={{background:"var(--acce...",border:"1px solid ..."}}
-                                               bis_skin_checked="1"
                                              >
                                              <div
-                                               bis_skin_checked="1"
                                              >
                                            <div
                                              className="flex items-center gap-3.5 rounded-2xl p-[18px] shadow-[var(--..."
                                              style={{background:"var(--card)",border:"1px solid ..."}}
-                                             bis_skin_checked="1"
                                            >
                                              <div
                                                className="flex h-10 w-10 shrink-0 items-center justify-center rounded..."
                                                style={{background:"var(--acce...",border:"1px solid ..."}}
-                                               bis_skin_checked="1"
                                              >
                                              <div
-                                               bis_skin_checked="1"
                                              >
                                    <ScrollReveal>
                                      <div
                                        ref={{current:null}}
                                        className="fade-section"
                                        style={undefined}
-                                       bis_skin_checked="1"
                                      >
                                        <Features>
                                          <section id="features" className="px-5 py-20..." aria-label="Features">
                                            <div
                                              className="mx-auto max-w-[1200px]"
-                                             bis_skin_checked="1"
                                            >
                                              <div
                                                className="mb-14 text-center"
-                                               bis_skin_checked="1"
                                              >
                                              <div
                                                className="grid grid-cols-1 gap-5 sm:grid-cols-2 lg:grid-cols-3 max-w-..."
-                                               bis_skin_checked="1"
                                              >
                                                <div
                                                  className="group rounded-[20px] bg-card p-7 shadow-[var(--shadow-car..."
                                                  style={{border:"1px solid ..."}}
-                                                 bis_skin_checked="1"
                                                >
                                                  <div
                                                    className="mb-5 flex h-10 w-10 items-center justify-center rounded-xl"
                                                    style={{background:"var(--acce...",border:"1px solid ..."}}
-                                                   bis_skin_checked="1"
                                                  >
                                                  ...
                                                <div
                                                  className="group rounded-[20px] bg-card p-7 shadow-[var(--shadow-car..."
                                                  style={{border:"1px solid ..."}}
-                                                 bis_skin_checked="1"
                                                >
                                                  <div
                                                    className="mb-5 flex h-10 w-10 items-center justify-center rounded-xl"
                                                    style={{background:"var(--acce...",border:"1px solid ..."}}
-                                                   bis_skin_checked="1"
                                                  >
                                                  ...
                                                <div
                                                  className="group rounded-[20px] bg-card p-7 shadow-[var(--shadow-car..."
                                                  style={{border:"1px solid ..."}}
-                                                 bis_skin_checked="1"
                                                >
                                                  <div
                                                    className="mb-5 flex h-10 w-10 items-center justify-center rounded-xl"
                                                    style={{background:"var(--acce...",border:"1px solid ..."}}
-                                                   bis_skin_checked="1"
                                                  >
                                                  ...
                                                <div
                                                  className="group rounded-[20px] bg-card p-7 shadow-[var(--shadow-car..."
                                                  style={{border:"1px solid ..."}}
-                                                 bis_skin_checked="1"
                                                >
                                                  <div
                                                    className="mb-5 flex h-10 w-10 items-center justify-center rounded-xl"
                                                    style={{background:"var(--acce...",border:"1px solid ..."}}
-                                                   bis_skin_checked="1"
                                                  >
                                                  ...
                                                <div
                                                  className="group rounded-[20px] bg-card p-7 shadow-[var(--shadow-car..."
                                                  style={{border:"1px solid ..."}}
-                                                 bis_skin_checked="1"
                                                >
                                                  <div
                                                    className="mb-5 flex h-10 w-10 items-center justify-center rounded-xl"
                                                    style={{background:"var(--acce...",border:"1px solid ..."}}
-                                                   bis_skin_checked="1"
                                                  >
                                                  ...
                                                <div
                                                  className="group rounded-[20px] bg-card p-7 shadow-[var(--shadow-car..."
                                                  style={{border:"1px solid ..."}}
-                                                 bis_skin_checked="1"
                                                >
                                                  <div
                                                    className="mb-5 flex h-10 w-10 items-center justify-center rounded-xl"
                                                    style={{background:"var(--acce...",border:"1px solid ..."}}
-                                                   bis_skin_checked="1"
                                                  >
                                                  ...
                                                <div
                                                  className="group rounded-[20px] bg-card p-7 shadow-[var(--shadow-car..."
                                                  style={{border:"1px solid ..."}}
-                                                 bis_skin_checked="1"
                                                >
                                                  <div
                                                    className="mb-5 flex h-10 w-10 items-center justify-center rounded-xl"
                                                    style={{background:"var(--acce...",border:"1px solid ..."}}
-                                                   bis_skin_checked="1"
                                                  >
                                                  ...
                                    <ScrollReveal>
                                      <div
                                        ref={{current:null}}
                                        className="fade-section"
                                        style={undefined}
-                                       bis_skin_checked="1"
                                      >
                                        <HowItWorks>
                                          <section id="how-it-works" className="px-5 py-20..." aria-label="How It Works">
                                            <div
                                              className="mx-auto max-w-[1200px]"
-                                             bis_skin_checked="1"
                                            >
                                              <div
                                                className="mb-14 text-center"
-                                               bis_skin_checked="1"
                                              >
                                              <div
                                                className="relative flex flex-col items-start justify-center sm:flex-r..."
-                                               bis_skin_checked="1"
                                              >
                                                <div
                                                  className="flex items-center sm:flex-1"
-                                                 bis_skin_checked="1"
                                                >
                                                  <div
                                                    className="flex flex-1 flex-col items-center text-center px-4"
-                                                   bis_skin_checked="1"
                                                  >
                                                    <p>
                                                    <div
                                                      className="mb-5 flex h-[70px] w-[70px] items-center justify-cent..."
                                                      style={{background:"var(--bran...",boxShadow:"var(--shad..."}}
-                                                     bis_skin_checked="1"
                                                    >
                                                    ...
                                                  <div
                                                    className="hidden sm:block h-px flex-shrink-0 mt-[22px]"
                                                    style={{width:120,background:"linear-gra..."}}
-                                                   bis_skin_checked="1"
                                                  >
                                                <div
                                                  className="flex items-center sm:flex-1"
-                                                 bis_skin_checked="1"
                                                >
                                                  <div
                                                    className="flex flex-1 flex-col items-center text-center px-4"
-                                                   bis_skin_checked="1"
                                                  >
                                                    <p>
                                                    <div
                                                      className="mb-5 flex h-[70px] w-[70px] items-center justify-cent..."
                                                      style={{background:"var(--bran...",boxShadow:"var(--shad..."}}
-                                                     bis_skin_checked="1"
                                                    >
                                                    ...
                                                  <div
                                                    className="hidden sm:block h-px flex-shrink-0 mt-[22px]"
                                                    style={{width:120,background:"linear-gra..."}}
-                                                   bis_skin_checked="1"
                                                  >
                                                <div
                                                  className="flex items-center sm:flex-1"
-                                                 bis_skin_checked="1"
                                                >
                                                  <div
                                                    className="flex flex-1 flex-col items-center text-center px-4"
-                                                   bis_skin_checked="1"
                                                  >
                                                    <p>
                                                    <div
                                                      className="mb-5 flex h-[70px] w-[70px] items-center justify-cent..."
                                                      style={{background:"var(--bran...",boxShadow:"var(--shad..."}}
-                                                     bis_skin_checked="1"
                                                    >
                                                    ...
                                    <ScrollReveal>
                                      <div
                                        ref={{current:null}}
                                        className="fade-section"
                                        style={undefined}
-                                       bis_skin_checked="1"
                                      >
                                        <FAQ>
                                          <script>
                                          <section id="faq" className="px-4 py-20..." aria-label="Common que...">
                                            <div
                                              className="mx-auto max-w-[720px]"
-                                             bis_skin_checked="1"
                                            >
                                              <div
                                                className="mb-14 text-center"
-                                               bis_skin_checked="1"
                                              >
                                              <div
                                                className="flex flex-col gap-3"
-                                               bis_skin_checked="1"
                                              >
                                                <div
                                                  className="rounded-2xl transition-all duration-200"
                                                  style={{background:"var(--acce...",border:"1px solid ...",boxShadow:"none"}}
-                                                 bis_skin_checked="1"
                                                >
                                                  <button>
                                                  <div
                                                    id="faq-answer-0"
                                                    role="region"
                                                    className="overflow-hidden transition-all duration-300"
                                                    style={{maxHeight:200,opacity:1,padding:"0 24px 20px"}}
-                                                   bis_skin_checked="1"
                                                  >
                                                <div
                                                  className="rounded-2xl transition-all duration-200"
                                                  style={{background:"var(--card)",border:"1px solid ...",boxShadow:"var(--shad..."}}
-                                                 bis_skin_checked="1"
                                                >
                                                  <button>
                                                  <div
                                                    id="faq-answer-1"
                                                    role="region"
                                                    className="overflow-hidden transition-all duration-300"
                                                    style={{maxHeight:0,opacity:0,padding:"0 24px"}}
-                                                   bis_skin_checked="1"
                                                  >
                                                <div
                                                  className="rounded-2xl transition-all duration-200"
                                                  style={{background:"var(--card)",border:"1px solid ...",boxShadow:"var(--shad..."}}
-                                                 bis_skin_checked="1"
                                                >
                                                  <button>
                                                  <div
                                                    id="faq-answer-2"
                                                    role="region"
                                                    className="overflow-hidden transition-all duration-300"
                                                    style={{maxHeight:0,opacity:0,padding:"0 24px"}}
-                                                   bis_skin_checked="1"
                                                  >
                                                <div
                                                  className="rounded-2xl transition-all duration-200"
                                                  style={{background:"var(--card)",border:"1px solid ...",boxShadow:"var(--shad..."}}
-                                                 bis_skin_checked="1"
                                                >
                                                  <button>
                                                  <div
                                                    id="faq-answer-3"
                                                    role="region"
                                                    className="overflow-hidden transition-all duration-300"
                                                    style={{maxHeight:0,opacity:0,padding:"0 24px"}}
-                                                   bis_skin_checked="1"
                                                  >
                                                <div
                                                  className="rounded-2xl transition-all duration-200"
                                                  style={{background:"var(--card)",border:"1px solid ...",boxShadow:"var(--shad..."}}
-                                                 bis_skin_checked="1"
                                                >
                                                  <button>
                                                  <div
                                                    id="faq-answer-4"
                                                    role="region"
                                                    className="overflow-hidden transition-all duration-300"
                                                    style={{maxHeight:0,opacity:0,padding:"0 24px"}}
-                                                   bis_skin_checked="1"
                                                  >
                                                <div
                                                  className="rounded-2xl transition-all duration-200"
                                                  style={{background:"var(--card)",border:"1px solid ...",boxShadow:"var(--shad..."}}
-                                                 bis_skin_checked="1"
                                                >
                                                  <button>
                                                  <div
                                                    id="faq-answer-5"
                                                    role="region"
                                                    className="overflow-hidden transition-all duration-300"
                                                    style={{maxHeight:0,opacity:0,padding:"0 24px"}}
-                                                   bis_skin_checked="1"
                                                  >
                                                <div
                                                  className="rounded-2xl transition-all duration-200"
                                                  style={{background:"var(--card)",border:"1px solid ...",boxShadow:"var(--shad..."}}
-                                                 bis_skin_checked="1"
                                                >
                                                  <button>
                                                  <div
                                                    id="faq-answer-6"
                                                    role="region"
                                                    className="overflow-hidden transition-all duration-300"
                                                    style={{maxHeight:0,opacity:0,padding:"0 24px"}}
-                                                   bis_skin_checked="1"
                                                  >
                                  <Footer>
                                    <footer className="mt-20 bord...">
                                      <div
                                        className="mx-auto max-w-[1200px]"
-                                       bis_skin_checked="1"
                                      >
                                        <div
                                          className="grid grid-cols-1 gap-10 sm:grid-cols-2 lg:grid-cols-[1.5fr_1fr_1f..."
-                                         bis_skin_checked="1"
                                        >
                                          <div
-                                           bis_skin_checked="1"
                                          >
                                            <LinkComponent>
                                            <p>
                                            <p>
                                            <div
                                              className="mt-5"
-                                             bis_skin_checked="1"
                                            >
                                          ...
                                        <p>
                                        <div
                                          className="mt-4 flex flex-col gap-2 border-t border-border pt-6 sm:flex-row ..."
-                                         bis_skin_checked="1"
                                        >
                  ...
 
 GET / 200 in 35ms (next.js: 8ms, application-code: 27ms)
✓ Compiled in 64ms
 GET /manifest.webmanifest 200 in 8ms (next.js: 4ms, application-code: 4ms)
 GET / 200 in 33ms (next.js: 5ms, application-code: 28ms)
✓ Compiled in 114ms
 GET /manifest.webmanifest 200 in 13ms (next.js: 4ms, application-code: 9ms)
 GET / 200 in 25ms (next.js: 4ms, application-code: 21ms)
✓ Compiled in 40ms
 GET /manifest.webmanifest 200 in 9ms (next.js: 3ms, application-code: 6ms)
 GET / 200 in 62ms (next.js: 16ms, application-code: 46ms)
 GET /manifest.webmanifest 200 in 12ms (next.js: 4ms, application-code: 8ms)
⚠ Fast Refresh had to perform a full reload when ./frontend/src/i18n/en.ts changed. Read more: https://nextjs.org/docs/messages/fast-refresh-reload
✓ Compiled in 81ms
 GET / 200 in 199ms (next.js: 20ms, application-code: 179ms)
 GET / 200 in 141ms (next.js: 4ms, application-code: 138ms)
 GET /manifest.webmanifest 200 in 11ms (next.js: 4ms, application-code: 7ms)
 GET / 200 in 59ms (next.js: 12ms, application-code: 47ms)
 GET /manifest.webmanifest 200 in 11ms (next.js: 4ms, application-code: 7ms)
 GET / 200 in 54ms (next.js: 10ms, application-code: 44ms)
 GET /manifest.webmanifest 200 in 12ms (next.js: 5ms, application-code: 7ms)
✓ Compiled in 248ms
 GET / 200 in 421ms (next.js: 194ms, application-code: 226ms)
 GET / 200 in 149ms (next.js: 6ms, application-code: 143ms)
 GET / 200 in 153ms (next.js: 9ms, application-code: 144ms)
 GET / 200 in 154ms (next.js: 5ms, application-code: 149ms)
 GET / 200 in 168ms (next.js: 11ms, application-code: 157ms)
 GET / 200 in 156ms (next.js: 6ms, application-code: 150ms)
 GET / 200 in 148ms (next.js: 8ms, application-code: 140ms)
 GET / 200 in 140ms (next.js: 5ms, application-code: 136ms)
 GET / 200 in 106ms (next.js: 7ms, application-code: 100ms)
 GET / 200 in 152ms (next.js: 6ms, application-code: 146ms)
 GET / 200 in 157ms (next.js: 7ms, application-code: 150ms)
 GET / 200 in 139ms (next.js: 6ms, application-code: 133ms)
 GET / 200 in 142ms (next.js: 9ms, application-code: 133ms)
 GET / 200 in 127ms (next.js: 4ms, application-code: 123ms)
 GET / 200 in 131ms (next.js: 7ms, application-code: 124ms)
 GET / 200 in 146ms (next.js: 6ms, application-code: 141ms)
 GET / 200 in 147ms (next.js: 6ms, application-code: 141ms)
 GET / 200 in 147ms (next.js: 8ms, application-code: 139ms)
 GET / 200 in 148ms (next.js: 5ms, application-code: 144ms)
 GET / 200 in 106ms (next.js: 6ms, application-code: 100ms)
 GET / 200 in 107ms (next.js: 7ms, application-code: 100ms)
 GET / 200 in 49ms (next.js: 6ms, application-code: 44ms)
 GET /manifest.webmanifest 200 in 95ms (next.js: 77ms, application-code: 18ms)
 GET / 200 in 330ms (next.js: 124ms, application-code: 206ms)
 GET / 200 in 116ms (next.js: 6ms, application-code: 110ms)
 GET / 200 in 114ms (next.js: 6ms, application-code: 109ms)
 GET / 200 in 115ms (next.js: 5ms, application-code: 110ms)
 GET / 200 in 123ms (next.js: 5ms, application-code: 118ms)
 GET / 200 in 131ms (next.js: 6ms, application-code: 125ms)
 GET / 200 in 138ms (next.js: 5ms, application-code: 133ms)
 GET / 200 in 131ms (next.js: 8ms, application-code: 123ms)
 GET / 200 in 122ms (next.js: 5ms, application-code: 117ms)
 GET / 200 in 122ms (next.js: 5ms, application-code: 117ms)
 GET / 200 in 125ms (next.js: 5ms, application-code: 120ms)
 GET / 200 in 134ms (next.js: 6ms, application-code: 128ms)
 GET / 200 in 93ms (next.js: 4ms, application-code: 89ms)
 GET / 200 in 128ms (next.js: 6ms, application-code: 122ms)
 GET / 200 in 133ms (next.js: 4ms, application-code: 129ms)
 GET / 200 in 135ms (next.js: 6ms, application-code: 129ms)
 GET / 200 in 140ms (next.js: 11ms, application-code: 129ms)
 GET / 200 in 157ms (next.js: 6ms, application-code: 151ms)
 GET / 200 in 155ms (next.js: 5ms, application-code: 150ms)
 GET / 200 in 148ms (next.js: 9ms, application-code: 138ms)
 GET / 200 in 122ms (next.js: 5ms, application-code: 117ms)
 GET / 200 in 128ms (next.js: 4ms, application-code: 124ms)
 GET / 200 in 90ms (next.js: 8ms, application-code: 82ms)
 GET / 200 in 51ms (next.js: 5ms, application-code: 47ms)
 GET /manifest.webmanifest 200 in 87ms (next.js: 63ms, application-code: 24ms)
 GET / 200 in 302ms (next.js: 107ms, application-code: 195ms)
 GET / 200 in 124ms (next.js: 5ms, application-code: 119ms)
 GET / 200 in 128ms (next.js: 5ms, application-code: 124ms)
 GET / 200 in 126ms (next.js: 8ms, application-code: 118ms)
 GET / 200 in 120ms (next.js: 6ms, application-code: 115ms)
 GET / 200 in 127ms (next.js: 6ms, application-code: 121ms)
 GET / 200 in 139ms (next.js: 9ms, application-code: 130ms)
 GET / 200 in 139ms (next.js: 9ms, application-code: 130ms)
 GET / 200 in 137ms (next.js: 5ms, application-code: 133ms)
 GET / 200 in 129ms (next.js: 4ms, application-code: 125ms)
 GET / 200 in 127ms (next.js: 5ms, application-code: 122ms)
 GET / 200 in 133ms (next.js: 9ms, application-code: 124ms)
 GET / 200 in 131ms (next.js: 8ms, application-code: 123ms)
 GET / 200 in 137ms (next.js: 4ms, application-code: 133ms)
 GET / 200 in 131ms (next.js: 7ms, application-code: 124ms)
 GET / 200 in 136ms (next.js: 4ms, application-code: 132ms)
 GET / 200 in 160ms (next.js: 6ms, application-code: 154ms)
 GET / 200 in 156ms (next.js: 10ms, application-code: 146ms)
 GET / 200 in 163ms (next.js: 7ms, application-code: 157ms)
 GET / 200 in 136ms (next.js: 6ms, application-code: 130ms)
 GET / 200 in 138ms (next.js: 10ms, application-code: 127ms)
 GET / 200 in 128ms (next.js: 6ms, application-code: 122ms)
 GET / 200 in 123ms (next.js: 5ms, application-code: 119ms)
 GET / 200 in 121ms (next.js: 6ms, application-code: 115ms)
 GET / 200 in 79ms (next.js: 5ms, application-code: 74ms)
 GET / 200 in 45ms (next.js: 5ms, application-code: 40ms)
 GET /manifest.webmanifest 200 in 76ms (next.js: 58ms, application-code: 18ms)
 GET / 200 in 149ms (next.js: 68ms, application-code: 81ms)
 GET / 200 in 33ms (next.js: 3ms, application-code: 30ms)
 GET / 200 in 51ms (next.js: 2ms, application-code: 49ms)
 GET / 200 in 38ms (next.js: 2ms, application-code: 36ms)
 GET / 200 in 35ms (next.js: 2ms, application-code: 33ms)
 GET / 200 in 33ms (next.js: 3ms, application-code: 30ms)
 GET / 200 in 34ms (next.js: 2ms, application-code: 31ms)
 GET / 200 in 35ms (next.js: 2ms, application-code: 33ms)
 GET / 200 in 50ms (next.js: 2ms, application-code: 48ms)
 GET / 200 in 35ms (next.js: 2ms, application-code: 32ms)
 GET / 200 in 46ms (next.js: 3ms, application-code: 43ms)
 GET / 200 in 47ms (next.js: 3ms, application-code: 44ms)
 GET / 200 in 36ms (next.js: 2ms, application-code: 34ms)
 GET / 200 in 51ms (next.js: 3ms, application-code: 48ms)
 GET / 200 in 33ms (next.js: 3ms, application-code: 31ms)
 GET / 200 in 34ms (next.js: 1.9ms, application-code: 32ms)
 GET / 200 in 56ms (next.js: 3ms, application-code: 53ms)
 GET / 200 in 58ms (next.js: 3ms, application-code: 55ms)
 GET / 200 in 59ms (next.js: 3ms, application-code: 56ms)
 GET / 200 in 52ms (next.js: 3ms, application-code: 49ms)
 GET / 200 in 35ms (next.js: 5ms, application-code: 30ms)
 GET / 200 in 34ms (next.js: 2ms, application-code: 32ms)
 GET / 200 in 53ms (next.js: 3ms, application-code: 50ms)
 GET / 200 in 52ms (next.js: 3ms, application-code: 49ms)
 GET / 200 in 46ms (next.js: 3ms, application-code: 44ms)
 GET / 200 in 33ms (next.js: 2ms, application-code: 31ms)
 GET / 200 in 31ms (next.js: 2ms, application-code: 29ms)
 GET / 200 in 17ms (next.js: 3ms, application-code: 14ms)
 GET /manifest.webmanifest 200 in 34ms (next.js: 26ms, application-code: 8ms)
 GET / 200 in 154ms (next.js: 69ms, application-code: 85ms)
 GET / 200 in 35ms (next.js: 3ms, application-code: 32ms)
 GET / 200 in 53ms (next.js: 2ms, application-code: 51ms)
 GET / 200 in 37ms (next.js: 3ms, application-code: 34ms)
 GET / 200 in 35ms (next.js: 3ms, application-code: 32ms)
 GET / 200 in 39ms (next.js: 2ms, application-code: 36ms)
 GET / 200 in 58ms (next.js: 4ms, application-code: 54ms)
 GET / 200 in 56ms (next.js: 3ms, application-code: 54ms)
 GET / 200 in 55ms (next.js: 3ms, application-code: 52ms)
 GET / 200 in 50ms (next.js: 2ms, application-code: 48ms)
 GET / 200 in 35ms (next.js: 2ms, application-code: 32ms)
 GET / 200 in 50ms (next.js: 2ms, application-code: 48ms)
 GET / 200 in 54ms (next.js: 2ms, application-code: 51ms)
 GET / 200 in 39ms (next.js: 2ms, application-code: 37ms)
 GET / 200 in 34ms (next.js: 3ms, application-code: 32ms)
 GET / 200 in 36ms (next.js: 2ms, application-code: 34ms)
 GET / 200 in 57ms (next.js: 3ms, application-code: 54ms)
 GET / 200 in 60ms (next.js: 3ms, application-code: 57ms)
 GET / 200 in 43ms (next.js: 2ms, application-code: 40ms)
 GET / 200 in 37ms (next.js: 3ms, application-code: 34ms)
 GET / 200 in 54ms (next.js: 3ms, application-code: 51ms)
 GET / 200 in 53ms (next.js: 3ms, application-code: 51ms)
 GET / 200 in 41ms (next.js: 3ms, application-code: 39ms)
 GET / 200 in 54ms (next.js: 2ms, application-code: 52ms)
 GET / 200 in 51ms (next.js: 3ms, application-code: 47ms)
 GET / 200 in 49ms (next.js: 2ms, application-code: 47ms)
 GET / 200 in 49ms (next.js: 2ms, application-code: 46ms)
 GET / 200 in 53ms (next.js: 2ms, application-code: 51ms)
 GET / 200 in 37ms (next.js: 2ms, application-code: 35ms)
 GET / 200 in 19ms (next.js: 3ms, application-code: 16ms)
 GET /manifest.webmanifest 200 in 36ms (next.js: 28ms, application-code: 8ms)
 GET / 200 in 140ms (next.js: 67ms, application-code: 73ms)
 GET / 200 in 35ms (next.js: 2ms, application-code: 32ms)
 GET / 200 in 33ms (next.js: 2ms, application-code: 31ms)
 GET / 200 in 44ms (next.js: 2ms, application-code: 42ms)
 GET / 200 in 33ms (next.js: 2ms, application-code: 31ms)
 GET / 200 in 46ms (next.js: 2ms, application-code: 44ms)
 GET / 200 in 47ms (next.js: 3ms, application-code: 44ms)
 GET / 200 in 47ms (next.js: 2ms, application-code: 45ms)
 GET / 200 in 49ms (next.js: 2ms, application-code: 47ms)
 GET / 200 in 52ms (next.js: 2ms, application-code: 50ms)
 GET / 200 in 52ms (next.js: 1.9ms, application-code: 50ms)
 GET / 200 in 52ms (next.js: 2ms, application-code: 50ms)
 GET / 200 in 50ms (next.js: 2ms, application-code: 48ms)
 GET / 200 in 51ms (next.js: 2ms, application-code: 49ms)
 GET / 200 in 35ms (next.js: 3ms, application-code: 33ms)
 GET / 200 in 37ms (next.js: 2ms, application-code: 35ms)
 GET / 200 in 57ms (next.js: 2ms, application-code: 55ms)
 GET / 200 in 40ms (next.js: 3ms, application-code: 38ms)
 GET / 200 in 56ms (next.js: 3ms, application-code: 53ms)
 GET / 200 in 56ms (next.js: 3ms, application-code: 53ms)
 GET / 200 in 41ms (next.js: 3ms, application-code: 38ms)
 GET / 200 in 35ms (next.js: 2ms, application-code: 33ms)
 GET / 200 in 47ms (next.js: 4ms, application-code: 43ms)
 GET / 200 in 33ms (next.js: 2ms, application-code: 31ms)
 GET / 200 in 33ms (next.js: 2ms, application-code: 31ms)
 GET / 200 in 50ms (next.js: 3ms, application-code: 47ms)
 GET / 200 in 49ms (next.js: 2ms, application-code: 47ms)
 GET / 200 in 51ms (next.js: 3ms, application-code: 49ms)
 GET / 200 in 52ms (next.js: 2ms, application-code: 50ms)
 GET / 200 in 43ms (next.js: 2ms, application-code: 41ms)
 GET / 200 in 40ms (next.js: 3ms, application-code: 37ms)
 GET / 200 in 17ms (next.js: 2ms, application-code: 14ms)
 GET /manifest.webmanifest 200 in 34ms (next.js: 27ms, application-code: 7ms)
 GET / 200 in 22ms (next.js: 2ms, application-code: 20ms)
 GET /manifest.webmanifest 200 in 4ms (next.js: 1.6ms, application-code: 3ms)
 GET / 200 in 18ms (next.js: 4ms, application-code: 14ms)
✓ Compiled in 32ms
 GET /manifest.webmanifest 200 in 4ms (next.js: 1.4ms, application-code: 3ms)
 GET / 200 in 25ms (next.js: 6ms, application-code: 19ms)
✓ Compiled in 51ms
 GET /manifest.webmanifest 200 in 5ms (next.js: 1.9ms, application-code: 3ms)
 GET / 200 in 22ms (next.js: 5ms, application-code: 17ms)
✓ Compiled in 53ms
 GET /manifest.webmanifest 200 in 6ms (next.js: 3ms, application-code: 3ms)
 GET / 200 in 20ms (next.js: 4ms, application-code: 16ms)
✓ Compiled in 31ms
⚠ Fast Refresh had to perform a full reload due to a runtime error.
⨯ ReferenceError: Clock is not defined
    at Header (src\components\Header.tsx:285:75)
  283 |             ["/instagram-video-downloader", "Instagram Video Downloader", Video, "text-primary", "bg-primary-light"],
  284 |             ["/instagram-photo-downloader", "Instagram Photo Downloader", ImageIcon, "text-orange-500", "bg-orange-500/10"],
> 285 |             ["/instagram-story-downloader", "Instagram Story Downloader", Clock, "text-sky-500", "bg-sky-500/10"],
      |                                                                           ^
  286 |             ["/instagram-highlights-downloader", "Instagram Highlights Downloader", Star, "text-amber-500", "bg-amber-500/10"],
  287 |             ["/instagram-audio-downloader", "Instagram Audio Downloader", Music2, "text-emerald-500", "bg-emerald-500/10"],
  288 |           ] as const).map(([href, label, Icon]) => { {
  digest: '3762690611'
}
✓ Compiled in 59ms
 GET / 500 in 182ms (next.js: 5ms, application-code: 177ms)
 GET /manifest.webmanifest 200 in 6ms (next.js: 1.6ms, application-code: 4ms)
⨯ ReferenceError: Clock is not defined
    at Header (src\components\Header.tsx:285:75)
  283 |             ["/instagram-video-downloader", "Instagram Video Downloader", Video, "text-primary", "bg-primary-light"],
  284 |             ["/instagram-photo-downloader", "Instagram Photo Downloader", ImageIcon, "text-orange-500", "bg-orange-500/10"],
> 285 |             ["/instagram-story-downloader", "Instagram Story Downloader", Clock, "text-sky-500", "bg-sky-500/10"],
      |                                                                           ^
  286 |             ["/instagram-highlights-downloader", "Instagram Highlights Downloader", Star, "text-amber-500", "bg-amber-500/10"],
  287 |             ["/instagram-audio-downloader", "Instagram Audio Downloader", Music2, "text-emerald-500", "bg-emerald-500/10"],
  288 |           ] as const).map(([href, label, Icon]) => { {
  digest: '3762690611'
}
 GET / 500 in 50ms (next.js: 6ms, application-code: 45ms)
 GET /manifest.webmanifest 200 in 5ms (next.js: 2ms, application-code: 3ms)
⨯ ReferenceError: Clock is not defined
    at Header (src\components\Header.tsx:284:75)
  282 |             ["/instagram-video-downloader", "Instagram Video Downloader", Video, "text-primary", "bg-primary-light"],
  283 |             ["/instagram-photo-downloader", "Instagram Photo Downloader", ImageIcon, "text-orange-500", "bg-orange-500/10"],
> 284 |             ["/instagram-story-downloader", "Instagram Story Downloader", Clock, "text-sky-500", "bg-sky-500/10"],
      |                                                                           ^
  285 |             ["/instagram-highlights-downloader", "Instagram Highlights Downloader", Star, "text-amber-500", "bg-amber-500/10"],
  286 |             ["/instagram-audio-downloader", "Instagram Audio Downloader", Music2, "text-emerald-500", "bg-emerald-500/10"],
  287 |           ] as const).map(([href, label, Icon]) => { {
  digest: '3762690611'
}
 GET / 500 in 106ms (next.js: 6ms, application-code: 99ms)
 GET /manifest.webmanifest 200 in 6ms (next.js: 3ms, application-code: 4ms)
⨯ ReferenceError: Clock is not defined
    at Header (src\components\Header.tsx:283:75)
  281 |             ["/instagram-video-downloader", "Instagram Video Downloader", Video, "text-primary", "bg-primary-light"],
  282 |             ["/instagram-photo-downloader", "Instagram Photo Downloader", ImageIcon, "text-orange-500", "bg-orange-500/10"],
> 283 |             ["/instagram-story-downloader", "Instagram Story Downloader", Clock, "text-sky-500", "bg-sky-500/10"],
      |                                                                           ^
  284 |             ["/instagram-highlights-downloader", "Instagram Highlights Downloader", Star, "text-amber-500", "bg-amber-500/10"],
  285 |             ["/instagram-audio-downloader", "Instagram Audio Downloader", Music2, "text-emerald-500", "bg-emerald-500/10"],
  286 |           ] as const).map(([href, label, Icon]) => { {
  digest: '3762690611'
}
 GET / 500 in 84ms (next.js: 7ms, application-code: 78ms)
 GET /manifest.webmanifest 200 in 10ms (next.js: 4ms, application-code: 6ms)
⨯ ReferenceError: Clock is not defined
    at Header (src\components\Header.tsx:274:75)
  272 |             ["/instagram-video-downloader", "Instagram Video Downloader", Video, "text-primary", "bg-primary-light"],
  273 |             ["/instagram-photo-downloader", "Instagram Photo Downloader", ImageIcon, "text-orange-500", "bg-orange-500/10"],
> 274 |             ["/instagram-story-downloader", "Instagram Story Downloader", Clock, "text-sky-500", "bg-sky-500/10"],
      |                                                                           ^
  275 |             ["/instagram-highlights-downloader", "Instagram Highlights Downloader", Star, "text-amber-500", "bg-amber-500/10"],
  276 |             ["/instagram-audio-downloader", "Instagram Audio Downloader", Music2, "text-emerald-500", "bg-emerald-500/10"],
  277 |           ] as const).map(([href, label, Icon]) => { {
  digest: '3762690611'
}
 GET / 500 in 79ms (next.js: 6ms, application-code: 73ms)
 GET /manifest.webmanifest 200 in 6ms (next.js: 1.9ms, application-code: 4ms)
⨯ ReferenceError: Clock is not defined
    at Header (src\components\Header.tsx:271:75)
  269 |             ["/instagram-video-downloader", "Instagram Video Downloader", Video, "text-primary", "bg-primary-light"],
  270 |             ["/instagram-photo-downloader", "Instagram Photo Downloader", ImageIcon, "text-orange-500", "bg-orange-500/10"],
> 271 |             ["/instagram-story-downloader", "Instagram Story Downloader", Clock, "text-sky-500", "bg-sky-500/10"],
      |                                                                           ^
  272 |             ["/instagram-highlights-downloader", "Instagram Highlights Downloader", Star, "text-amber-500", "bg-amber-500/10"],
  273 |             ["/instagram-audio-downloader", "Instagram Audio Downloader", Music2, "text-emerald-500", "bg-emerald-500/10"],
  274 |           ] as const).map(([href, label, Icon]) => { {
  digest: '3762690611'
}
 GET / 500 in 70ms (next.js: 5ms, application-code: 65ms)
 GET /manifest.webmanifest 200 in 7ms (next.js: 4ms, application-code: 3ms)
⨯ ReferenceError: Clock is not defined
    at Header (src\components\Header.tsx:271:75)
  269 |             ["/instagram-video-downloader", "Instagram Video Downloader", Video, "bg-primary-light"] as const,
  270 |             ["/instagram-photo-downloader", "Instagram Photo Downloader", ImageIcon, "bg-orange-500/10"] as const,
> 271 |             ["/instagram-story-downloader", "Instagram Story Downloader", Clock, "bg-sky-500/10"] as const,
      |                                                                           ^
  272 |             ["/instagram-highlights-downloader", "Instagram Highlights Downloader", Star, "bg-amber-500/10"] as const,
  273 |             ["/instagram-audio-downloader", "Instagram Audio Downloader", Music2, "bg-emerald-500/10"] as const,
  274 |           ]).map(([href, label, Icon, bg]) => { {
  digest: '3762690611'
}
 GET / 500 in 66ms (next.js: 6ms, application-code: 60ms)
 GET /manifest.webmanifest 200 in 11ms (next.js: 3ms, application-code: 8ms)
 GET / 200 in 109ms (next.js: 7ms, application-code: 102ms)
 GET /manifest.webmanifest 200 in 8ms (next.js: 4ms, application-code: 4ms)
 GET / 200 in 32ms (next.js: 9ms, application-code: 24ms)
✓ Compiled in 45ms
 GET /manifest.webmanifest 200 in 8ms (next.js: 3ms, application-code: 5ms)
 GET / 200 in 30ms (next.js: 6ms, application-code: 24ms)
✓ Compiled in 69ms
 GET /manifest.webmanifest 200 in 5ms (next.js: 2.0ms, application-code: 3ms)
[browser] A tree hydrated but some attributes of the server rendered HTML didn't match the client properties. This won't be patched up. This can happen if a SSR-ed Client Component used:

- A server/client branch `if (typeof window !== 'undefined')`.
- Variable input such as `Date.now()` or `Math.random()` which changes each time it's called.
- Date formatting in a user's locale which doesn't match the server.
- External changing data without sending a snapshot of it along with the HTML.
- Invalid HTML tag nesting.

It can also happen if the client has a browser extension installed which messes with the HTML before React loaded.

https://react.dev/link/hydration-mismatch

  ...
    <HotReload globalError={[...]} webSocket={WebSocket} staticIndicatorState={{pathname:null, ...}}>
      <AppDevOverlayErrorBoundary globalError={[...]}>
        <ReplaySsrOnlyErrors>
        <DevRootHTTPAccessFallbackBoundary>
          <HTTPAccessFallbackBoundary notFound={<NotAllowedRootHTTPFallbackError>}>
            <HTTPAccessFallbackErrorBoundary pathname="/" notFound={<NotAllowedRootHTTPFallbackError>} ...>
              <RedirectBoundary>
                <RedirectErrorBoundary router={{...}}>
                  <Head headCacheNode={{rsc:{...}, ...}}>
                    <__next_viewport_boundary__>
                    <MetadataWrapper>
                      <div
                        hidden={true}
-                       bis_skin_checked="1"
                      >
                    ...
                  <__next_root_layout_boundary__>
                    <SegmentViewNode type="layout" pagePath="layout.tsx">
                      <SegmentTrieNode>
                      <link>
                      <script>
                      <script>
                      <RootLayout>
                        <html lang="en" className="poppins_f9..." suppressHydrationWarning={true}>
                          <head>
                          <body
                            className="min-h-full flex flex-col antialiased"
-                           bis_register="W3sibWFzdGVyIjp0cnVlLCJleHRlbnNpb25JZCI6ImVwcGlvY2VtaG1ubGJoanBsY2drb2ZjaWll..."
                          >
                            ...
                              <ClientPageRoot Component={function Home} serverProvidedParams={{...}}>
                                <Home params={Promise} searchParams={Promise}>
                                  <Header activeDownloaderTab={null} ...>
                                    <header className="fixed top-...">
                                      <div
                                        className="site-header-inner mx-auto flex h-[72px] max-w-[1200px] items-center..."
-                                       bis_skin_checked="1"
                                      >
                                        <LinkComponent>
                                        <nav>
                                        <div
                                          className="site-controls flex min-w-0 shrink-0 items-center gap-0.5 sm:gap-6"
-                                         bis_skin_checked="1"
                                        >
                                          <div
                                            className="relative"
                                            ref={{current:null}}
-                                           bis_skin_checked="1"
                                          >
                                          <LinkComponent>
                                          <button type="button" onClick={function toggleTheme} className="theme-toggle" ...>
                                            <div
                                              className="theme-toggle__thumb"
-                                             bis_skin_checked="1"
                                            >
                                            ...
                                          ...
                                    <div
                                      className="mobile-drawer fixed inset-y-0 right-0 z-50 flex h-full w-[min(82vw,38..."
                                      role="dialog"
                                      aria-modal="true"
                                      aria-hidden={true}
                                      aria-label="Mobile navigation"
-                                     bis_skin_checked="1"
                                    >
                                      <div
                                        className="mobile-drawer-header flex h-[68px] shrink-0 items-center justify-be..."
-                                       bis_skin_checked="1"
                                      >
                                        <div
-                                         bis_skin_checked="1"
                                        >
                                        ...
                                      <nav className="mobile-dra..." aria-label="Mobile nav...">
                                        <LinkComponent>
                                        <LinkComponent>
                                        <LinkComponent>
                                        <LinkComponent>
                                        <LinkComponent>
                                        <LinkComponent>
                                        <LinkComponent>
                                        <div
                                          className="my-2 border-t border-border-light"
-                                         bis_skin_checked="1"
                                        >
                                        ...
                                      <div
                                        className="mobile-drawer-cta shrink-0 border-t border-border p-4 pb-[calc(1rem..."
-                                       bis_skin_checked="1"
                                      >
                                  <main className="flex-1">
                                    <HeroDownloader activeTab={null} onActiveTabChange={function bound dispatchSetState}>
                                      <section id="hero" className="hero-secti...">
                                        <div
                                          className="absolute inset-0 -z-10"
                                          aria-hidden="true"
-                                         bis_skin_checked="1"
                                        >
                                          <div
                                            className="absolute left-1/2 top-0 h-[420px] w-full max-w-[1000px] -transl..."
-                                           bis_skin_checked="1"
                                          >
                                        <div
                                          className="mx-auto w-full max-w-[1200px] min-w-0 px-3 sm:px-6 lg:px-12"
-                                         bis_skin_checked="1"
                                        >
                                          <div
                                            className="mx-auto w-full min-w-0 max-w-[680px] text-center"
-                                           bis_skin_checked="1"
                                          >
                                            <div
                                              className="animate-fade-in-up mb-4 inline-flex max-w-full items-center g..."
                                              style={{background:"var(--card)",boxShadow:"var(--shad...",border:"1px solid ..."}}
-                                             bis_skin_checked="1"
                                            >
                                            ...
                                          <div
                                            className="animate-fade-in-up delay-300 mx-auto mt-6 w-full min-w-0 max-w-..."
-                                           bis_skin_checked="1"
                                          >
                                            <div
                                              ref={{current:null}}
                                              role="tablist"
                                              aria-label="Content types"
                                              className="tabs-scroll flex items-center gap-1 overflow-x-auto rounded-f..."
                                              style={{background:"var(--card)",boxShadow:"var(--shad...",border:"1px solid ..."}}
-                                             bis_skin_checked="1"
                                            >
                                          <div
                                            className="animate-fade-in-up delay-300 mx-auto mt-4 w-full min-w-0 max-w-..."
-                                           bis_skin_checked="1"
                                          >
                                            <form onSubmit={function HeroDownloader.useCallback[handleSubmit]} ...>
                                              <div
                                                className="url-card rounded-[20px] p-2.5 transition-shadow"
                                                style={{background:"var(--card)",boxShadow:"var(--shad...",border:"1px solid ..."}}
-                                               bis_skin_checked="1"
                                              >
                                                <div
                                                  className="hidden sm:flex sm:flex-row sm:gap-2"
-                                                 bis_skin_checked="1"
                                                >
                                                  <div
                                                    className="relative min-w-0 flex-1"
-                                                   bis_skin_checked="1"
                                                  >
                                                  ...
                                                <div
                                                  className="flex flex-col gap-2 sm:hidden"
-                                                 bis_skin_checked="1"
                                                >
                                                  <div
                                                    className="relative"
-                                                   bis_skin_checked="1"
                                                  >
                                                  <div
                                                    className="url-actions flex min-w-0 flex-col gap-2"
-                                                   bis_skin_checked="1"
                                                  >
                                            <div
                                              className="mt-3 flex flex-wrap items-center justify-center gap-x-4 gap-y..."
-                                             bis_skin_checked="1"
                                            >
                                          <div
                                            ref={{current:null}}
                                            aria-live="polite"
                                            aria-atomic="true"
                                            className="scroll-mt-20"
-                                           bis_skin_checked="1"
                                          >
                                    <ScrollReveal>
                                      <div
                                        ref={{current:null}}
                                        className="fade-section"
                                        style={undefined}
-                                       bis_skin_checked="1"
                                      >
                                        <section className="mx-auto ma...">
                                          <div
                                            className="grid grid-cols-1 gap-4 sm:grid-cols-2 lg:grid-cols-4"
-                                           bis_skin_checked="1"
                                          >
                                            <div
                                              className="flex items-center gap-3.5 rounded-2xl p-[18px] shadow-[var(--..."
                                              style={{background:"var(--card)",border:"1px solid ..."}}
-                                             bis_skin_checked="1"
                                            >
                                              <div
                                                className="flex h-10 w-10 shrink-0 items-center justify-center rounded..."
                                                style={{background:"var(--acce...",border:"1px solid ..."}}
-                                               bis_skin_checked="1"
                                              >
                                              <div
-                                               bis_skin_checked="1"
                                              >
                                            <div
                                              className="flex items-center gap-3.5 rounded-2xl p-[18px] shadow-[var(--..."
                                              style={{background:"var(--card)",border:"1px solid ..."}}
-                                             bis_skin_checked="1"
                                            >
                                              <div
                                                className="flex h-10 w-10 shrink-0 items-center justify-center rounded..."
                                                style={{background:"var(--acce...",border:"1px solid ..."}}
-                                               bis_skin_checked="1"
                                              >
                                              <div
-                                               bis_skin_checked="1"
                                              >
                                            <div
                                              className="flex items-center gap-3.5 rounded-2xl p-[18px] shadow-[var(--..."
                                              style={{background:"var(--card)",border:"1px solid ..."}}
-                                             bis_skin_checked="1"
                                            >
                                              <div
                                                className="flex h-10 w-10 shrink-0 items-center justify-center rounded..."
                                                style={{background:"var(--acce...",border:"1px solid ..."}}
-                                               bis_skin_checked="1"
                                              >
                                              <div
-                                               bis_skin_checked="1"
                                              >
                                            <div
                                              className="flex items-center gap-3.5 rounded-2xl p-[18px] shadow-[var(--..."
                                              style={{background:"var(--card)",border:"1px solid ..."}}
-                                             bis_skin_checked="1"
                                            >
                                              <div
                                                className="flex h-10 w-10 shrink-0 items-center justify-center rounded..."
                                                style={{background:"var(--acce...",border:"1px solid ..."}}
-                                               bis_skin_checked="1"
                                              >
                                              <div
-                                               bis_skin_checked="1"
                                              >
                                    <ScrollReveal>
                                      <div
                                        ref={{current:null}}
                                        className="fade-section"
                                        style={undefined}
-                                       bis_skin_checked="1"
                                      >
                                        <Features>
                                          <section id="features" className="px-5 py-20..." aria-label="Features">
                                            <div
                                              className="mx-auto max-w-[1200px]"
-                                             bis_skin_checked="1"
                                            >
                                              <div
                                                className="mb-14 text-center"
-                                               bis_skin_checked="1"
                                              >
                                              <div
                                                className="grid grid-cols-1 gap-5 sm:grid-cols-2 lg:grid-cols-3 max-w-..."
-                                               bis_skin_checked="1"
                                              >
                                                <div
                                                  className="group rounded-[20px] bg-card p-7 shadow-[var(--shadow-car..."
                                                  style={{border:"1px solid ..."}}
-                                                 bis_skin_checked="1"
                                                >
                                                  <div
                                                    className="mb-5 flex h-10 w-10 items-center justify-center rounded-xl"
                                                    style={{background:"var(--acce...",border:"1px solid ..."}}
-                                                   bis_skin_checked="1"
                                                  >
                                                  ...
                                                <div
                                                  className="group rounded-[20px] bg-card p-7 shadow-[var(--shadow-car..."
                                                  style={{border:"1px solid ..."}}
-                                                 bis_skin_checked="1"
                                                >
                                                  <div
                                                    className="mb-5 flex h-10 w-10 items-center justify-center rounded-xl"
                                                    style={{background:"var(--acce...",border:"1px solid ..."}}
-                                                   bis_skin_checked="1"
                                                  >
                                                  ...
                                                <div
                                                  className="group rounded-[20px] bg-card p-7 shadow-[var(--shadow-car..."
                                                  style={{border:"1px solid ..."}}
-                                                 bis_skin_checked="1"
                                                >
                                                  <div
                                                    className="mb-5 flex h-10 w-10 items-center justify-center rounded-xl"
                                                    style={{background:"var(--acce...",border:"1px solid ..."}}
-                                                   bis_skin_checked="1"
                                                  >
                                                  ...
                                                <div
                                                  className="group rounded-[20px] bg-card p-7 shadow-[var(--shadow-car..."
                                                  style={{border:"1px solid ..."}}
-                                                 bis_skin_checked="1"
                                                >
                                                  <div
                                                    className="mb-5 flex h-10 w-10 items-center justify-center rounded-xl"
                                                    style={{background:"var(--acce...",border:"1px solid ..."}}
-                                                   bis_skin_checked="1"
                                                  >
                                                  ...
                                                <div
                                                  className="group rounded-[20px] bg-card p-7 shadow-[var(--shadow-car..."
                                                  style={{border:"1px solid ..."}}
-                                                 bis_skin_checked="1"
                                                >
                                                  <div
                                                    className="mb-5 flex h-10 w-10 items-center justify-center rounded-xl"
                                                    style={{background:"var(--acce...",border:"1px solid ..."}}
-                                                   bis_skin_checked="1"
                                                  >
                                                  ...
                                                <div
                                                  className="group rounded-[20px] bg-card p-7 shadow-[var(--shadow-car..."
                                                  style={{border:"1px solid ..."}}
-                                                 bis_skin_checked="1"
                                                >
                                                  <div
                                                    className="mb-5 flex h-10 w-10 items-center justify-center rounded-xl"
                                                    style={{background:"var(--acce...",border:"1px solid ..."}}
-                                                   bis_skin_checked="1"
                                                  >
                                                  ...
                                                <div
                                                  className="group rounded-[20px] bg-card p-7 shadow-[var(--shadow-car..."
                                                  style={{border:"1px solid ..."}}
-                                                 bis_skin_checked="1"
                                                >
                                                  <div
                                                    className="mb-5 flex h-10 w-10 items-center justify-center rounded-xl"
                                                    style={{background:"var(--acce...",border:"1px solid ..."}}
-                                                   bis_skin_checked="1"
                                                  >
                                                  ...
                                    <ScrollReveal>
                                      <div
                                        ref={{current:null}}
                                        className="fade-section"
                                        style={undefined}
-                                       bis_skin_checked="1"
                                      >
                                        <HowItWorks>
                                          <section id="how-it-works" className="px-5 py-20..." aria-label="How It Works">
                                            <div
                                              className="mx-auto max-w-[1200px]"
-                                             bis_skin_checked="1"
                                            >
                                              <div
                                                className="mb-14 text-center"
-                                               bis_skin_checked="1"
                                              >
                                              <div
                                                className="relative flex flex-col items-start justify-center sm:flex-r..."
-                                               bis_skin_checked="1"
                                              >
                                                <div
                                                  className="flex items-center sm:flex-1"
-                                                 bis_skin_checked="1"
                                                >
                                                  <div
                                                    className="flex flex-1 flex-col items-center text-center px-4"
-                                                   bis_skin_checked="1"
                                                  >
                                                    <p>
                                                    <div
                                                      className="mb-5 flex h-[70px] w-[70px] items-center justify-cent..."
                                                      style={{background:"var(--bran...",boxShadow:"var(--shad..."}}
-                                                     bis_skin_checked="1"
                                                    >
                                                    ...
                                                  <div
                                                    className="hidden sm:block h-px flex-shrink-0 mt-[22px]"
                                                    style={{width:120,background:"linear-gra..."}}
-                                                   bis_skin_checked="1"
                                                  >
                                                <div
                                                  className="flex items-center sm:flex-1"
-                                                 bis_skin_checked="1"
                                                >
                                                  <div
                                                    className="flex flex-1 flex-col items-center text-center px-4"
-                                                   bis_skin_checked="1"
                                                  >
                                                    <p>
                                                    <div
                                                      className="mb-5 flex h-[70px] w-[70px] items-center justify-cent..."
                                                      style={{background:"var(--bran...",boxShadow:"var(--shad..."}}
-                                                     bis_skin_checked="1"
                                                    >
                                                    ...
                                                  <div
                                                    className="hidden sm:block h-px flex-shrink-0 mt-[22px]"
                                                    style={{width:120,background:"linear-gra..."}}
-                                                   bis_skin_checked="1"
                                                  >
                                                <div
                                                  className="flex items-center sm:flex-1"
-                                                 bis_skin_checked="1"
                                                >
                                                  <div
                                                    className="flex flex-1 flex-col items-center text-center px-4"
-                                                   bis_skin_checked="1"
                                                  >
                                                    <p>
                                                    <div
                                                      className="mb-5 flex h-[70px] w-[70px] items-center justify-cent..."
                                                      style={{background:"var(--bran...",boxShadow:"var(--shad..."}}
-                                                     bis_skin_checked="1"
                                                    >
                                                    ...
                                    <ScrollReveal>
                                      <div
                                        ref={{current:null}}
                                        className="fade-section"
                                        style={undefined}
-                                       bis_skin_checked="1"
                                      >
                                        <section className="mx-auto ma..." aria-labelledby="about-down...">
                                          <div
                                            className="rounded-[24px] p-6 sm:p-8"
                                            style={{background:"var(--card)",border:"1px solid ...",boxShadow:"var(--shad..."}}
-                                           bis_skin_checked="1"
                                          >
                                            <h2>
                                            <p>
                                            <div
                                              className="mt-6 grid gap-6"
-                                             bis_skin_checked="1"
                                            >
                                              <div
-                                               bis_skin_checked="1"
                                              >
                                              <div
-                                               bis_skin_checked="1"
                                              >
                                              <div
-                                               bis_skin_checked="1"
                                              >
                                              <div
-                                               bis_skin_checked="1"
                                              >
                                    <ScrollReveal>
                                      <div
                                        ref={{current:null}}
                                        className="fade-section"
                                        style={undefined}
-                                       bis_skin_checked="1"
                                      >
                                        <FAQ>
                                          <script>
                                          <section id="faq" className="px-4 py-20..." aria-label="Common que...">
                                            <div
                                              className="mx-auto max-w-[720px]"
-                                             bis_skin_checked="1"
                                            >
                                              <div
                                                className="mb-14 text-center"
-                                               bis_skin_checked="1"
                                              >
                                              <div
                                                className="flex flex-col gap-3"
-                                               bis_skin_checked="1"
                                              >
                                                <div
                                                  className="rounded-2xl transition-all duration-200"
                                                  style={{background:"var(--acce...",border:"1px solid ...",boxShadow:"none"}}
-                                                 bis_skin_checked="1"
                                                >
                                                  <button>
                                                  <div
                                                    id="faq-answer-0"
                                                    role="region"
                                                    className="overflow-hidden transition-all duration-300"
                                                    style={{maxHeight:200,opacity:1,padding:"0 24px 20px"}}
-                                                   bis_skin_checked="1"
                                                  >
                                                <div
                                                  className="rounded-2xl transition-all duration-200"
                                                  style={{background:"var(--card)",border:"1px solid ...",boxShadow:"var(--shad..."}}
-                                                 bis_skin_checked="1"
                                                >
                                                  <button>
                                                  <div
                                                    id="faq-answer-1"
                                                    role="region"
                                                    className="overflow-hidden transition-all duration-300"
                                                    style={{maxHeight:0,opacity:0,padding:"0 24px"}}
-                                                   bis_skin_checked="1"
                                                  >
                                                <div
                                                  className="rounded-2xl transition-all duration-200"
                                                  style={{background:"var(--card)",border:"1px solid ...",boxShadow:"var(--shad..."}}
-                                                 bis_skin_checked="1"
                                                >
                                                  <button>
                                                  <div
                                                    id="faq-answer-2"
                                                    role="region"
                                                    className="overflow-hidden transition-all duration-300"
                                                    style={{maxHeight:0,opacity:0,padding:"0 24px"}}
-                                                   bis_skin_checked="1"
                                                  >
                                                <div
                                                  className="rounded-2xl transition-all duration-200"
                                                  style={{background:"var(--card)",border:"1px solid ...",boxShadow:"var(--shad..."}}
-                                                 bis_skin_checked="1"
                                                >
                                                  <button>
                                                  <div
                                                    id="faq-answer-3"
                                                    role="region"
                                                    className="overflow-hidden transition-all duration-300"
                                                    style={{maxHeight:0,opacity:0,padding:"0 24px"}}
-                                                   bis_skin_checked="1"
                                                  >
                                                <div
                                                  className="rounded-2xl transition-all duration-200"
                                                  style={{background:"var(--card)",border:"1px solid ...",boxShadow:"var(--shad..."}}
-                                                 bis_skin_checked="1"
                                                >
                                                  <button>
                                                  <div
                                                    id="faq-answer-4"
                                                    role="region"
                                                    className="overflow-hidden transition-all duration-300"
                                                    style={{maxHeight:0,opacity:0,padding:"0 24px"}}
-                                                   bis_skin_checked="1"
                                                  >
                                                <div
                                                  className="rounded-2xl transition-all duration-200"
                                                  style={{background:"var(--card)",border:"1px solid ...",boxShadow:"var(--shad..."}}
-                                                 bis_skin_checked="1"
                                                >
                                                  <button>
                                                  <div
                                                    id="faq-answer-5"
                                                    role="region"
                                                    className="overflow-hidden transition-all duration-300"
                                                    style={{maxHeight:0,opacity:0,padding:"0 24px"}}
-                                                   bis_skin_checked="1"
                                                  >
                                                <div
                                                  className="rounded-2xl transition-all duration-200"
                                                  style={{background:"var(--card)",border:"1px solid ...",boxShadow:"var(--shad..."}}
-                                                 bis_skin_checked="1"
                                                >
                                                  <button>
                                                  <div
                                                    id="faq-answer-6"
                                                    role="region"
                                                    className="overflow-hidden transition-all duration-300"
                                                    style={{maxHeight:0,opacity:0,padding:"0 24px"}}
-                                                   bis_skin_checked="1"
                                                  >
                                                <div
                                                  className="rounded-2xl transition-all duration-200"
                                                  style={{background:"var(--card)",border:"1px solid ...",boxShadow:"var(--shad..."}}
-                                                 bis_skin_checked="1"
                                                >
                                                  <button>
                                                  <div
                                                    id="faq-answer-7"
                                                    role="region"
                                                    className="overflow-hidden transition-all duration-300"
                                                    style={{maxHeight:0,opacity:0,padding:"0 24px"}}
-                                                   bis_skin_checked="1"
                                                  >
                                                <div
                                                  className="rounded-2xl transition-all duration-200"
                                                  style={{background:"var(--card)",border:"1px solid ...",boxShadow:"var(--shad..."}}
-                                                 bis_skin_checked="1"
                                                >
                                                  <button>
                                                  <div
                                                    id="faq-answer-8"
                                                    role="region"
                                                    className="overflow-hidden transition-all duration-300"
                                                    style={{maxHeight:0,opacity:0,padding:"0 24px"}}
-                                                   bis_skin_checked="1"
                                                  >
                                  <Footer>
                                    <footer className="mt-20 bord...">
                                      <div
                                        className="mx-auto max-w-[1200px]"
-                                       bis_skin_checked="1"
                                      >
                                        <div
                                          className="grid grid-cols-1 gap-10 sm:grid-cols-2 lg:grid-cols-[1.5fr_1fr_1f..."
-                                         bis_skin_checked="1"
                                        >
                                          <div
-                                           bis_skin_checked="1"
                                          >
                                            <LinkComponent>
                                            <p>
                                            <p>
                                            <div
                                              className="mt-5"
-                                             bis_skin_checked="1"
                                            >
                                          ...
                                        <p>
                                        <div
                                          className="mt-4 flex flex-col gap-2 border-t border-border pt-6 sm:flex-row ..."
-                                         bis_skin_checked="1"
                                        >
                  ...
 
⚠ [next]/internal/font/google/lora_24d51a03.module.css
Warning: Error while requesting resource
There was an issue establishing a connection while requesting https://fonts.googleapis.com/css2?family=Lora:ital,wght@1,500;1,600&display=swap

Import trace:
  Server Component:
    [next]/internal/font/google/lora_24d51a03.module.css
    [next]/internal/font/google/lora_24d51a03.js
    ./frontend/src/app/layout.tsx


⚠ [next]/internal/font/google/poppins_f91be8b.module.css
Warning: Error while requesting resource
There was an issue establishing a connection while requesting https://fonts.googleapis.com/css2?family=Poppins:wght@400;500;600;700;800&display=swap

Import trace:
  Server Component:
    [next]/internal/font/google/poppins_f91be8b.module.css
    [next]/internal/font/google/poppins_f91be8b.js
    ./frontend/src/app/layout.tsx


⚠ [next]/internal/font/google/lora_24d51a03.module.css
Warning: next/font: warning:
Failed to download Lora from Google Fonts. Using a fallback font instead.
If you are offline or behind a proxy, self-host the font with next/font/local, or set HTTP_PROXY/HTTPS_PROXY so Next.js can reach fonts.googleapis.com.

Import trace:
  Server Component:
    [next]/internal/font/google/lora_24d51a03.module.css
    [next]/internal/font/google/lora_24d51a03.js
    ./frontend/src/app/layout.tsx


⚠ [next]/internal/font/google/poppins_f91be8b.module.css
Warning: next/font: warning:
Failed to download Poppins from Google Fonts. Using a fallback font instead.
If you are offline or behind a proxy, self-host the font with next/font/local, or set HTTP_PROXY/HTTPS_PROXY so Next.js can reach fonts.googleapis.com.

Import trace:
  Server Component:
    [next]/internal/font/google/poppins_f91be8b.module.css
    [next]/internal/font/google/poppins_f91be8b.js
    ./frontend/src/app/layout.tsx


 GET / 200 in 183ms (next.js: 37ms, application-code: 146ms)
⚠ [next]/internal/font/google/lora_24d51a03.module.css
Warning: Error while requesting resource
There was an issue establishing a connection while requesting https://fonts.googleapis.com/css2?family=Lora:ital,wght@1,500;1,600&display=swap

Import trace:
  Server Component:
    [next]/internal/font/google/lora_24d51a03.module.css
    [next]/internal/font/google/lora_24d51a03.js
    ./frontend/src/app/layout.tsx


⚠ [next]/internal/font/google/poppins_f91be8b.module.css
Warning: Error while requesting resource
There was an issue establishing a connection while requesting https://fonts.googleapis.com/css2?family=Poppins:wght@400;500;600;700;800&display=swap

Import trace:
  Server Component:
    [next]/internal/font/google/poppins_f91be8b.module.css
    [next]/internal/font/google/poppins_f91be8b.js
    ./frontend/src/app/layout.tsx


⚠ [next]/internal/font/google/lora_24d51a03.module.css
Warning: next/font: warning:
Failed to download Lora from Google Fonts. Using a fallback font instead.
If you are offline or behind a proxy, self-host the font with next/font/local, or set HTTP_PROXY/HTTPS_PROXY so Next.js can reach fonts.googleapis.com.

Import trace:
  Server Component:
    [next]/internal/font/google/lora_24d51a03.module.css
    [next]/internal/font/google/lora_24d51a03.js
    ./frontend/src/app/layout.tsx


⚠ [next]/internal/font/google/poppins_f91be8b.module.css
Warning: next/font: warning:
Failed to download Poppins from Google Fonts. Using a fallback font instead.
If you are offline or behind a proxy, self-host the font with next/font/local, or set HTTP_PROXY/HTTPS_PROXY so Next.js can reach fonts.googleapis.com.

Import trace:
  Server Component:
    [next]/internal/font/google/poppins_f91be8b.module.css
    [next]/internal/font/google/poppins_f91be8b.js
    ./frontend/src/app/layout.tsx


 GET /manifest.webmanifest 200 in 10ms (next.js: 5ms, application-code: 5ms)
⚠ [next]/internal/font/google/lora_24d51a03.module.css
Warning: Error while requesting resource
There was an issue establishing a connection while requesting https://fonts.googleapis.com/css2?family=Lora:ital,wght@1,500;1,600&display=swap

Import trace:
  Server Component:
    [next]/internal/font/google/lora_24d51a03.module.css
    [next]/internal/font/google/lora_24d51a03.js
    ./frontend/src/app/layout.tsx


⚠ [next]/internal/font/google/poppins_f91be8b.module.css
Warning: Error while requesting resource
There was an issue establishing a connection while requesting https://fonts.googleapis.com/css2?family=Poppins:wght@400;500;600;700;800&display=swap

Import trace:
  Server Component:
    [next]/internal/font/google/poppins_f91be8b.module.css
    [next]/internal/font/google/poppins_f91be8b.js
    ./frontend/src/app/layout.tsx


⚠ [next]/internal/font/google/lora_24d51a03.module.css
Warning: next/font: warning:
Failed to download Lora from Google Fonts. Using a fallback font instead.
If you are offline or behind a proxy, self-host the font with next/font/local, or set HTTP_PROXY/HTTPS_PROXY so Next.js can reach fonts.googleapis.com.

Import trace:
  Server Component:
    [next]/internal/font/google/lora_24d51a03.module.css
    [next]/internal/font/google/lora_24d51a03.js
    ./frontend/src/app/layout.tsx


⚠ [next]/internal/font/google/poppins_f91be8b.module.css
Warning: next/font: warning:
Failed to download Poppins from Google Fonts. Using a fallback font instead.
If you are offline or behind a proxy, self-host the font with next/font/local, or set HTTP_PROXY/HTTPS_PROXY so Next.js can reach fonts.googleapis.com.

Import trace:
  Server Component:
    [next]/internal/font/google/poppins_f91be8b.module.css
    [next]/internal/font/google/poppins_f91be8b.js
    ./frontend/src/app/layout.tsx


[browser] A tree hydrated but some attributes of the server rendered HTML didn't match the client properties. This won't be patched up. This can happen if a SSR-ed Client Component used:

- A server/client branch `if (typeof window !== 'undefined')`.
- Variable input such as `Date.now()` or `Math.random()` which changes each time it's called.
- Date formatting in a user's locale which doesn't match the server.
- External changing data without sending a snapshot of it along with the HTML.
- Invalid HTML tag nesting.

It can also happen if the client has a browser extension installed which messes with the HTML before React loaded.

https://react.dev/link/hydration-mismatch

  ...
    <HotReload globalError={[...]} webSocket={WebSocket} staticIndicatorState={{pathname:null, ...}}>
      <AppDevOverlayErrorBoundary globalError={[...]}>
        <ReplaySsrOnlyErrors>
        <DevRootHTTPAccessFallbackBoundary>
          <HTTPAccessFallbackBoundary notFound={<NotAllowedRootHTTPFallbackError>}>
            <HTTPAccessFallbackErrorBoundary pathname="/" notFound={<NotAllowedRootHTTPFallbackError>} ...>
              <RedirectBoundary>
                <RedirectErrorBoundary router={{...}}>
                  <Head headCacheNode={{rsc:{...}, ...}}>
                    <__next_viewport_boundary__>
                    <MetadataWrapper>
                      <div
                        hidden={true}
-                       bis_skin_checked="1"
                      >
                  <__next_root_layout_boundary__>
                    <SegmentViewNode type="layout" pagePath="layout.tsx">
                      <SegmentTrieNode>
                      <link>
                      <script>
                      <script>
                      <RootLayout>
                        <html lang="en" className="poppins_f9..." suppressHydrationWarning={true}>
                          <head>
                          <body
                            className="min-h-full flex flex-col antialiased"
-                           bis_register="W3sibWFzdGVyIjp0cnVlLCJleHRlbnNpb25JZCI6ImVwcGlvY2VtaG1ubGJoanBsY2drb2ZjaWll..."
-                           __processed_371a5eae-da8a-43ea-a993-5430aa97ee1c__="true"
                          >
                            ...
                              <ClientPageRoot Component={function Home} serverProvidedParams={{...}}>
                                <Home params={Promise} searchParams={Promise}>
                                  <Header activeDownloaderTab={null} ...>
                                    <header className="fixed top-...">
                                      <div
                                        className="site-header-inner mx-auto flex h-[72px] max-w-[1200px] items-center..."
-                                       bis_skin_checked="1"
                                      >
                                        <LinkComponent>
                                        <nav>
                                        <div
                                          className="site-controls flex min-w-0 shrink-0 items-center gap-0.5 sm:gap-6"
-                                         bis_skin_checked="1"
                                        >
                                          <div
                                            className="relative"
                                            ref={{current:null}}
-                                           bis_skin_checked="1"
                                          >
                                          <LinkComponent>
                                          <button type="button" onClick={function toggleTheme} className="theme-toggle" ...>
                                            <div
                                              className="theme-toggle__thumb"
-                                             bis_skin_checked="1"
                                            >
                                            ...
                                          ...
                                    <div
                                      className="mobile-drawer fixed inset-y-0 right-0 z-50 flex h-full w-[min(82vw,38..."
                                      role="dialog"
                                      aria-modal="true"
                                      aria-hidden={true}
                                      aria-label="Mobile navigation"
-                                     bis_skin_checked="1"
                                    >
                                      <div
                                        className="mobile-drawer-header flex h-[68px] shrink-0 items-center justify-be..."
-                                       bis_skin_checked="1"
                                      >
                                        <div
-                                         bis_skin_checked="1"
                                        >
                                        ...
                                      <nav className="mobile-dra..." aria-label="Mobile nav...">
                                        <LinkComponent>
                                        <LinkComponent>
                                        <LinkComponent>
                                        <LinkComponent>
                                        <LinkComponent>
                                        <LinkComponent>
                                        <LinkComponent>
                                        <div
                                          className="my-2 border-t border-border-light"
-                                         bis_skin_checked="1"
                                        >
                                        ...
                                      <div
                                        className="mobile-drawer-cta shrink-0 border-t border-border p-4 pb-[calc(1rem..."
-                                       bis_skin_checked="1"
                                      >
                                  <main className="flex-1">
                                    <HeroDownloader activeTab={null} onActiveTabChange={function bound dispatchSetState}>
                                      <section id="hero" className="hero-secti...">
                                        <div
                                          className="absolute inset-0 -z-10"
                                          aria-hidden="true"
-                                         bis_skin_checked="1"
                                        >
                                          <div
                                            className="absolute left-1/2 top-0 h-[420px] w-full max-w-[1000px] -transl..."
-                                           bis_skin_checked="1"
                                          >
                                        <div
                                          className="mx-auto w-full max-w-[1200px] min-w-0 px-3 sm:px-6 lg:px-12"
-                                         bis_skin_checked="1"
                                        >
                                          <div
                                            className="mx-auto w-full min-w-0 max-w-[680px] text-center"
-                                           bis_skin_checked="1"
                                          >
                                            <div
                                              className="animate-fade-in-up mb-4 inline-flex max-w-full items-center g..."
                                              style={{background:"var(--card)",boxShadow:"var(--shad...",border:"1px solid ..."}}
-                                             bis_skin_checked="1"
                                            >
                                            ...
                                          <div
                                            className="animate-fade-in-up delay-300 mx-auto mt-6 w-full min-w-0 max-w-..."
-                                           bis_skin_checked="1"
                                          >
                                            <div
                                              ref={{current:null}}
                                              role="tablist"
                                              aria-label="Content types"
                                              className="tabs-scroll flex items-center gap-1 overflow-x-auto rounded-f..."
                                              style={{background:"var(--card)",boxShadow:"var(--shad...",border:"1px solid ..."}}
-                                             bis_skin_checked="1"
                                            >
                                          <div
                                            className="animate-fade-in-up delay-300 mx-auto mt-4 w-full min-w-0 max-w-..."
-                                           bis_skin_checked="1"
                                          >
                                            <form onSubmit={function HeroDownloader.useCallback[handleSubmit]} ...>
                                              <div
                                                className="url-card rounded-[20px] p-2.5 transition-shadow"
                                                style={{background:"var(--card)",boxShadow:"var(--shad...",border:"1px solid ..."}}
-                                               bis_skin_checked="1"
                                              >
                                                <div
                                                  className="hidden sm:flex sm:flex-row sm:gap-2"
-                                                 bis_skin_checked="1"
                                                >
                                                  <div
                                                    className="relative min-w-0 flex-1"
-                                                   bis_skin_checked="1"
                                                  >
                                                  ...
                                                <div
                                                  className="flex flex-col gap-2 sm:hidden"
-                                                 bis_skin_checked="1"
                                                >
                                                  <div
                                                    className="relative"
-                                                   bis_skin_checked="1"
                                                  >
                                                  <div
                                                    className="url-actions flex min-w-0 flex-col gap-2"
-                                                   bis_skin_checked="1"
                                                  >
                                            <div
                                              className="mt-3 flex flex-wrap items-center justify-center gap-x-4 gap-y..."
-                                             bis_skin_checked="1"
                                            >
                                          <div
                                            ref={{current:null}}
                                            aria-live="polite"
                                            aria-atomic="true"
                                            className="scroll-mt-20"
-                                           bis_skin_checked="1"
                                          >
                                    <ScrollReveal>
                                      <div
                                        ref={{current:null}}
                                        className="fade-section"
                                        style={undefined}
-                                       bis_skin_checked="1"
                                      >
                                        <section className="mx-auto ma...">
                                          <div
                                            className="grid grid-cols-1 gap-4 sm:grid-cols-2 lg:grid-cols-4"
-                                           bis_skin_checked="1"
                                          >
                                            <div
                                              className="flex items-center gap-3.5 rounded-2xl p-[18px] shadow-[var(--..."
                                              style={{background:"var(--card)",border:"1px solid ..."}}
-                                             bis_skin_checked="1"
                                            >
                                              <div
                                                className="flex h-10 w-10 shrink-0 items-center justify-center rounded..."
                                                style={{background:"var(--acce...",border:"1px solid ..."}}
-                                               bis_skin_checked="1"
                                              >
                                              <div
-                                               bis_skin_checked="1"
                                              >
                                            <div
                                              className="flex items-center gap-3.5 rounded-2xl p-[18px] shadow-[var(--..."
                                              style={{background:"var(--card)",border:"1px solid ..."}}
-                                             bis_skin_checked="1"
                                            >
                                              <div
                                                className="flex h-10 w-10 shrink-0 items-center justify-center rounded..."
                                                style={{background:"var(--acce...",border:"1px solid ..."}}
-                                               bis_skin_checked="1"
                                              >
                                              <div
-                                               bis_skin_checked="1"
                                              >
                                            <div
                                              className="flex items-center gap-3.5 rounded-2xl p-[18px] shadow-[var(--..."
                                              style={{background:"var(--card)",border:"1px solid ..."}}
-                                             bis_skin_checked="1"
                                            >
                                              <div
                                                className="flex h-10 w-10 shrink-0 items-center justify-center rounded..."
                                                style={{background:"var(--acce...",border:"1px solid ..."}}
-                                               bis_skin_checked="1"
                                              >
                                              <div
-                                               bis_skin_checked="1"
                                              >
                                            <div
                                              className="flex items-center gap-3.5 rounded-2xl p-[18px] shadow-[var(--..."
                                              style={{background:"var(--card)",border:"1px solid ..."}}
-                                             bis_skin_checked="1"
                                            >
                                              <div
                                                className="flex h-10 w-10 shrink-0 items-center justify-center rounded..."
                                                style={{background:"var(--acce...",border:"1px solid ..."}}
-                                               bis_skin_checked="1"
                                              >
                                              <div
-                                               bis_skin_checked="1"
                                              >
                                    <ScrollReveal>
                                      <div
                                        ref={{current:null}}
                                        className="fade-section"
                                        style={undefined}
-                                       bis_skin_checked="1"
                                      >
                                        <Features>
                                          <section id="features" className="px-5 py-20..." aria-label="Features">
                                            <div
                                              className="mx-auto max-w-[1200px]"
-                                             bis_skin_checked="1"
                                            >
                                              <div
                                                className="mb-14 text-center"
-                                               bis_skin_checked="1"
                                              >
                                              <div
                                                className="grid grid-cols-1 gap-5 sm:grid-cols-2 lg:grid-cols-3 max-w-..."
-                                               bis_skin_checked="1"
                                              >
                                                <div
                                                  className="group rounded-[20px] bg-card p-7 shadow-[var(--shadow-car..."
                                                  style={{border:"1px solid ..."}}
-                                                 bis_skin_checked="1"
                                                >
                                                  <div
                                                    className="mb-5 flex h-10 w-10 items-center justify-center rounded-xl"
                                                    style={{background:"var(--acce...",border:"1px solid ..."}}
-                                                   bis_skin_checked="1"
                                                  >
                                                  ...
                                                <div
                                                  className="group rounded-[20px] bg-card p-7 shadow-[var(--shadow-car..."
                                                  style={{border:"1px solid ..."}}
-                                                 bis_skin_checked="1"
                                                >
                                                  <div
                                                    className="mb-5 flex h-10 w-10 items-center justify-center rounded-xl"
                                                    style={{background:"var(--acce...",border:"1px solid ..."}}
-                                                   bis_skin_checked="1"
                                                  >
                                                  ...
                                                <div
                                                  className="group rounded-[20px] bg-card p-7 shadow-[var(--shadow-car..."
                                                  style={{border:"1px solid ..."}}
-                                                 bis_skin_checked="1"
                                                >
                                                  <div
                                                    className="mb-5 flex h-10 w-10 items-center justify-center rounded-xl"
                                                    style={{background:"var(--acce...",border:"1px solid ..."}}
-                                                   bis_skin_checked="1"
                                                  >
                                                  ...
                                                <div
                                                  className="group rounded-[20px] bg-card p-7 shadow-[var(--shadow-car..."
                                                  style={{border:"1px solid ..."}}
-                                                 bis_skin_checked="1"
                                                >
                                                  <div
                                                    className="mb-5 flex h-10 w-10 items-center justify-center rounded-xl"
                                                    style={{background:"var(--acce...",border:"1px solid ..."}}
-                                                   bis_skin_checked="1"
                                                  >
                                                  ...
                                                <div
                                                  className="group rounded-[20px] bg-card p-7 shadow-[var(--shadow-car..."
                                                  style={{border:"1px solid ..."}}
-                                                 bis_skin_checked="1"
                                                >
                                                  <div
                                                    className="mb-5 flex h-10 w-10 items-center justify-center rounded-xl"
                                                    style={{background:"var(--acce...",border:"1px solid ..."}}
-                                                   bis_skin_checked="1"
                                                  >
                                                  ...
                                                <div
                                                  className="group rounded-[20px] bg-card p-7 shadow-[var(--shadow-car..."
                                                  style={{border:"1px solid ..."}}
-                                                 bis_skin_checked="1"
                                                >
                                                  <div
                                                    className="mb-5 flex h-10 w-10 items-center justify-center rounded-xl"
                                                    style={{background:"var(--acce...",border:"1px solid ..."}}
-                                                   bis_skin_checked="1"
                                                  >
                                                  ...
                                                <div
                                                  className="group rounded-[20px] bg-card p-7 shadow-[var(--shadow-car..."
                                                  style={{border:"1px solid ..."}}
-                                                 bis_skin_checked="1"
                                                >
                                                  <div
                                                    className="mb-5 flex h-10 w-10 items-center justify-center rounded-xl"
                                                    style={{background:"var(--acce...",border:"1px solid ..."}}
-                                                   bis_skin_checked="1"
                                                  >
                                                  ...
                                    <ScrollReveal>
                                      <div
                                        ref={{current:null}}
                                        className="fade-section"
                                        style={undefined}
-                                       bis_skin_checked="1"
                                      >
                                        <HowItWorks>
                                          <section id="how-it-works" className="px-5 py-20..." aria-label="How It Works">
                                            <div
                                              className="mx-auto max-w-[1200px]"
-                                             bis_skin_checked="1"
                                            >
                                              <div
                                                className="mb-14 text-center"
-                                               bis_skin_checked="1"
                                              >
                                              <div
                                                className="relative flex flex-col items-start justify-center sm:flex-r..."
-                                               bis_skin_checked="1"
                                              >
                                                <div
                                                  className="flex items-center sm:flex-1"
-                                                 bis_skin_checked="1"
                                                >
                                                  <div
                                                    className="flex flex-1 flex-col items-center text-center px-4"
-                                                   bis_skin_checked="1"
                                                  >
                                                    <p>
                                                    <div
                                                      className="mb-5 flex h-[70px] w-[70px] items-center justify-cent..."
                                                      style={{background:"var(--bran...",boxShadow:"var(--shad..."}}
-                                                     bis_skin_checked="1"
                                                    >
                                                    ...
                                                  <div
                                                    className="hidden sm:block h-px flex-shrink-0 mt-[22px]"
                                                    style={{width:120,background:"linear-gra..."}}
-                                                   bis_skin_checked="1"
                                                  >
                                                <div
                                                  className="flex items-center sm:flex-1"
-                                                 bis_skin_checked="1"
                                                >
                                                  <div
                                                    className="flex flex-1 flex-col items-center text-center px-4"
-                                                   bis_skin_checked="1"
                                                  >
                                                    <p>
                                                    <div
                                                      className="mb-5 flex h-[70px] w-[70px] items-center justify-cent..."
                                                      style={{background:"var(--bran...",boxShadow:"var(--shad..."}}
-                                                     bis_skin_checked="1"
                                                    >
                                                    ...
                                                  <div
                                                    className="hidden sm:block h-px flex-shrink-0 mt-[22px]"
                                                    style={{width:120,background:"linear-gra..."}}
-                                                   bis_skin_checked="1"
                                                  >
                                                <div
                                                  className="flex items-center sm:flex-1"
-                                                 bis_skin_checked="1"
                                                >
                                                  <div
                                                    className="flex flex-1 flex-col items-center text-center px-4"
-                                                   bis_skin_checked="1"
                                                  >
                                                    <p>
                                                    <div
                                                      className="mb-5 flex h-[70px] w-[70px] items-center justify-cent..."
                                                      style={{background:"var(--bran...",boxShadow:"var(--shad..."}}
-                                                     bis_skin_checked="1"
                                                    >
                                                    ...
                                    <ScrollReveal>
                                      <div
                                        ref={{current:null}}
                                        className="fade-section"
                                        style={undefined}
-                                       bis_skin_checked="1"
                                      >
                                        <section className="mx-auto ma..." aria-labelledby="about-down...">
                                          <div
                                            className="rounded-[24px] p-6 sm:p-8"
                                            style={{background:"var(--card)",border:"1px solid ...",boxShadow:"var(--shad..."}}
-                                           bis_skin_checked="1"
                                          >
                                            <h2>
                                            <p>
                                            <div
                                              className="mt-6 grid gap-6"
-                                             bis_skin_checked="1"
                                            >
                                              <div
-                                               bis_skin_checked="1"
                                              >
                                              <div
-                                               bis_skin_checked="1"
                                              >
                                              <div
-                                               bis_skin_checked="1"
                                              >
                                              <div
-                                               bis_skin_checked="1"
                                              >
                                    <ScrollReveal>
                                      <div
                                        ref={{current:null}}
                                        className="fade-section"
                                        style={undefined}
-                                       bis_skin_checked="1"
                                      >
                                        <FAQ>
                                          <script>
                                          <section id="faq" className="px-4 py-20..." aria-label="Common que...">
                                            <div
                                              className="mx-auto max-w-[720px]"
-                                             bis_skin_checked="1"
                                            >
                                              <div
                                                className="mb-14 text-center"
-                                               bis_skin_checked="1"
                                              >
                                              <div
                                                className="flex flex-col gap-3"
-                                               bis_skin_checked="1"
                                              >
                                                <div
                                                  className="rounded-2xl transition-all duration-200"
                                                  style={{background:"var(--acce...",border:"1px solid ...",boxShadow:"none"}}
-                                                 bis_skin_checked="1"
                                                >
                                                  <button>
                                                  <div
                                                    id="faq-answer-0"
                                                    role="region"
                                                    className="overflow-hidden transition-all duration-300"
                                                    style={{maxHeight:200,opacity:1,padding:"0 24px 20px"}}
-                                                   bis_skin_checked="1"
                                                  >
                                                <div
                                                  className="rounded-2xl transition-all duration-200"
                                                  style={{background:"var(--card)",border:"1px solid ...",boxShadow:"var(--shad..."}}
-                                                 bis_skin_checked="1"
                                                >
                                                  <button>
                                                  <div
                                                    id="faq-answer-1"
                                                    role="region"
                                                    className="overflow-hidden transition-all duration-300"
                                                    style={{maxHeight:0,opacity:0,padding:"0 24px"}}
-                                                   bis_skin_checked="1"
                                                  >
                                                <div
                                                  className="rounded-2xl transition-all duration-200"
                                                  style={{background:"var(--card)",border:"1px solid ...",boxShadow:"var(--shad..."}}
-                                                 bis_skin_checked="1"
                                                >
                                                  <button>
                                                  <div
                                                    id="faq-answer-2"
                                                    role="region"
                                                    className="overflow-hidden transition-all duration-300"
                                                    style={{maxHeight:0,opacity:0,padding:"0 24px"}}
-                                                   bis_skin_checked="1"
                                                  >
                                                <div
                                                  className="rounded-2xl transition-all duration-200"
                                                  style={{background:"var(--card)",border:"1px solid ...",boxShadow:"var(--shad..."}}
-                                                 bis_skin_checked="1"
                                                >
                                                  <button>
                                                  <div
                                                    id="faq-answer-3"
                                                    role="region"
                                                    className="overflow-hidden transition-all duration-300"
                                                    style={{maxHeight:0,opacity:0,padding:"0 24px"}}
-                                                   bis_skin_checked="1"
                                                  >
                                                <div
                                                  className="rounded-2xl transition-all duration-200"
                                                  style={{background:"var(--card)",border:"1px solid ...",boxShadow:"var(--shad..."}}
-                                                 bis_skin_checked="1"
                                                >
                                                  <button>
                                                  <div
                                                    id="faq-answer-4"
                                                    role="region"
                                                    className="overflow-hidden transition-all duration-300"
                                                    style={{maxHeight:0,opacity:0,padding:"0 24px"}}
-                                                   bis_skin_checked="1"
                                                  >
                                                <div
                                                  className="rounded-2xl transition-all duration-200"
                                                  style={{background:"var(--card)",border:"1px solid ...",boxShadow:"var(--shad..."}}
-                                                 bis_skin_checked="1"
                                                >
                                                  <button>
                                                  <div
                                                    id="faq-answer-5"
                                                    role="region"
                                                    className="overflow-hidden transition-all duration-300"
                                                    style={{maxHeight:0,opacity:0,padding:"0 24px"}}
-                                                   bis_skin_checked="1"
                                                  >
                                                <div
                                                  className="rounded-2xl transition-all duration-200"
                                                  style={{background:"var(--card)",border:"1px solid ...",boxShadow:"var(--shad..."}}
-                                                 bis_skin_checked="1"
                                                >
                                                  <button>
                                                  <div
                                                    id="faq-answer-6"
                                                    role="region"
                                                    className="overflow-hidden transition-all duration-300"
                                                    style={{maxHeight:0,opacity:0,padding:"0 24px"}}
-                                                   bis_skin_checked="1"
                                                  >
                                                <div
                                                  className="rounded-2xl transition-all duration-200"
                                                  style={{background:"var(--card)",border:"1px solid ...",boxShadow:"var(--shad..."}}
-                                                 bis_skin_checked="1"
                                                >
                                                  <button>
                                                  <div
                                                    id="faq-answer-7"
                                                    role="region"
                                                    className="overflow-hidden transition-all duration-300"
                                                    style={{maxHeight:0,opacity:0,padding:"0 24px"}}
-                                                   bis_skin_checked="1"
                                                  >
                                                <div
                                                  className="rounded-2xl transition-all duration-200"
                                                  style={{background:"var(--card)",border:"1px solid ...",boxShadow:"var(--shad..."}}
-                                                 bis_skin_checked="1"
                                                >
                                                  <button>
                                                  <div
                                                    id="faq-answer-8"
                                                    role="region"
                                                    className="overflow-hidden transition-all duration-300"
                                                    style={{maxHeight:0,opacity:0,padding:"0 24px"}}
-                                                   bis_skin_checked="1"
                                                  >
                                  <Footer>
                                    <footer className="mt-20 bord...">
                                      <div
                                        className="mx-auto max-w-[1200px]"
-                                       bis_skin_checked="1"
                                      >
                                        <div
                                          className="grid grid-cols-1 gap-10 sm:grid-cols-2 lg:grid-cols-[1.5fr_1fr_1f..."
-                                         bis_skin_checked="1"
                                        >
                                          <div
-                                           bis_skin_checked="1"
                                          >
                                            <LinkComponent>
                                            <p>
                                            <p>
                                            <div
                                              className="mt-5"
-                                             bis_skin_checked="1"
                                            >
                                          ...
                                        <p>
                                        <div
                                          className="mt-4 flex flex-col gap-2 border-t border-border pt-6 sm:flex-row ..."
-                                         bis_skin_checked="1"
                                        >
                  ...
 
⚠ [next]/internal/font/google/lora_24d51a03.module.css
Warning: Error while requesting resource
There was an issue establishing a connection while requesting https://fonts.googleapis.com/css2?family=Lora:ital,wght@1,500;1,600&display=swap

Import trace:
  Server Component:
    [next]/internal/font/google/lora_24d51a03.module.css
    [next]/internal/font/google/lora_24d51a03.js
    ./frontend/src/app/layout.tsx


⚠ [next]/internal/font/google/poppins_f91be8b.module.css
Warning: Error while requesting resource
There was an issue establishing a connection while requesting https://fonts.googleapis.com/css2?family=Poppins:wght@400;500;600;700;800&display=swap

Import trace:
  Server Component:
    [next]/internal/font/google/poppins_f91be8b.module.css
    [next]/internal/font/google/poppins_f91be8b.js
    ./frontend/src/app/layout.tsx


⚠ [next]/internal/font/google/lora_24d51a03.module.css
Warning: next/font: warning:
Failed to download Lora from Google Fonts. Using a fallback font instead.
If you are offline or behind a proxy, self-host the font with next/font/local, or set HTTP_PROXY/HTTPS_PROXY so Next.js can reach fonts.googleapis.com.

Import trace:
  Server Component:
    [next]/internal/font/google/lora_24d51a03.module.css
    [next]/internal/font/google/lora_24d51a03.js
    ./frontend/src/app/layout.tsx


⚠ [next]/internal/font/google/poppins_f91be8b.module.css
Warning: next/font: warning:
Failed to download Poppins from Google Fonts. Using a fallback font instead.
If you are offline or behind a proxy, self-host the font with next/font/local, or set HTTP_PROXY/HTTPS_PROXY so Next.js can reach fonts.googleapis.com.

Import trace:
  Server Component:
    [next]/internal/font/google/poppins_f91be8b.module.css
    [next]/internal/font/google/poppins_f91be8b.js
    ./frontend/src/app/layout.tsx


⚠ [next]/internal/font/google/lora_24d51a03.module.css
Warning: Error while requesting resource
There was an issue establishing a connection while requesting https://fonts.googleapis.com/css2?family=Lora:ital,wght@1,500;1,600&display=swap

Import trace:
  Server Component:
    [next]/internal/font/google/lora_24d51a03.module.css
    [next]/internal/font/google/lora_24d51a03.js
    ./frontend/src/app/layout.tsx


⚠ [next]/internal/font/google/poppins_f91be8b.module.css
Warning: Error while requesting resource
There was an issue establishing a connection while requesting https://fonts.googleapis.com/css2?family=Poppins:wght@400;500;600;700;800&display=swap

Import trace:
  Server Component:
    [next]/internal/font/google/poppins_f91be8b.module.css
    [next]/internal/font/google/poppins_f91be8b.js
    ./frontend/src/app/layout.tsx


⚠ [next]/internal/font/google/lora_24d51a03.module.css
Warning: next/font: warning:
Failed to download Lora from Google Fonts. Using a fallback font instead.
If you are offline or behind a proxy, self-host the font with next/font/local, or set HTTP_PROXY/HTTPS_PROXY so Next.js can reach fonts.googleapis.com.

Import trace:
  Server Component:
    [next]/internal/font/google/lora_24d51a03.module.css
    [next]/internal/font/google/lora_24d51a03.js
    ./frontend/src/app/layout.tsx


⚠ [next]/internal/font/google/poppins_f91be8b.module.css
Warning: next/font: warning:
Failed to download Poppins from Google Fonts. Using a fallback font instead.
If you are offline or behind a proxy, self-host the font with next/font/local, or set HTTP_PROXY/HTTPS_PROXY so Next.js can reach fonts.googleapis.com.

Import trace:
  Server Component:
    [next]/internal/font/google/poppins_f91be8b.module.css
    [next]/internal/font/google/poppins_f91be8b.js
    ./frontend/src/app/layout.tsx


✓ Compiled in 237ms
✓ Compiled in 88ms
⚠ [next]/internal/font/google/lora_24d51a03.module.css
Warning: Error while requesting resource
There was an issue establishing a connection while requesting https://fonts.googleapis.com/css2?family=Lora:ital,wght@1,500;1,600&display=swap

Import trace:
  Server Component:
    [next]/internal/font/google/lora_24d51a03.module.css
    [next]/internal/font/google/lora_24d51a03.js
    ./frontend/src/app/layout.tsx


⚠ [next]/internal/font/google/poppins_f91be8b.module.css
Warning: Error while requesting resource
There was an issue establishing a connection while requesting https://fonts.googleapis.com/css2?family=Poppins:wght@400;500;600;700;800&display=swap

Import trace:
  Server Component:
    [next]/internal/font/google/poppins_f91be8b.module.css
    [next]/internal/font/google/poppins_f91be8b.js
    ./frontend/src/app/layout.tsx


⚠ [next]/internal/font/google/lora_24d51a03.module.css
Warning: next/font: warning:
Failed to download Lora from Google Fonts. Using a fallback font instead.
If you are offline or behind a proxy, self-host the font with next/font/local, or set HTTP_PROXY/HTTPS_PROXY so Next.js can reach fonts.googleapis.com.

Import trace:
  Server Component:
    [next]/internal/font/google/lora_24d51a03.module.css
    [next]/internal/font/google/lora_24d51a03.js
    ./frontend/src/app/layout.tsx


⚠ [next]/internal/font/google/poppins_f91be8b.module.css
Warning: next/font: warning:
Failed to download Poppins from Google Fonts. Using a fallback font instead.
If you are offline or behind a proxy, self-host the font with next/font/local, or set HTTP_PROXY/HTTPS_PROXY so Next.js can reach fonts.googleapis.com.

Import trace:
  Server Component:
    [next]/internal/font/google/poppins_f91be8b.module.css
    [next]/internal/font/google/poppins_f91be8b.js
    ./frontend/src/app/layout.tsx


 GET / 200 in 90ms (next.js: 34ms, application-code: 56ms)
[browser] Uncaught ReferenceError: ToolCategoryDropdown is not defined
    at Header (src/components/Header.tsx:132:12)
    at Home (src/app/page.tsx:36:7)
  130 |           </Link>
  131 |
> 132 |           <ToolCategoryDropdown />
      |            ^
  133 |           <nav className="hidden 2xl:flex items-center gap-1" aria-label="More downloaders">
  134 |             <Link href="/instagram-highlights-downloader" className="rounded-full px-2.5 py-1.5 text-[12.5px] font-semibold text-fg-muted hover:bg-primary-light hover:text-primary transition-colors">Instagram Highlights Downloade...
  135 |             <Link href="/instagram-audio-downloader" className="rounded-full px-2.5 py-1.5 text-[12.5px] font-semibold text-fg-muted hover:bg-primary-light hover:text-primary transition-colors">Instagram Audio Downloader</Link>
⚠ Fast Refresh had to perform a full reload due to a runtime error.
⚠ [next]/internal/font/google/lora_24d51a03.module.css
Warning: Error while requesting resource
There was an issue establishing a connection while requesting https://fonts.googleapis.com/css2?family=Lora:ital,wght@1,500;1,600&display=swap

Import trace:
  Server Component:
    [next]/internal/font/google/lora_24d51a03.module.css
    [next]/internal/font/google/lora_24d51a03.js
    ./frontend/src/app/layout.tsx


⚠ [next]/internal/font/google/poppins_f91be8b.module.css
Warning: Error while requesting resource
There was an issue establishing a connection while requesting https://fonts.googleapis.com/css2?family=Poppins:wght@400;500;600;700;800&display=swap

Import trace:
  Server Component:
    [next]/internal/font/google/poppins_f91be8b.module.css
    [next]/internal/font/google/poppins_f91be8b.js
    ./frontend/src/app/layout.tsx


⚠ [next]/internal/font/google/lora_24d51a03.module.css
Warning: next/font: warning:
Failed to download Lora from Google Fonts. Using a fallback font instead.
If you are offline or behind a proxy, self-host the font with next/font/local, or set HTTP_PROXY/HTTPS_PROXY so Next.js can reach fonts.googleapis.com.

Import trace:
  Server Component:
    [next]/internal/font/google/lora_24d51a03.module.css
    [next]/internal/font/google/lora_24d51a03.js
    ./frontend/src/app/layout.tsx


⚠ [next]/internal/font/google/poppins_f91be8b.module.css
Warning: next/font: warning:
Failed to download Poppins from Google Fonts. Using a fallback font instead.
If you are offline or behind a proxy, self-host the font with next/font/local, or set HTTP_PROXY/HTTPS_PROXY so Next.js can reach fonts.googleapis.com.

Import trace:
  Server Component:
    [next]/internal/font/google/poppins_f91be8b.module.css
    [next]/internal/font/google/poppins_f91be8b.js
    ./frontend/src/app/layout.tsx


✓ Compiled in 125ms
[browser] Encountered a script tag while rendering React component. Scripts inside React components are never executed when rendering on the client. Consider using template tag instead (https://developer.mozilla.org/en-US/docs/Web/HTML/Element/template). 
    at Set.forEach (<anonymous>) (<anonymous>)
⚠ [next]/internal/font/google/lora_24d51a03.module.css
Warning: Error while requesting resource
There was an issue establishing a connection while requesting https://fonts.googleapis.com/css2?family=Lora:ital,wght@1,500;1,600&display=swap

Import trace:
  Server Component:
    [next]/internal/font/google/lora_24d51a03.module.css
    [next]/internal/font/google/lora_24d51a03.js
    ./frontend/src/app/layout.tsx


⚠ [next]/internal/font/google/poppins_f91be8b.module.css
Warning: Error while requesting resource
There was an issue establishing a connection while requesting https://fonts.googleapis.com/css2?family=Poppins:wght@400;500;600;700;800&display=swap

Import trace:
  Server Component:
    [next]/internal/font/google/poppins_f91be8b.module.css
    [next]/internal/font/google/poppins_f91be8b.js
    ./frontend/src/app/layout.tsx


⚠ [next]/internal/font/google/lora_24d51a03.module.css
Warning: next/font: warning:
Failed to download Lora from Google Fonts. Using a fallback font instead.
If you are offline or behind a proxy, self-host the font with next/font/local, or set HTTP_PROXY/HTTPS_PROXY so Next.js can reach fonts.googleapis.com.

Import trace:
  Server Component:
    [next]/internal/font/google/lora_24d51a03.module.css
    [next]/internal/font/google/lora_24d51a03.js
    ./frontend/src/app/layout.tsx


⚠ [next]/internal/font/google/poppins_f91be8b.module.css
Warning: next/font: warning:
Failed to download Poppins from Google Fonts. Using a fallback font instead.
If you are offline or behind a proxy, self-host the font with next/font/local, or set HTTP_PROXY/HTTPS_PROXY so Next.js can reach fonts.googleapis.com.

Import trace:
  Server Component:
    [next]/internal/font/google/poppins_f91be8b.module.css
    [next]/internal/font/google/poppins_f91be8b.js
    ./frontend/src/app/layout.tsx


 GET /manifest.webmanifest 200 in 22ms (next.js: 12ms, application-code: 9ms)
 GET / 200 in 282ms (next.js: 9ms, application-code: 273ms)
⚠ [next]/internal/font/google/lora_24d51a03.module.css
Warning: Error while requesting resource
There was an issue establishing a connection while requesting https://fonts.googleapis.com/css2?family=Lora:ital,wght@1,500;1,600&display=swap

Import trace:
  Server Component:
    [next]/internal/font/google/lora_24d51a03.module.css
    [next]/internal/font/google/lora_24d51a03.js
    ./frontend/src/app/layout.tsx


⚠ [next]/internal/font/google/poppins_f91be8b.module.css
Warning: Error while requesting resource
There was an issue establishing a connection while requesting https://fonts.googleapis.com/css2?family=Poppins:wght@400;500;600;700;800&display=swap

Import trace:
  Server Component:
    [next]/internal/font/google/poppins_f91be8b.module.css
    [next]/internal/font/google/poppins_f91be8b.js
    ./frontend/src/app/layout.tsx


⚠ [next]/internal/font/google/lora_24d51a03.module.css
Warning: next/font: warning:
Failed to download Lora from Google Fonts. Using a fallback font instead.
If you are offline or behind a proxy, self-host the font with next/font/local, or set HTTP_PROXY/HTTPS_PROXY so Next.js can reach fonts.googleapis.com.

Import trace:
  Server Component:
    [next]/internal/font/google/lora_24d51a03.module.css
    [next]/internal/font/google/lora_24d51a03.js
    ./frontend/src/app/layout.tsx


⚠ [next]/internal/font/google/poppins_f91be8b.module.css
Warning: next/font: warning:
Failed to download Poppins from Google Fonts. Using a fallback font instead.
If you are offline or behind a proxy, self-host the font with next/font/local, or set HTTP_PROXY/HTTPS_PROXY so Next.js can reach fonts.googleapis.com.

Import trace:
  Server Component:
    [next]/internal/font/google/poppins_f91be8b.module.css
    [next]/internal/font/google/poppins_f91be8b.js
    ./frontend/src/app/layout.tsx


 GET /manifest.webmanifest 200 in 10ms (next.js: 5ms, application-code: 4ms)
⚠ [next]/internal/font/google/lora_24d51a03.module.css
Warning: Error while requesting resource
There was an issue establishing a connection while requesting https://fonts.googleapis.com/css2?family=Lora:ital,wght@1,500;1,600&display=swap

Import trace:
  Server Component:
    [next]/internal/font/google/lora_24d51a03.module.css
    [next]/internal/font/google/lora_24d51a03.js
    ./frontend/src/app/layout.tsx


⚠ [next]/internal/font/google/poppins_f91be8b.module.css
Warning: Error while requesting resource
There was an issue establishing a connection while requesting https://fonts.googleapis.com/css2?family=Poppins:wght@400;500;600;700;800&display=swap

Import trace:
  Server Component:
    [next]/internal/font/google/poppins_f91be8b.module.css
    [next]/internal/font/google/poppins_f91be8b.js
    ./frontend/src/app/layout.tsx


⚠ [next]/internal/font/google/lora_24d51a03.module.css
Warning: next/font: warning:
Failed to download Lora from Google Fonts. Using a fallback font instead.
If you are offline or behind a proxy, self-host the font with next/font/local, or set HTTP_PROXY/HTTPS_PROXY so Next.js can reach fonts.googleapis.com.

Import trace:
  Server Component:
    [next]/internal/font/google/lora_24d51a03.module.css
    [next]/internal/font/google/lora_24d51a03.js
    ./frontend/src/app/layout.tsx


⚠ [next]/internal/font/google/poppins_f91be8b.module.css
Warning: next/font: warning:
Failed to download Poppins from Google Fonts. Using a fallback font instead.
If you are offline or behind a proxy, self-host the font with next/font/local, or set HTTP_PROXY/HTTPS_PROXY so Next.js can reach fonts.googleapis.com.

Import trace:
  Server Component:
    [next]/internal/font/google/poppins_f91be8b.module.css
    [next]/internal/font/google/poppins_f91be8b.js
    ./frontend/src/app/layout.tsx


[browser] A tree hydrated but some attributes of the server rendered HTML didn't match the client properties. This won't be patched up. This can happen if a SSR-ed Client Component used:

- A server/client branch `if (typeof window !== 'undefined')`.
- Variable input such as `Date.now()` or `Math.random()` which changes each time it's called.
- Date formatting in a user's locale which doesn't match the server.
- External changing data without sending a snapshot of it along with the HTML.
- Invalid HTML tag nesting.

It can also happen if the client has a browser extension installed which messes with the HTML before React loaded.

https://react.dev/link/hydration-mismatch

  ...
    <HotReload globalError={[...]} webSocket={WebSocket} staticIndicatorState={{pathname:null, ...}}>
      <AppDevOverlayErrorBoundary globalError={[...]}>
        <ReplaySsrOnlyErrors>
        <DevRootHTTPAccessFallbackBoundary>
          <HTTPAccessFallbackBoundary notFound={<NotAllowedRootHTTPFallbackError>}>
            <HTTPAccessFallbackErrorBoundary pathname="/" notFound={<NotAllowedRootHTTPFallbackError>} ...>
              <RedirectBoundary>
                <RedirectErrorBoundary router={{...}}>
                  <Head headCacheNode={{rsc:{...}, ...}}>
                    <__next_viewport_boundary__>
                    <MetadataWrapper>
                      <div
                        hidden={true}
-                       bis_skin_checked="1"
                      >
                  <__next_root_layout_boundary__>
                    <SegmentViewNode type="layout" pagePath="layout.tsx">
                      <SegmentTrieNode>
                      <link>
                      <script>
                      <script>
                      <RootLayout>
                        <html lang="en" className="poppins_f9..." suppressHydrationWarning={true}>
                          <head>
                          <body
                            className="min-h-full flex flex-col antialiased"
-                           bis_register="W3sibWFzdGVyIjp0cnVlLCJleHRlbnNpb25JZCI6ImVwcGlvY2VtaG1ubGJoanBsY2drb2ZjaWll..."
-                           __processed_093a2851-35f4-4bfb-848f-7be65b7acdbe__="true"
                          >
                            ...
                              <ClientPageRoot Component={function Home} serverProvidedParams={{...}}>
                                <Home params={Promise} searchParams={Promise}>
                                  <Header activeDownloaderTab={null} ...>
                                    <header className="fixed top-...">
                                      <div
                                        className="site-header-inner mx-auto flex h-[72px] max-w-[1200px] items-center..."
-                                       bis_skin_checked="1"
                                      >
                                        <LinkComponent>
                                        <ToolCategoryDropdown>
                                          <div
                                            ref={{current:null}}
                                            className="relative hidden xl:flex items-center"
-                                           bis_skin_checked="1"
                                          >
                                        <nav>
                                        <div
                                          className="site-controls flex min-w-0 shrink-0 items-center gap-0.5 sm:gap-6"
-                                         bis_skin_checked="1"
                                        >
                                          <div
                                            className="relative"
                                            ref={{current:null}}
-                                           bis_skin_checked="1"
                                          >
                                          <LinkComponent>
                                          <button type="button" onClick={function toggleTheme} className="theme-toggle" ...>
                                            <div
                                              className="theme-toggle__thumb"
-                                             bis_skin_checked="1"
                                            >
                                            ...
                                          ...
                                    <div
                                      className="mobile-drawer fixed inset-y-0 right-0 z-50 flex h-full w-[min(82vw,38..."
                                      role="dialog"
                                      aria-modal="true"
                                      aria-hidden={true}
                                      aria-label="Mobile navigation"
-                                     bis_skin_checked="1"
                                    >
                                      <div
                                        className="mobile-drawer-header flex h-[68px] shrink-0 items-center justify-be..."
-                                       bis_skin_checked="1"
                                      >
                                        <div
-                                         bis_skin_checked="1"
                                        >
                                        ...
                                      <nav className="mobile-dra..." aria-label="Mobile nav...">
                                        <LinkComponent>
                                        <LinkComponent>
                                        <LinkComponent>
                                        <LinkComponent>
                                        <LinkComponent>
                                        <LinkComponent>
                                        <LinkComponent>
                                        <div
                                          className="my-2 border-t border-border-light"
-                                         bis_skin_checked="1"
                                        >
                                        ...
                                      <div
                                        className="mobile-drawer-cta shrink-0 border-t border-border p-4 pb-[calc(1rem..."
-                                       bis_skin_checked="1"
                                      >
                                  <main className="flex-1">
                                    <HeroDownloader activeTab={null} onActiveTabChange={function bound dispatchSetState}>
                                      <section id="hero" className="hero-secti...">
                                        <div
                                          className="absolute inset-0 -z-10"
                                          aria-hidden="true"
-                                         bis_skin_checked="1"
                                        >
                                          <div
                                            className="absolute left-1/2 top-0 h-[420px] w-full max-w-[1000px] -transl..."
-                                           bis_skin_checked="1"
                                          >
                                        <div
                                          className="mx-auto w-full max-w-[1200px] min-w-0 px-3 sm:px-6 lg:px-12"
-                                         bis_skin_checked="1"
                                        >
                                          <div
                                            className="mx-auto w-full min-w-0 max-w-[680px] text-center"
-                                           bis_skin_checked="1"
                                          >
                                            <div
                                              className="animate-fade-in-up mb-4 inline-flex max-w-full items-center g..."
                                              style={{background:"var(--card)",boxShadow:"var(--shad...",border:"1px solid ..."}}
-                                             bis_skin_checked="1"
                                            >
                                            ...
                                          <div
                                            className="animate-fade-in-up delay-300 mx-auto mt-6 w-full min-w-0 max-w-..."
-                                           bis_skin_checked="1"
                                          >
                                            <div
                                              ref={{current:null}}
                                              role="tablist"
                                              aria-label="Content types"
                                              className="tabs-scroll flex items-center gap-1 overflow-x-auto rounded-f..."
                                              style={{background:"var(--card)",boxShadow:"var(--shad...",border:"1px solid ..."}}
-                                             bis_skin_checked="1"
                                            >
                                          <div
                                            className="animate-fade-in-up delay-300 mx-auto mt-4 w-full min-w-0 max-w-..."
-                                           bis_skin_checked="1"
                                          >
                                            <form onSubmit={function HeroDownloader.useCallback[handleSubmit]} ...>
                                              <div
                                                className="url-card rounded-[20px] p-2.5 transition-shadow"
                                                style={{background:"var(--card)",boxShadow:"var(--shad...",border:"1px solid ..."}}
-                                               bis_skin_checked="1"
                                              >
                                                <div
                                                  className="hidden sm:flex sm:flex-row sm:gap-2"
-                                                 bis_skin_checked="1"
                                                >
                                                  <div
                                                    className="relative min-w-0 flex-1"
-                                                   bis_skin_checked="1"
                                                  >
                                                  ...
                                                <div
                                                  className="flex flex-col gap-2 sm:hidden"
-                                                 bis_skin_checked="1"
                                                >
                                                  <div
                                                    className="relative"
-                                                   bis_skin_checked="1"
                                                  >
                                                  <div
                                                    className="url-actions flex min-w-0 flex-col gap-2"
-                                                   bis_skin_checked="1"
                                                  >
                                            <div
                                              className="mt-3 flex flex-wrap items-center justify-center gap-x-4 gap-y..."
-                                             bis_skin_checked="1"
                                            >
                                          <div
                                            ref={{current:null}}
                                            aria-live="polite"
                                            aria-atomic="true"
                                            className="scroll-mt-20"
-                                           bis_skin_checked="1"
                                          >
                                    <ScrollReveal>
                                      <div
                                        ref={{current:null}}
                                        className="fade-section"
                                        style={undefined}
-                                       bis_skin_checked="1"
                                      >
                                        <section className="mx-auto ma...">
                                          <div
                                            className="grid grid-cols-1 gap-4 sm:grid-cols-2 lg:grid-cols-4"
-                                           bis_skin_checked="1"
                                          >
                                            <div
                                              className="flex items-center gap-3.5 rounded-2xl p-[18px] shadow-[var(--..."
                                              style={{background:"var(--card)",border:"1px solid ..."}}
-                                             bis_skin_checked="1"
                                            >
                                              <div
                                                className="flex h-10 w-10 shrink-0 items-center justify-center rounded..."
                                                style={{background:"var(--acce...",border:"1px solid ..."}}
-                                               bis_skin_checked="1"
                                              >
                                              <div
-                                               bis_skin_checked="1"
                                              >
                                            <div
                                              className="flex items-center gap-3.5 rounded-2xl p-[18px] shadow-[var(--..."
                                              style={{background:"var(--card)",border:"1px solid ..."}}
-                                             bis_skin_checked="1"
                                            >
                                              <div
                                                className="flex h-10 w-10 shrink-0 items-center justify-center rounded..."
                                                style={{background:"var(--acce...",border:"1px solid ..."}}
-                                               bis_skin_checked="1"
                                              >
                                              <div
-                                               bis_skin_checked="1"
                                              >
                                            <div
                                              className="flex items-center gap-3.5 rounded-2xl p-[18px] shadow-[var(--..."
                                              style={{background:"var(--card)",border:"1px solid ..."}}
-                                             bis_skin_checked="1"
                                            >
                                              <div
                                                className="flex h-10 w-10 shrink-0 items-center justify-center rounded..."
                                                style={{background:"var(--acce...",border:"1px solid ..."}}
-                                               bis_skin_checked="1"
                                              >
                                              <div
-                                               bis_skin_checked="1"
                                              >
                                            <div
                                              className="flex items-center gap-3.5 rounded-2xl p-[18px] shadow-[var(--..."
                                              style={{background:"var(--card)",border:"1px solid ..."}}
-                                             bis_skin_checked="1"
                                            >
                                              <div
                                                className="flex h-10 w-10 shrink-0 items-center justify-center rounded..."
                                                style={{background:"var(--acce...",border:"1px solid ..."}}
-                                               bis_skin_checked="1"
                                              >
                                              <div
-                                               bis_skin_checked="1"
                                              >
                                    <ScrollReveal>
                                      <div
                                        ref={{current:null}}
                                        className="fade-section"
                                        style={undefined}
-                                       bis_skin_checked="1"
                                      >
                                        <Features>
                                          <section id="features" className="px-5 py-20..." aria-label="Features">
                                            <div
                                              className="mx-auto max-w-[1200px]"
-                                             bis_skin_checked="1"
                                            >
                                              <div
                                                className="mb-14 text-center"
-                                               bis_skin_checked="1"
                                              >
                                              <div
                                                className="grid grid-cols-1 gap-5 sm:grid-cols-2 lg:grid-cols-3 max-w-..."
-                                               bis_skin_checked="1"
                                              >
                                                <div
                                                  className="group rounded-[20px] bg-card p-7 shadow-[var(--shadow-car..."
                                                  style={{border:"1px solid ..."}}
-                                                 bis_skin_checked="1"
                                                >
                                                  <div
                                                    className="mb-5 flex h-10 w-10 items-center justify-center rounded-xl"
                                                    style={{background:"var(--acce...",border:"1px solid ..."}}
-                                                   bis_skin_checked="1"
                                                  >
                                                  ...
                                                <div
                                                  className="group rounded-[20px] bg-card p-7 shadow-[var(--shadow-car..."
                                                  style={{border:"1px solid ..."}}
-                                                 bis_skin_checked="1"
                                                >
                                                  <div
                                                    className="mb-5 flex h-10 w-10 items-center justify-center rounded-xl"
                                                    style={{background:"var(--acce...",border:"1px solid ..."}}
-                                                   bis_skin_checked="1"
                                                  >
                                                  ...
                                                <div
                                                  className="group rounded-[20px] bg-card p-7 shadow-[var(--shadow-car..."
                                                  style={{border:"1px solid ..."}}
-                                                 bis_skin_checked="1"
                                                >
                                                  <div
                                                    className="mb-5 flex h-10 w-10 items-center justify-center rounded-xl"
                                                    style={{background:"var(--acce...",border:"1px solid ..."}}
-                                                   bis_skin_checked="1"
                                                  >
                                                  ...
                                                <div
                                                  className="group rounded-[20px] bg-card p-7 shadow-[var(--shadow-car..."
                                                  style={{border:"1px solid ..."}}
-                                                 bis_skin_checked="1"
                                                >
                                                  <div
                                                    className="mb-5 flex h-10 w-10 items-center justify-center rounded-xl"
                                                    style={{background:"var(--acce...",border:"1px solid ..."}}
-                                                   bis_skin_checked="1"
                                                  >
                                                  ...
                                                <div
                                                  className="group rounded-[20px] bg-card p-7 shadow-[var(--shadow-car..."
                                                  style={{border:"1px solid ..."}}
-                                                 bis_skin_checked="1"
                                                >
                                                  <div
                                                    className="mb-5 flex h-10 w-10 items-center justify-center rounded-xl"
                                                    style={{background:"var(--acce...",border:"1px solid ..."}}
-                                                   bis_skin_checked="1"
                                                  >
                                                  ...
                                                <div
                                                  className="group rounded-[20px] bg-card p-7 shadow-[var(--shadow-car..."
                                                  style={{border:"1px solid ..."}}
-                                                 bis_skin_checked="1"
                                                >
                                                  <div
                                                    className="mb-5 flex h-10 w-10 items-center justify-center rounded-xl"
                                                    style={{background:"var(--acce...",border:"1px solid ..."}}
-                                                   bis_skin_checked="1"
                                                  >
                                                  ...
                                                <div
                                                  className="group rounded-[20px] bg-card p-7 shadow-[var(--shadow-car..."
                                                  style={{border:"1px solid ..."}}
-                                                 bis_skin_checked="1"
                                                >
                                                  <div
                                                    className="mb-5 flex h-10 w-10 items-center justify-center rounded-xl"
                                                    style={{background:"var(--acce...",border:"1px solid ..."}}
-                                                   bis_skin_checked="1"
                                                  >
                                                  ...
                                    <ScrollReveal>
                                      <div
                                        ref={{current:null}}
                                        className="fade-section"
                                        style={undefined}
-                                       bis_skin_checked="1"
                                      >
                                        <HowItWorks>
                                          <section id="how-it-works" className="px-5 py-20..." aria-label="How It Works">
                                            <div
                                              className="mx-auto max-w-[1200px]"
-                                             bis_skin_checked="1"
                                            >
                                              <div
                                                className="mb-14 text-center"
-                                               bis_skin_checked="1"
                                              >
                                              <div
                                                className="relative flex flex-col items-start justify-center sm:flex-r..."
-                                               bis_skin_checked="1"
                                              >
                                                <div
                                                  className="flex items-center sm:flex-1"
-                                                 bis_skin_checked="1"
                                                >
                                                  <div
                                                    className="flex flex-1 flex-col items-center text-center px-4"
-                                                   bis_skin_checked="1"
                                                  >
                                                    <p>
                                                    <div
                                                      className="mb-5 flex h-[70px] w-[70px] items-center justify-cent..."
                                                      style={{background:"var(--bran...",boxShadow:"var(--shad..."}}
-                                                     bis_skin_checked="1"
                                                    >
                                                    ...
                                                  <div
                                                    className="hidden sm:block h-px flex-shrink-0 mt-[22px]"
                                                    style={{width:120,background:"linear-gra..."}}
-                                                   bis_skin_checked="1"
                                                  >
                                                <div
                                                  className="flex items-center sm:flex-1"
-                                                 bis_skin_checked="1"
                                                >
                                                  <div
                                                    className="flex flex-1 flex-col items-center text-center px-4"
-                                                   bis_skin_checked="1"
                                                  >
                                                    <p>
                                                    <div
                                                      className="mb-5 flex h-[70px] w-[70px] items-center justify-cent..."
                                                      style={{background:"var(--bran...",boxShadow:"var(--shad..."}}
-                                                     bis_skin_checked="1"
                                                    >
                                                    ...
                                                  <div
                                                    className="hidden sm:block h-px flex-shrink-0 mt-[22px]"
                                                    style={{width:120,background:"linear-gra..."}}
-                                                   bis_skin_checked="1"
                                                  >
                                                <div
                                                  className="flex items-center sm:flex-1"
-                                                 bis_skin_checked="1"
                                                >
                                                  <div
                                                    className="flex flex-1 flex-col items-center text-center px-4"
-                                                   bis_skin_checked="1"
                                                  >
                                                    <p>
                                                    <div
                                                      className="mb-5 flex h-[70px] w-[70px] items-center justify-cent..."
                                                      style={{background:"var(--bran...",boxShadow:"var(--shad..."}}
-                                                     bis_skin_checked="1"
                                                    >
                                                    ...
                                    <ScrollReveal>
                                      <div
                                        ref={{current:null}}
                                        className="fade-section"
                                        style={undefined}
-                                       bis_skin_checked="1"
                                      >
                                        <section className="mx-auto ma..." aria-labelledby="about-down...">
                                          <div
                                            className="rounded-[24px] p-6 sm:p-8"
                                            style={{background:"var(--card)",border:"1px solid ...",boxShadow:"var(--shad..."}}
-                                           bis_skin_checked="1"
                                          >
                                            <h2>
                                            <p>
                                            <div
                                              className="mt-6 grid gap-6"
-                                             bis_skin_checked="1"
                                            >
                                              <div
-                                               bis_skin_checked="1"
                                              >
                                              <div
-                                               bis_skin_checked="1"
                                              >
                                              <div
-                                               bis_skin_checked="1"
                                              >
                                              <div
-                                               bis_skin_checked="1"
                                              >
                                    <ScrollReveal>
                                      <div
                                        ref={{current:null}}
                                        className="fade-section"
                                        style={undefined}
-                                       bis_skin_checked="1"
                                      >
                                        <FAQ>
                                          <script>
                                          <section id="faq" className="px-4 py-20..." aria-label="Common que...">
                                            <div
                                              className="mx-auto max-w-[720px]"
-                                             bis_skin_checked="1"
                                            >
                                              <div
                                                className="mb-14 text-center"
-                                               bis_skin_checked="1"
                                              >
                                              <div
                                                className="flex flex-col gap-3"
-                                               bis_skin_checked="1"
                                              >
                                                <div
                                                  className="rounded-2xl transition-all duration-200"
                                                  style={{background:"var(--acce...",border:"1px solid ...",boxShadow:"none"}}
-                                                 bis_skin_checked="1"
                                                >
                                                  <button>
                                                  <div
                                                    id="faq-answer-0"
                                                    role="region"
                                                    className="overflow-hidden transition-all duration-300"
                                                    style={{maxHeight:200,opacity:1,padding:"0 24px 20px"}}
-                                                   bis_skin_checked="1"
                                                  >
                                                <div
                                                  className="rounded-2xl transition-all duration-200"
                                                  style={{background:"var(--card)",border:"1px solid ...",boxShadow:"var(--shad..."}}
-                                                 bis_skin_checked="1"
                                                >
                                                  <button>
                                                  <div
                                                    id="faq-answer-1"
                                                    role="region"
                                                    className="overflow-hidden transition-all duration-300"
                                                    style={{maxHeight:0,opacity:0,padding:"0 24px"}}
-                                                   bis_skin_checked="1"
                                                  >
                                                <div
                                                  className="rounded-2xl transition-all duration-200"
                                                  style={{background:"var(--card)",border:"1px solid ...",boxShadow:"var(--shad..."}}
-                                                 bis_skin_checked="1"
                                                >
                                                  <button>
                                                  <div
                                                    id="faq-answer-2"
                                                    role="region"
                                                    className="overflow-hidden transition-all duration-300"
                                                    style={{maxHeight:0,opacity:0,padding:"0 24px"}}
-                                                   bis_skin_checked="1"
                                                  >
                                                <div
                                                  className="rounded-2xl transition-all duration-200"
                                                  style={{background:"var(--card)",border:"1px solid ...",boxShadow:"var(--shad..."}}
-                                                 bis_skin_checked="1"
                                                >
                                                  <button>
                                                  <div
                                                    id="faq-answer-3"
                                                    role="region"
                                                    className="overflow-hidden transition-all duration-300"
                                                    style={{maxHeight:0,opacity:0,padding:"0 24px"}}
-                                                   bis_skin_checked="1"
                                                  >
                                                <div
                                                  className="rounded-2xl transition-all duration-200"
                                                  style={{background:"var(--card)",border:"1px solid ...",boxShadow:"var(--shad..."}}
-                                                 bis_skin_checked="1"
                                                >
                                                  <button>
                                                  <div
                                                    id="faq-answer-4"
                                                    role="region"
                                                    className="overflow-hidden transition-all duration-300"
                                                    style={{maxHeight:0,opacity:0,padding:"0 24px"}}
-                                                   bis_skin_checked="1"
                                                  >
                                                <div
                                                  className="rounded-2xl transition-all duration-200"
                                                  style={{background:"var(--card)",border:"1px solid ...",boxShadow:"var(--shad..."}}
-                                                 bis_skin_checked="1"
                                                >
                                                  <button>
                                                  <div
                                                    id="faq-answer-5"
                                                    role="region"
                                                    className="overflow-hidden transition-all duration-300"
                                                    style={{maxHeight:0,opacity:0,padding:"0 24px"}}
-                                                   bis_skin_checked="1"
                                                  >
                                                <div
                                                  className="rounded-2xl transition-all duration-200"
                                                  style={{background:"var(--card)",border:"1px solid ...",boxShadow:"var(--shad..."}}
-                                                 bis_skin_checked="1"
                                                >
                                                  <button>
                                                  <div
                                                    id="faq-answer-6"
                                                    role="region"
                                                    className="overflow-hidden transition-all duration-300"
                                                    style={{maxHeight:0,opacity:0,padding:"0 24px"}}
-                                                   bis_skin_checked="1"
                                                  >
                                                <div
                                                  className="rounded-2xl transition-all duration-200"
                                                  style={{background:"var(--card)",border:"1px solid ...",boxShadow:"var(--shad..."}}
-                                                 bis_skin_checked="1"
                                                >
                                                  <button>
                                                  <div
                                                    id="faq-answer-7"
                                                    role="region"
                                                    className="overflow-hidden transition-all duration-300"
                                                    style={{maxHeight:0,opacity:0,padding:"0 24px"}}
-                                                   bis_skin_checked="1"
                                                  >
                                                <div
                                                  className="rounded-2xl transition-all duration-200"
                                                  style={{background:"var(--card)",border:"1px solid ...",boxShadow:"var(--shad..."}}
-                                                 bis_skin_checked="1"
                                                >
                                                  <button>
                                                  <div
                                                    id="faq-answer-8"
                                                    role="region"
                                                    className="overflow-hidden transition-all duration-300"
                                                    style={{maxHeight:0,opacity:0,padding:"0 24px"}}
-                                                   bis_skin_checked="1"
                                                  >
                                  <Footer>
                                    <footer className="mt-20 bord...">
                                      <div
                                        className="mx-auto max-w-[1200px]"
-                                       bis_skin_checked="1"
                                      >
                                        <div
                                          className="grid grid-cols-1 gap-10 sm:grid-cols-2 lg:grid-cols-[1.5fr_1fr_1f..."
-                                         bis_skin_checked="1"
                                        >
                                          <div
-                                           bis_skin_checked="1"
                                          >
                                            <LinkComponent>
                                            <p>
                                            <p>
                                            <div
                                              className="mt-5"
-                                             bis_skin_checked="1"
                                            >
                                          ...
                                        <p>
                                        <div
                                          className="mt-4 flex flex-col gap-2 border-t border-border pt-6 sm:flex-row ..."
-                                         bis_skin_checked="1"
                                        >
                  ...
 
⚠ [next]/internal/font/google/lora_24d51a03.module.css
Warning: Error while requesting resource
There was an issue establishing a connection while requesting https://fonts.googleapis.com/css2?family=Lora:ital,wght@1,500;1,600&display=swap

Import trace:
  Server Component:
    [next]/internal/font/google/lora_24d51a03.module.css
    [next]/internal/font/google/lora_24d51a03.js
    ./frontend/src/app/layout.tsx


⚠ [next]/internal/font/google/poppins_f91be8b.module.css
Warning: Error while requesting resource
There was an issue establishing a connection while requesting https://fonts.googleapis.com/css2?family=Poppins:wght@400;500;600;700;800&display=swap

Import trace:
  Server Component:
    [next]/internal/font/google/poppins_f91be8b.module.css
    [next]/internal/font/google/poppins_f91be8b.js
    ./frontend/src/app/layout.tsx


⚠ [next]/internal/font/google/lora_24d51a03.module.css
Warning: next/font: warning:
Failed to download Lora from Google Fonts. Using a fallback font instead.
If you are offline or behind a proxy, self-host the font with next/font/local, or set HTTP_PROXY/HTTPS_PROXY so Next.js can reach fonts.googleapis.com.

Import trace:
  Server Component:
    [next]/internal/font/google/lora_24d51a03.module.css
    [next]/internal/font/google/lora_24d51a03.js
    ./frontend/src/app/layout.tsx


⚠ [next]/internal/font/google/poppins_f91be8b.module.css
Warning: next/font: warning:
Failed to download Poppins from Google Fonts. Using a fallback font instead.
If you are offline or behind a proxy, self-host the font with next/font/local, or set HTTP_PROXY/HTTPS_PROXY so Next.js can reach fonts.googleapis.com.

Import trace:
  Server Component:
    [next]/internal/font/google/poppins_f91be8b.module.css
    [next]/internal/font/google/poppins_f91be8b.js
    ./frontend/src/app/layout.tsx


✓ Compiled in 105ms
 GET / 200 in 86ms (next.js: 27ms, application-code: 58ms)
⚠ [next]/internal/font/google/lora_24d51a03.module.css
Warning: Error while requesting resource
There was an issue establishing a connection while requesting https://fonts.googleapis.com/css2?family=Lora:ital,wght@1,500;1,600&display=swap

Import trace:
  Server Component:
    [next]/internal/font/google/lora_24d51a03.module.css
    [next]/internal/font/google/lora_24d51a03.js
    ./frontend/src/app/layout.tsx


⚠ [next]/internal/font/google/poppins_f91be8b.module.css
Warning: Error while requesting resource
There was an issue establishing a connection while requesting https://fonts.googleapis.com/css2?family=Poppins:wght@400;500;600;700;800&display=swap

Import trace:
  Server Component:
    [next]/internal/font/google/poppins_f91be8b.module.css
    [next]/internal/font/google/poppins_f91be8b.js
    ./frontend/src/app/layout.tsx


⚠ [next]/internal/font/google/lora_24d51a03.module.css
Warning: next/font: warning:
Failed to download Lora from Google Fonts. Using a fallback font instead.
If you are offline or behind a proxy, self-host the font with next/font/local, or set HTTP_PROXY/HTTPS_PROXY so Next.js can reach fonts.googleapis.com.

Import trace:
  Server Component:
    [next]/internal/font/google/lora_24d51a03.module.css
    [next]/internal/font/google/lora_24d51a03.js
    ./frontend/src/app/layout.tsx


⚠ [next]/internal/font/google/poppins_f91be8b.module.css
Warning: next/font: warning:
Failed to download Poppins from Google Fonts. Using a fallback font instead.
If you are offline or behind a proxy, self-host the font with next/font/local, or set HTTP_PROXY/HTTPS_PROXY so Next.js can reach fonts.googleapis.com.

Import trace:
  Server Component:
    [next]/internal/font/google/poppins_f91be8b.module.css
    [next]/internal/font/google/poppins_f91be8b.js
    ./frontend/src/app/layout.tsx


 GET /manifest.webmanifest 200 in 18ms (next.js: 9ms, application-code: 9ms)
⚠ [next]/internal/font/google/lora_24d51a03.module.css
Warning: Error while requesting resource
There was an issue establishing a connection while requesting https://fonts.googleapis.com/css2?family=Lora:ital,wght@1,500;1,600&display=swap

Import trace:
  Server Component:
    [next]/internal/font/google/lora_24d51a03.module.css
    [next]/internal/font/google/lora_24d51a03.js
    ./frontend/src/app/layout.tsx


⚠ [next]/internal/font/google/poppins_f91be8b.module.css
Warning: Error while requesting resource
There was an issue establishing a connection while requesting https://fonts.googleapis.com/css2?family=Poppins:wght@400;500;600;700;800&display=swap

Import trace:
  Server Component:
    [next]/internal/font/google/poppins_f91be8b.module.css
    [next]/internal/font/google/poppins_f91be8b.js
    ./frontend/src/app/layout.tsx


⚠ [next]/internal/font/google/lora_24d51a03.module.css
Warning: next/font: warning:
Failed to download Lora from Google Fonts. Using a fallback font instead.
If you are offline or behind a proxy, self-host the font with next/font/local, or set HTTP_PROXY/HTTPS_PROXY so Next.js can reach fonts.googleapis.com.

Import trace:
  Server Component:
    [next]/internal/font/google/lora_24d51a03.module.css
    [next]/internal/font/google/lora_24d51a03.js
    ./frontend/src/app/layout.tsx


⚠ [next]/internal/font/google/poppins_f91be8b.module.css
Warning: next/font: warning:
Failed to download Poppins from Google Fonts. Using a fallback font instead.
If you are offline or behind a proxy, self-host the font with next/font/local, or set HTTP_PROXY/HTTPS_PROXY so Next.js can reach fonts.googleapis.com.

Import trace:
  Server Component:
    [next]/internal/font/google/poppins_f91be8b.module.css
    [next]/internal/font/google/poppins_f91be8b.js
    ./frontend/src/app/layout.tsx


 GET / 200 in 160ms (next.js: 7ms, application-code: 153ms)
⚠ [next]/internal/font/google/lora_24d51a03.module.css
Warning: Error while requesting resource
There was an issue establishing a connection while requesting https://fonts.googleapis.com/css2?family=Lora:ital,wght@1,500;1,600&display=swap

Import trace:
  Server Component:
    [next]/internal/font/google/lora_24d51a03.module.css
    [next]/internal/font/google/lora_24d51a03.js
    ./frontend/src/app/layout.tsx


⚠ [next]/internal/font/google/poppins_f91be8b.module.css
Warning: Error while requesting resource
There was an issue establishing a connection while requesting https://fonts.googleapis.com/css2?family=Poppins:wght@400;500;600;700;800&display=swap

Import trace:
  Server Component:
    [next]/internal/font/google/poppins_f91be8b.module.css
    [next]/internal/font/google/poppins_f91be8b.js
    ./frontend/src/app/layout.tsx


⚠ [next]/internal/font/google/lora_24d51a03.module.css
Warning: next/font: warning:
Failed to download Lora from Google Fonts. Using a fallback font instead.
If you are offline or behind a proxy, self-host the font with next/font/local, or set HTTP_PROXY/HTTPS_PROXY so Next.js can reach fonts.googleapis.com.

Import trace:
  Server Component:
    [next]/internal/font/google/lora_24d51a03.module.css
    [next]/internal/font/google/lora_24d51a03.js
    ./frontend/src/app/layout.tsx


⚠ [next]/internal/font/google/poppins_f91be8b.module.css
Warning: next/font: warning:
Failed to download Poppins from Google Fonts. Using a fallback font instead.
If you are offline or behind a proxy, self-host the font with next/font/local, or set HTTP_PROXY/HTTPS_PROXY so Next.js can reach fonts.googleapis.com.

Import trace:
  Server Component:
    [next]/internal/font/google/poppins_f91be8b.module.css
    [next]/internal/font/google/poppins_f91be8b.js
    ./frontend/src/app/layout.tsx


 GET /manifest.webmanifest 200 in 14ms (next.js: 7ms, application-code: 7ms)
⚠ [next]/internal/font/google/lora_24d51a03.module.css
Warning: Error while requesting resource
There was an issue establishing a connection while requesting https://fonts.googleapis.com/css2?family=Lora:ital,wght@1,500;1,600&display=swap

Import trace:
  Server Component:
    [next]/internal/font/google/lora_24d51a03.module.css
    [next]/internal/font/google/lora_24d51a03.js
    ./frontend/src/app/layout.tsx


⚠ [next]/internal/font/google/poppins_f91be8b.module.css
Warning: Error while requesting resource
There was an issue establishing a connection while requesting https://fonts.googleapis.com/css2?family=Poppins:wght@400;500;600;700;800&display=swap

Import trace:
  Server Component:
    [next]/internal/font/google/poppins_f91be8b.module.css
    [next]/internal/font/google/poppins_f91be8b.js
    ./frontend/src/app/layout.tsx


⚠ [next]/internal/font/google/lora_24d51a03.module.css
Warning: next/font: warning:
Failed to download Lora from Google Fonts. Using a fallback font instead.
If you are offline or behind a proxy, self-host the font with next/font/local, or set HTTP_PROXY/HTTPS_PROXY so Next.js can reach fonts.googleapis.com.

Import trace:
  Server Component:
    [next]/internal/font/google/lora_24d51a03.module.css
    [next]/internal/font/google/lora_24d51a03.js
    ./frontend/src/app/layout.tsx


⚠ [next]/internal/font/google/poppins_f91be8b.module.css
Warning: next/font: warning:
Failed to download Poppins from Google Fonts. Using a fallback font instead.
If you are offline or behind a proxy, self-host the font with next/font/local, or set HTTP_PROXY/HTTPS_PROXY so Next.js can reach fonts.googleapis.com.

Import trace:
  Server Component:
    [next]/internal/font/google/poppins_f91be8b.module.css
    [next]/internal/font/google/poppins_f91be8b.js
    ./frontend/src/app/layout.tsx


[browser] A tree hydrated but some attributes of the server rendered HTML didn't match the client properties. This won't be patched up. This can happen if a SSR-ed Client Component used:

- A server/client branch `if (typeof window !== 'undefined')`.
- Variable input such as `Date.now()` or `Math.random()` which changes each time it's called.
- Date formatting in a user's locale which doesn't match the server.
- External changing data without sending a snapshot of it along with the HTML.
- Invalid HTML tag nesting.

It can also happen if the client has a browser extension installed which messes with the HTML before React loaded.

https://react.dev/link/hydration-mismatch

  ...
    <HotReload globalError={[...]} webSocket={WebSocket} staticIndicatorState={{pathname:null, ...}}>
      <AppDevOverlayErrorBoundary globalError={[...]}>
        <ReplaySsrOnlyErrors>
        <DevRootHTTPAccessFallbackBoundary>
          <HTTPAccessFallbackBoundary notFound={<NotAllowedRootHTTPFallbackError>}>
            <HTTPAccessFallbackErrorBoundary pathname="/" notFound={<NotAllowedRootHTTPFallbackError>} ...>
              <RedirectBoundary>
                <RedirectErrorBoundary router={{...}}>
                  <Head headCacheNode={{rsc:{...}, ...}}>
                    <__next_viewport_boundary__>
                    <MetadataWrapper>
                      <div
                        hidden={true}
-                       bis_skin_checked="1"
                      >
                  <__next_root_layout_boundary__>
                    <SegmentViewNode type="layout" pagePath="layout.tsx">
                      <SegmentTrieNode>
                      <link>
                      <script>
                      <script>
                      <RootLayout>
                        <html lang="en" className="poppins_f9..." suppressHydrationWarning={true}>
                          <head>
                          <body
                            className="min-h-full flex flex-col antialiased"
-                           bis_register="W3sibWFzdGVyIjp0cnVlLCJleHRlbnNpb25JZCI6ImVwcGlvY2VtaG1ubGJoanBsY2drb2ZjaWll..."
-                           __processed_20c66cf0-8575-4c25-8c6a-41e391bb4df5__="true"
                          >
                            ...
                              <ClientPageRoot Component={function Home} serverProvidedParams={{...}}>
                                <Home params={Promise} searchParams={Promise}>
                                  <Header activeDownloaderTab={null} ...>
                                    <header className="fixed top-...">
                                      <div
                                        className="site-header-inner mx-auto flex h-[72px] max-w-[1200px] items-center..."
-                                       bis_skin_checked="1"
                                      >
                                        <LinkComponent>
                                        <ToolCategoryDropdown>
                                          <div
                                            ref={{current:null}}
                                            className="relative hidden xl:flex items-center"
-                                           bis_skin_checked="1"
                                          >
                                        <nav>
                                        <div
                                          className="site-controls flex min-w-0 shrink-0 items-center gap-0.5 sm:gap-6"
-                                         bis_skin_checked="1"
                                        >
                                          <div
                                            className="relative"
                                            ref={{current:null}}
-                                           bis_skin_checked="1"
                                          >
                                          <LinkComponent>
                                          <button type="button" onClick={function toggleTheme} className="theme-toggle" ...>
                                            <div
                                              className="theme-toggle__thumb"
-                                             bis_skin_checked="1"
                                            >
                                            ...
                                          ...
                                    <div
                                      className="mobile-drawer fixed inset-y-0 right-0 z-50 flex h-full w-[min(82vw,38..."
                                      role="dialog"
                                      aria-modal="true"
                                      aria-hidden={true}
                                      aria-label="Mobile navigation"
-                                     bis_skin_checked="1"
                                    >
                                      <div
                                        className="mobile-drawer-header flex h-[68px] shrink-0 items-center justify-be..."
-                                       bis_skin_checked="1"
                                      >
                                        <div
-                                         bis_skin_checked="1"
                                        >
                                        ...
                                      <nav className="mobile-dra..." aria-label="Mobile nav...">
                                        <LinkComponent>
                                        <LinkComponent>
                                        <LinkComponent>
                                        <LinkComponent>
                                        <LinkComponent>
                                        <LinkComponent>
                                        <LinkComponent>
                                        <div
                                          className="my-2 border-t border-border-light"
-                                         bis_skin_checked="1"
                                        >
                                        ...
                                      <div
                                        className="mobile-drawer-cta shrink-0 border-t border-border p-4 pb-[calc(1rem..."
-                                       bis_skin_checked="1"
                                      >
                                  <main className="flex-1">
                                    <HeroDownloader activeTab={null} onActiveTabChange={function bound dispatchSetState}>
                                      <section id="hero" className="hero-secti...">
                                        <div
                                          className="absolute inset-0 -z-10"
                                          aria-hidden="true"
-                                         bis_skin_checked="1"
                                        >
                                          <div
                                            className="absolute left-1/2 top-0 h-[420px] w-full max-w-[1000px] -transl..."
-                                           bis_skin_checked="1"
                                          >
                                        <div
                                          className="mx-auto w-full max-w-[1200px] min-w-0 px-3 sm:px-6 lg:px-12"
-                                         bis_skin_checked="1"
                                        >
                                          <div
                                            className="mx-auto w-full min-w-0 max-w-[680px] text-center"
-                                           bis_skin_checked="1"
                                          >
                                            <div
                                              className="animate-fade-in-up mb-4 inline-flex max-w-full items-center g..."
                                              style={{background:"var(--card)",boxShadow:"var(--shad...",border:"1px solid ..."}}
-                                             bis_skin_checked="1"
                                            >
                                            ...
                                          <div
                                            className="animate-fade-in-up delay-300 mx-auto mt-6 w-full min-w-0 max-w-..."
-                                           bis_skin_checked="1"
                                          >
                                            <div
                                              ref={{current:null}}
                                              role="tablist"
                                              aria-label="Content types"
                                              className="tabs-scroll flex items-center gap-1 overflow-x-auto rounded-f..."
                                              style={{background:"var(--card)",boxShadow:"var(--shad...",border:"1px solid ..."}}
-                                             bis_skin_checked="1"
                                            >
                                          <div
                                            className="animate-fade-in-up delay-300 mx-auto mt-4 w-full min-w-0 max-w-..."
-                                           bis_skin_checked="1"
                                          >
                                            <form onSubmit={function HeroDownloader.useCallback[handleSubmit]} ...>
                                              <div
                                                className="url-card rounded-[20px] p-2.5 transition-shadow"
                                                style={{background:"var(--card)",boxShadow:"var(--shad...",border:"1px solid ..."}}
-                                               bis_skin_checked="1"
                                              >
                                                <div
                                                  className="hidden sm:flex sm:flex-row sm:gap-2"
-                                                 bis_skin_checked="1"
                                                >
                                                  <div
                                                    className="relative min-w-0 flex-1"
-                                                   bis_skin_checked="1"
                                                  >
                                                  ...
                                                <div
                                                  className="flex flex-col gap-2 sm:hidden"
-                                                 bis_skin_checked="1"
                                                >
                                                  <div
                                                    className="relative"
-                                                   bis_skin_checked="1"
                                                  >
                                                  <div
                                                    className="url-actions flex min-w-0 flex-col gap-2"
-                                                   bis_skin_checked="1"
                                                  >
                                            <div
                                              className="mt-3 flex flex-wrap items-center justify-center gap-x-4 gap-y..."
-                                             bis_skin_checked="1"
                                            >
                                          <div
                                            ref={{current:null}}
                                            aria-live="polite"
                                            aria-atomic="true"
                                            className="scroll-mt-20"
-                                           bis_skin_checked="1"
                                          >
                                    <ScrollReveal>
                                      <div
                                        ref={{current:null}}
                                        className="fade-section"
                                        style={undefined}
-                                       bis_skin_checked="1"
                                      >
                                        <section className="mx-auto ma...">
                                          <div
                                            className="grid grid-cols-1 gap-4 sm:grid-cols-2 lg:grid-cols-4"
-                                           bis_skin_checked="1"
                                          >
                                            <div
                                              className="flex items-center gap-3.5 rounded-2xl p-[18px] shadow-[var(--..."
                                              style={{background:"var(--card)",border:"1px solid ..."}}
-                                             bis_skin_checked="1"
                                            >
                                              <div
                                                className="flex h-10 w-10 shrink-0 items-center justify-center rounded..."
                                                style={{background:"var(--acce...",border:"1px solid ..."}}
-                                               bis_skin_checked="1"
                                              >
                                              <div
-                                               bis_skin_checked="1"
                                              >
                                            <div
                                              className="flex items-center gap-3.5 rounded-2xl p-[18px] shadow-[var(--..."
                                              style={{background:"var(--card)",border:"1px solid ..."}}
-                                             bis_skin_checked="1"
                                            >
                                              <div
                                                className="flex h-10 w-10 shrink-0 items-center justify-center rounded..."
                                                style={{background:"var(--acce...",border:"1px solid ..."}}
-                                               bis_skin_checked="1"
                                              >
                                              <div
-                                               bis_skin_checked="1"
                                              >
                                            <div
                                              className="flex items-center gap-3.5 rounded-2xl p-[18px] shadow-[var(--..."
                                              style={{background:"var(--card)",border:"1px solid ..."}}
-                                             bis_skin_checked="1"
                                            >
                                              <div
                                                className="flex h-10 w-10 shrink-0 items-center justify-center rounded..."
                                                style={{background:"var(--acce...",border:"1px solid ..."}}
-                                               bis_skin_checked="1"
                                              >
                                              <div
-                                               bis_skin_checked="1"
                                              >
                                            <div
                                              className="flex items-center gap-3.5 rounded-2xl p-[18px] shadow-[var(--..."
                                              style={{background:"var(--card)",border:"1px solid ..."}}
-                                             bis_skin_checked="1"
                                            >
                                              <div
                                                className="flex h-10 w-10 shrink-0 items-center justify-center rounded..."
                                                style={{background:"var(--acce...",border:"1px solid ..."}}
-                                               bis_skin_checked="1"
                                              >
                                              <div
-                                               bis_skin_checked="1"
                                              >
                                    <ScrollReveal>
                                      <div
                                        ref={{current:null}}
                                        className="fade-section"
                                        style={undefined}
-                                       bis_skin_checked="1"
                                      >
                                        <Features>
                                          <section id="features" className="px-5 py-20..." aria-label="Features">
                                            <div
                                              className="mx-auto max-w-[1200px]"
-                                             bis_skin_checked="1"
                                            >
                                              <div
                                                className="mb-14 text-center"
-                                               bis_skin_checked="1"
                                              >
                                              <div
                                                className="grid grid-cols-1 gap-5 sm:grid-cols-2 lg:grid-cols-3 max-w-..."
-                                               bis_skin_checked="1"
                                              >
                                                <div
                                                  className="group rounded-[20px] bg-card p-7 shadow-[var(--shadow-car..."
                                                  style={{border:"1px solid ..."}}
-                                                 bis_skin_checked="1"
                                                >
                                                  <div
                                                    className="mb-5 flex h-10 w-10 items-center justify-center rounded-xl"
                                                    style={{background:"var(--acce...",border:"1px solid ..."}}
-                                                   bis_skin_checked="1"
                                                  >
                                                  ...
                                                <div
                                                  className="group rounded-[20px] bg-card p-7 shadow-[var(--shadow-car..."
                                                  style={{border:"1px solid ..."}}
-                                                 bis_skin_checked="1"
                                                >
                                                  <div
                                                    className="mb-5 flex h-10 w-10 items-center justify-center rounded-xl"
                                                    style={{background:"var(--acce...",border:"1px solid ..."}}
-                                                   bis_skin_checked="1"
                                                  >
                                                  ...
                                                <div
                                                  className="group rounded-[20px] bg-card p-7 shadow-[var(--shadow-car..."
                                                  style={{border:"1px solid ..."}}
-                                                 bis_skin_checked="1"
                                                >
                                                  <div
                                                    className="mb-5 flex h-10 w-10 items-center justify-center rounded-xl"
                                                    style={{background:"var(--acce...",border:"1px solid ..."}}
-                                                   bis_skin_checked="1"
                                                  >
                                                  ...
                                                <div
                                                  className="group rounded-[20px] bg-card p-7 shadow-[var(--shadow-car..."
                                                  style={{border:"1px solid ..."}}
-                                                 bis_skin_checked="1"
                                                >
                                                  <div
                                                    className="mb-5 flex h-10 w-10 items-center justify-center rounded-xl"
                                                    style={{background:"var(--acce...",border:"1px solid ..."}}
-                                                   bis_skin_checked="1"
                                                  >
                                                  ...
                                                <div
                                                  className="group rounded-[20px] bg-card p-7 shadow-[var(--shadow-car..."
                                                  style={{border:"1px solid ..."}}
-                                                 bis_skin_checked="1"
                                                >
                                                  <div
                                                    className="mb-5 flex h-10 w-10 items-center justify-center rounded-xl"
                                                    style={{background:"var(--acce...",border:"1px solid ..."}}
-                                                   bis_skin_checked="1"
                                                  >
                                                  ...
                                                <div
                                                  className="group rounded-[20px] bg-card p-7 shadow-[var(--shadow-car..."
                                                  style={{border:"1px solid ..."}}
-                                                 bis_skin_checked="1"
                                                >
                                                  <div
                                                    className="mb-5 flex h-10 w-10 items-center justify-center rounded-xl"
                                                    style={{background:"var(--acce...",border:"1px solid ..."}}
-                                                   bis_skin_checked="1"
                                                  >
                                                  ...
                                                <div
                                                  className="group rounded-[20px] bg-card p-7 shadow-[var(--shadow-car..."
                                                  style={{border:"1px solid ..."}}
-                                                 bis_skin_checked="1"
                                                >
                                                  <div
                                                    className="mb-5 flex h-10 w-10 items-center justify-center rounded-xl"
                                                    style={{background:"var(--acce...",border:"1px solid ..."}}
-                                                   bis_skin_checked="1"
                                                  >
                                                  ...
                                    <ScrollReveal>
                                      <div
                                        ref={{current:null}}
                                        className="fade-section"
                                        style={undefined}
-                                       bis_skin_checked="1"
                                      >
                                        <HowItWorks>
                                          <section id="how-it-works" className="px-5 py-20..." aria-label="How It Works">
                                            <div
                                              className="mx-auto max-w-[1200px]"
-                                             bis_skin_checked="1"
                                            >
                                              <div
                                                className="mb-14 text-center"
-                                               bis_skin_checked="1"
                                              >
                                              <div
                                                className="relative flex flex-col items-start justify-center sm:flex-r..."
-                                               bis_skin_checked="1"
                                              >
                                                <div
                                                  className="flex items-center sm:flex-1"
-                                                 bis_skin_checked="1"
                                                >
                                                  <div
                                                    className="flex flex-1 flex-col items-center text-center px-4"
-                                                   bis_skin_checked="1"
                                                  >
                                                    <p>
                                                    <div
                                                      className="mb-5 flex h-[70px] w-[70px] items-center justify-cent..."
                                                      style={{background:"var(--bran...",boxShadow:"var(--shad..."}}
-                                                     bis_skin_checked="1"
                                                    >
                                                    ...
                                                  <div
                                                    className="hidden sm:block h-px flex-shrink-0 mt-[22px]"
                                                    style={{width:120,background:"linear-gra..."}}
-                                                   bis_skin_checked="1"
                                                  >
                                                <div
                                                  className="flex items-center sm:flex-1"
-                                                 bis_skin_checked="1"
                                                >
                                                  <div
                                                    className="flex flex-1 flex-col items-center text-center px-4"
-                                                   bis_skin_checked="1"
                                                  >
                                                    <p>
                                                    <div
                                                      className="mb-5 flex h-[70px] w-[70px] items-center justify-cent..."
                                                      style={{background:"var(--bran...",boxShadow:"var(--shad..."}}
-                                                     bis_skin_checked="1"
                                                    >
                                                    ...
                                                  <div
                                                    className="hidden sm:block h-px flex-shrink-0 mt-[22px]"
                                                    style={{width:120,background:"linear-gra..."}}
-                                                   bis_skin_checked="1"
                                                  >
                                                <div
                                                  className="flex items-center sm:flex-1"
-                                                 bis_skin_checked="1"
                                                >
                                                  <div
                                                    className="flex flex-1 flex-col items-center text-center px-4"
-                                                   bis_skin_checked="1"
                                                  >
                                                    <p>
                                                    <div
                                                      className="mb-5 flex h-[70px] w-[70px] items-center justify-cent..."
                                                      style={{background:"var(--bran...",boxShadow:"var(--shad..."}}
-                                                     bis_skin_checked="1"
                                                    >
                                                    ...
                                    <ScrollReveal>
                                      <div
                                        ref={{current:null}}
                                        className="fade-section"
                                        style={undefined}
-                                       bis_skin_checked="1"
                                      >
                                        <section className="mx-auto ma..." aria-labelledby="about-down...">
                                          <div
                                            className="rounded-[24px] p-6 sm:p-8"
                                            style={{background:"var(--card)",border:"1px solid ...",boxShadow:"var(--shad..."}}
-                                           bis_skin_checked="1"
                                          >
                                            <h2>
                                            <p>
                                            <div
                                              className="mt-6 grid gap-6"
-                                             bis_skin_checked="1"
                                            >
                                              <div
-                                               bis_skin_checked="1"
                                              >
                                              <div
-                                               bis_skin_checked="1"
                                              >
                                              <div
-                                               bis_skin_checked="1"
                                              >
                                              <div
-                                               bis_skin_checked="1"
                                              >
                                    <ScrollReveal>
                                      <div
                                        ref={{current:null}}
                                        className="fade-section"
                                        style={undefined}
-                                       bis_skin_checked="1"
                                      >
                                        <FAQ>
                                          <script>
                                          <section id="faq" className="px-4 py-20..." aria-label="Common que...">
                                            <div
                                              className="mx-auto max-w-[720px]"
-                                             bis_skin_checked="1"
                                            >
                                              <div
                                                className="mb-14 text-center"
-                                               bis_skin_checked="1"
                                              >
                                              <div
                                                className="flex flex-col gap-3"
-                                               bis_skin_checked="1"
                                              >
                                                <div
                                                  className="rounded-2xl transition-all duration-200"
                                                  style={{background:"var(--acce...",border:"1px solid ...",boxShadow:"none"}}
-                                                 bis_skin_checked="1"
                                                >
                                                  <button>
                                                  <div
                                                    id="faq-answer-0"
                                                    role="region"
                                                    className="overflow-hidden transition-all duration-300"
                                                    style={{maxHeight:200,opacity:1,padding:"0 24px 20px"}}
-                                                   bis_skin_checked="1"
                                                  >
                                                <div
                                                  className="rounded-2xl transition-all duration-200"
                                                  style={{background:"var(--card)",border:"1px solid ...",boxShadow:"var(--shad..."}}
-                                                 bis_skin_checked="1"
                                                >
                                                  <button>
                                                  <div
                                                    id="faq-answer-1"
                                                    role="region"
                                                    className="overflow-hidden transition-all duration-300"
                                                    style={{maxHeight:0,opacity:0,padding:"0 24px"}}
-                                                   bis_skin_checked="1"
                                                  >
                                                <div
                                                  className="rounded-2xl transition-all duration-200"
                                                  style={{background:"var(--card)",border:"1px solid ...",boxShadow:"var(--shad..."}}
-                                                 bis_skin_checked="1"
                                                >
                                                  <button>
                                                  <div
                                                    id="faq-answer-2"
                                                    role="region"
                                                    className="overflow-hidden transition-all duration-300"
                                                    style={{maxHeight:0,opacity:0,padding:"0 24px"}}
-                                                   bis_skin_checked="1"
                                                  >
                                                <div
                                                  className="rounded-2xl transition-all duration-200"
                                                  style={{background:"var(--card)",border:"1px solid ...",boxShadow:"var(--shad..."}}
-                                                 bis_skin_checked="1"
                                                >
                                                  <button>
                                                  <div
                                                    id="faq-answer-3"
                                                    role="region"
                                                    className="overflow-hidden transition-all duration-300"
                                                    style={{maxHeight:0,opacity:0,padding:"0 24px"}}
-                                                   bis_skin_checked="1"
                                                  >
                                                <div
                                                  className="rounded-2xl transition-all duration-200"
                                                  style={{background:"var(--card)",border:"1px solid ...",boxShadow:"var(--shad..."}}
-                                                 bis_skin_checked="1"
                                                >
                                                  <button>
                                                  <div
                                                    id="faq-answer-4"
                                                    role="region"
                                                    className="overflow-hidden transition-all duration-300"
                                                    style={{maxHeight:0,opacity:0,padding:"0 24px"}}
-                                                   bis_skin_checked="1"
                                                  >
                                                <div
                                                  className="rounded-2xl transition-all duration-200"
                                                  style={{background:"var(--card)",border:"1px solid ...",boxShadow:"var(--shad..."}}
-                                                 bis_skin_checked="1"
                                                >
                                                  <button>
                                                  <div
                                                    id="faq-answer-5"
                                                    role="region"
                                                    className="overflow-hidden transition-all duration-300"
                                                    style={{maxHeight:0,opacity:0,padding:"0 24px"}}
-                                                   bis_skin_checked="1"
                                                  >
                                                <div
                                                  className="rounded-2xl transition-all duration-200"
                                                  style={{background:"var(--card)",border:"1px solid ...",boxShadow:"var(--shad..."}}
-                                                 bis_skin_checked="1"
                                                >
                                                  <button>
                                                  <div
                                                    id="faq-answer-6"
                                                    role="region"
                                                    className="overflow-hidden transition-all duration-300"
                                                    style={{maxHeight:0,opacity:0,padding:"0 24px"}}
-                                                   bis_skin_checked="1"
                                                  >
                                                <div
                                                  className="rounded-2xl transition-all duration-200"
                                                  style={{background:"var(--card)",border:"1px solid ...",boxShadow:"var(--shad..."}}
-                                                 bis_skin_checked="1"
                                                >
                                                  <button>
                                                  <div
                                                    id="faq-answer-7"
                                                    role="region"
                                                    className="overflow-hidden transition-all duration-300"
                                                    style={{maxHeight:0,opacity:0,padding:"0 24px"}}
-                                                   bis_skin_checked="1"
                                                  >
                                                <div
                                                  className="rounded-2xl transition-all duration-200"
                                                  style={{background:"var(--card)",border:"1px solid ...",boxShadow:"var(--shad..."}}
-                                                 bis_skin_checked="1"
                                                >
                                                  <button>
                                                  <div
                                                    id="faq-answer-8"
                                                    role="region"
                                                    className="overflow-hidden transition-all duration-300"
                                                    style={{maxHeight:0,opacity:0,padding:"0 24px"}}
-                                                   bis_skin_checked="1"
                                                  >
                                  <Footer>
                                    <footer className="mt-20 bord...">
                                      <div
                                        className="mx-auto max-w-[1200px]"
-                                       bis_skin_checked="1"
                                      >
                                        <div
                                          className="grid grid-cols-1 gap-10 sm:grid-cols-2 lg:grid-cols-[1.5fr_1fr_1f..."
-                                         bis_skin_checked="1"
                                        >
                                          <div
-                                           bis_skin_checked="1"
                                          >
                                            <LinkComponent>
                                            <p>
                                            <p>
                                            <div
                                              className="mt-5"
-                                             bis_skin_checked="1"
                                            >
                                          ...
                                        <p>
                                        <div
                                          className="mt-4 flex flex-col gap-2 border-t border-border pt-6 sm:flex-row ..."
-                                         bis_skin_checked="1"
                                        >
                  ...
 
⚠ [next]/internal/font/google/lora_24d51a03.module.css
Warning: Error while requesting resource
There was an issue establishing a connection while requesting https://fonts.googleapis.com/css2?family=Lora:ital,wght@1,500;1,600&display=swap

Import trace:
  Server Component:
    [next]/internal/font/google/lora_24d51a03.module.css
    [next]/internal/font/google/lora_24d51a03.js
    ./frontend/src/app/layout.tsx


⚠ [next]/internal/font/google/poppins_f91be8b.module.css
Warning: Error while requesting resource
There was an issue establishing a connection while requesting https://fonts.googleapis.com/css2?family=Poppins:wght@400;500;600;700;800&display=swap

Import trace:
  Server Component:
    [next]/internal/font/google/poppins_f91be8b.module.css
    [next]/internal/font/google/poppins_f91be8b.js
    ./frontend/src/app/layout.tsx


⚠ [next]/internal/font/google/lora_24d51a03.module.css
Warning: next/font: warning:
Failed to download Lora from Google Fonts. Using a fallback font instead.
If you are offline or behind a proxy, self-host the font with next/font/local, or set HTTP_PROXY/HTTPS_PROXY so Next.js can reach fonts.googleapis.com.

Import trace:
  Server Component:
    [next]/internal/font/google/lora_24d51a03.module.css
    [next]/internal/font/google/lora_24d51a03.js
    ./frontend/src/app/layout.tsx


⚠ [next]/internal/font/google/poppins_f91be8b.module.css
Warning: next/font: warning:
Failed to download Poppins from Google Fonts. Using a fallback font instead.
If you are offline or behind a proxy, self-host the font with next/font/local, or set HTTP_PROXY/HTTPS_PROXY so Next.js can reach fonts.googleapis.com.

Import trace:
  Server Component:
    [next]/internal/font/google/poppins_f91be8b.module.css
    [next]/internal/font/google/poppins_f91be8b.js
    ./frontend/src/app/layout.tsx


✓ Compiled in 153ms
 GET / 200 in 67ms (next.js: 15ms, application-code: 52ms)
⚠ [next]/internal/font/google/lora_24d51a03.module.css
Warning: Error while requesting resource
There was an issue establishing a connection while requesting https://fonts.googleapis.com/css2?family=Lora:ital,wght@1,500;1,600&display=swap

Import trace:
  Server Component:
    [next]/internal/font/google/lora_24d51a03.module.css
    [next]/internal/font/google/lora_24d51a03.js
    ./frontend/src/app/layout.tsx


⚠ [next]/internal/font/google/poppins_f91be8b.module.css
Warning: Error while requesting resource
There was an issue establishing a connection while requesting https://fonts.googleapis.com/css2?family=Poppins:wght@400;500;600;700;800&display=swap

Import trace:
  Server Component:
    [next]/internal/font/google/poppins_f91be8b.module.css
    [next]/internal/font/google/poppins_f91be8b.js
    ./frontend/src/app/layout.tsx


⚠ [next]/internal/font/google/lora_24d51a03.module.css
Warning: next/font: warning:
Failed to download Lora from Google Fonts. Using a fallback font instead.
If you are offline or behind a proxy, self-host the font with next/font/local, or set HTTP_PROXY/HTTPS_PROXY so Next.js can reach fonts.googleapis.com.

Import trace:
  Server Component:
    [next]/internal/font/google/lora_24d51a03.module.css
    [next]/internal/font/google/lora_24d51a03.js
    ./frontend/src/app/layout.tsx


⚠ [next]/internal/font/google/poppins_f91be8b.module.css
Warning: next/font: warning:
Failed to download Poppins from Google Fonts. Using a fallback font instead.
If you are offline or behind a proxy, self-host the font with next/font/local, or set HTTP_PROXY/HTTPS_PROXY so Next.js can reach fonts.googleapis.com.

Import trace:
  Server Component:
    [next]/internal/font/google/poppins_f91be8b.module.css
    [next]/internal/font/google/poppins_f91be8b.js
    ./frontend/src/app/layout.tsx


 GET /manifest.webmanifest 200 in 19ms (next.js: 9ms, application-code: 10ms)
⚠ [next]/internal/font/google/lora_24d51a03.module.css
Warning: Error while requesting resource
There was an issue establishing a connection while requesting https://fonts.googleapis.com/css2?family=Lora:ital,wght@1,500;1,600&display=swap

Import trace:
  Server Component:
    [next]/internal/font/google/lora_24d51a03.module.css
    [next]/internal/font/google/lora_24d51a03.js
    ./frontend/src/app/layout.tsx


⚠ [next]/internal/font/google/poppins_f91be8b.module.css
Warning: Error while requesting resource
There was an issue establishing a connection while requesting https://fonts.googleapis.com/css2?family=Poppins:wght@400;500;600;700;800&display=swap

Import trace:
  Server Component:
    [next]/internal/font/google/poppins_f91be8b.module.css
    [next]/internal/font/google/poppins_f91be8b.js
    ./frontend/src/app/layout.tsx


⚠ [next]/internal/font/google/lora_24d51a03.module.css
Warning: next/font: warning:
Failed to download Lora from Google Fonts. Using a fallback font instead.
If you are offline or behind a proxy, self-host the font with next/font/local, or set HTTP_PROXY/HTTPS_PROXY so Next.js can reach fonts.googleapis.com.

Import trace:
  Server Component:
    [next]/internal/font/google/lora_24d51a03.module.css
    [next]/internal/font/google/lora_24d51a03.js
    ./frontend/src/app/layout.tsx


⚠ [next]/internal/font/google/poppins_f91be8b.module.css
Warning: next/font: warning:
Failed to download Poppins from Google Fonts. Using a fallback font instead.
If you are offline or behind a proxy, self-host the font with next/font/local, or set HTTP_PROXY/HTTPS_PROXY so Next.js can reach fonts.googleapis.com.

Import trace:
  Server Component:
    [next]/internal/font/google/poppins_f91be8b.module.css
    [next]/internal/font/google/poppins_f91be8b.js
    ./frontend/src/app/layout.tsx


⚠ Fast Refresh had to perform a full reload when ./frontend/src/i18n/en.ts changed. Read more: https://nextjs.org/docs/messages/fast-refresh-reload
✓ Compiled in 118ms
⚠ [next]/internal/font/google/lora_24d51a03.module.css
Warning: Error while requesting resource
There was an issue establishing a connection while requesting https://fonts.googleapis.com/css2?family=Lora:ital,wght@1,500;1,600&display=swap

Import trace:
  Server Component:
    [next]/internal/font/google/lora_24d51a03.module.css
    [next]/internal/font/google/lora_24d51a03.js
    ./frontend/src/app/layout.tsx


⚠ [next]/internal/font/google/poppins_f91be8b.module.css
Warning: Error while requesting resource
There was an issue establishing a connection while requesting https://fonts.googleapis.com/css2?family=Poppins:wght@400;500;600;700;800&display=swap

Import trace:
  Server Component:
    [next]/internal/font/google/poppins_f91be8b.module.css
    [next]/internal/font/google/poppins_f91be8b.js
    ./frontend/src/app/layout.tsx


⚠ [next]/internal/font/google/lora_24d51a03.module.css
Warning: next/font: warning:
Failed to download Lora from Google Fonts. Using a fallback font instead.
If you are offline or behind a proxy, self-host the font with next/font/local, or set HTTP_PROXY/HTTPS_PROXY so Next.js can reach fonts.googleapis.com.

Import trace:
  Server Component:
    [next]/internal/font/google/lora_24d51a03.module.css
    [next]/internal/font/google/lora_24d51a03.js
    ./frontend/src/app/layout.tsx


⚠ [next]/internal/font/google/poppins_f91be8b.module.css
Warning: next/font: warning:
Failed to download Poppins from Google Fonts. Using a fallback font instead.
If you are offline or behind a proxy, self-host the font with next/font/local, or set HTTP_PROXY/HTTPS_PROXY so Next.js can reach fonts.googleapis.com.

Import trace:
  Server Component:
    [next]/internal/font/google/poppins_f91be8b.module.css
    [next]/internal/font/google/poppins_f91be8b.js
    ./frontend/src/app/layout.tsx


 GET / 200 in 244ms (next.js: 16ms, application-code: 228ms)
 GET / 200 in 176ms (next.js: 10ms, application-code: 166ms)
⚠ [next]/internal/font/google/lora_24d51a03.module.css
Warning: Error while requesting resource
There was an issue establishing a connection while requesting https://fonts.googleapis.com/css2?family=Lora:ital,wght@1,500;1,600&display=swap

Import trace:
  Server Component:
    [next]/internal/font/google/lora_24d51a03.module.css
    [next]/internal/font/google/lora_24d51a03.js
    ./frontend/src/app/layout.tsx


⚠ [next]/internal/font/google/poppins_f91be8b.module.css
Warning: Error while requesting resource
There was an issue establishing a connection while requesting https://fonts.googleapis.com/css2?family=Poppins:wght@400;500;600;700;800&display=swap

Import trace:
  Server Component:
    [next]/internal/font/google/poppins_f91be8b.module.css
    [next]/internal/font/google/poppins_f91be8b.js
    ./frontend/src/app/layout.tsx


⚠ [next]/internal/font/google/lora_24d51a03.module.css
Warning: next/font: warning:
Failed to download Lora from Google Fonts. Using a fallback font instead.
If you are offline or behind a proxy, self-host the font with next/font/local, or set HTTP_PROXY/HTTPS_PROXY so Next.js can reach fonts.googleapis.com.

Import trace:
  Server Component:
    [next]/internal/font/google/lora_24d51a03.module.css
    [next]/internal/font/google/lora_24d51a03.js
    ./frontend/src/app/layout.tsx


⚠ [next]/internal/font/google/poppins_f91be8b.module.css
Warning: next/font: warning:
Failed to download Poppins from Google Fonts. Using a fallback font instead.
If you are offline or behind a proxy, self-host the font with next/font/local, or set HTTP_PROXY/HTTPS_PROXY so Next.js can reach fonts.googleapis.com.

Import trace:
  Server Component:
    [next]/internal/font/google/poppins_f91be8b.module.css
    [next]/internal/font/google/poppins_f91be8b.js
    ./frontend/src/app/layout.tsx


 GET /manifest.webmanifest 200 in 15ms (next.js: 7ms, application-code: 7ms)
⚠ [next]/internal/font/google/lora_24d51a03.module.css
Warning: Error while requesting resource
There was an issue establishing a connection while requesting https://fonts.googleapis.com/css2?family=Lora:ital,wght@1,500;1,600&display=swap

Import trace:
  Server Component:
    [next]/internal/font/google/lora_24d51a03.module.css
    [next]/internal/font/google/lora_24d51a03.js
    ./frontend/src/app/layout.tsx


⚠ [next]/internal/font/google/poppins_f91be8b.module.css
Warning: Error while requesting resource
There was an issue establishing a connection while requesting https://fonts.googleapis.com/css2?family=Poppins:wght@400;500;600;700;800&display=swap

Import trace:
  Server Component:
    [next]/internal/font/google/poppins_f91be8b.module.css
    [next]/internal/font/google/poppins_f91be8b.js
    ./frontend/src/app/layout.tsx


⚠ [next]/internal/font/google/lora_24d51a03.module.css
Warning: next/font: warning:
Failed to download Lora from Google Fonts. Using a fallback font instead.
If you are offline or behind a proxy, self-host the font with next/font/local, or set HTTP_PROXY/HTTPS_PROXY so Next.js can reach fonts.googleapis.com.

Import trace:
  Server Component:
    [next]/internal/font/google/lora_24d51a03.module.css
    [next]/internal/font/google/lora_24d51a03.js
    ./frontend/src/app/layout.tsx


⚠ [next]/internal/font/google/poppins_f91be8b.module.css
Warning: next/font: warning:
Failed to download Poppins from Google Fonts. Using a fallback font instead.
If you are offline or behind a proxy, self-host the font with next/font/local, or set HTTP_PROXY/HTTPS_PROXY so Next.js can reach fonts.googleapis.com.

Import trace:
  Server Component:
    [next]/internal/font/google/poppins_f91be8b.module.css
    [next]/internal/font/google/poppins_f91be8b.js
    ./frontend/src/app/layout.tsx


[browser] A tree hydrated but some attributes of the server rendered HTML didn't match the client properties. This won't be patched up. This can happen if a SSR-ed Client Component used:

- A server/client branch `if (typeof window !== 'undefined')`.
- Variable input such as `Date.now()` or `Math.random()` which changes each time it's called.
- Date formatting in a user's locale which doesn't match the server.
- External changing data without sending a snapshot of it along with the HTML.
- Invalid HTML tag nesting.

It can also happen if the client has a browser extension installed which messes with the HTML before React loaded.

https://react.dev/link/hydration-mismatch

  ...
    <HotReload globalError={[...]} webSocket={WebSocket} staticIndicatorState={{pathname:null, ...}}>
      <AppDevOverlayErrorBoundary globalError={[...]}>
        <ReplaySsrOnlyErrors>
        <DevRootHTTPAccessFallbackBoundary>
          <HTTPAccessFallbackBoundary notFound={<NotAllowedRootHTTPFallbackError>}>
            <HTTPAccessFallbackErrorBoundary pathname="/" notFound={<NotAllowedRootHTTPFallbackError>} ...>
              <RedirectBoundary>
                <RedirectErrorBoundary router={{...}}>
                  <Head headCacheNode={{rsc:{...}, ...}}>
                    <__next_viewport_boundary__>
                    <MetadataWrapper>
                      <div
                        hidden={true}
-                       bis_skin_checked="1"
                      >
                  <__next_root_layout_boundary__>
                    <SegmentViewNode type="layout" pagePath="layout.tsx">
                      <SegmentTrieNode>
                      <link>
                      <script>
                      <script>
                      <RootLayout>
                        <html lang="en" className="poppins_f9..." suppressHydrationWarning={true}>
                          <head>
                          <body
                            className="min-h-full flex flex-col antialiased"
-                           bis_register="W3sibWFzdGVyIjp0cnVlLCJleHRlbnNpb25JZCI6ImVwcGlvY2VtaG1ubGJoanBsY2drb2ZjaWll..."
                          >
                            ...
                              <ClientPageRoot Component={function Home} serverProvidedParams={{...}}>
                                <Home params={Promise} searchParams={Promise}>
                                  <Header activeDownloaderTab={null} ...>
                                    <header className="fixed top-...">
                                      <div
                                        className="site-header-inner mx-auto grid h-[72px] max-w-[1200px] grid-cols-3 ..."
-                                       bis_skin_checked="1"
                                      >
                                        <LinkComponent>
                                        <div
                                          className="hidden xl:flex items-center justify-center gap-1 justify-self-center"
-                                         bis_skin_checked="1"
                                        >
                                          <ToolCategoryDropdown>
                                            <div
                                              ref={{current:null}}
                                              className="relative hidden xl:flex items-center"
-                                             bis_skin_checked="1"
                                            >
                                          ...
                                        <div
                                          className="site-controls flex min-w-0 items-center gap-3 sm:gap-5 justify-se..."
-                                         bis_skin_checked="1"
                                        >
                                          <div
                                            className="relative"
                                            ref={{current:null}}
-                                           bis_skin_checked="1"
                                          >
                                          <LinkComponent>
                                          <button type="button" onClick={function toggleTheme} className="theme-toggle" ...>
                                            <div
                                              className="theme-toggle__thumb"
-                                             bis_skin_checked="1"
                                            >
                                            ...
                                          ...
                                    <div
                                      className="mobile-drawer fixed inset-y-0 right-0 z-50 flex h-full w-[min(82vw,38..."
                                      role="dialog"
                                      aria-modal="true"
                                      aria-hidden={true}
                                      aria-label="Mobile navigation"
-                                     bis_skin_checked="1"
                                    >
                                      <div
                                        className="mobile-drawer-header flex h-[68px] shrink-0 items-center justify-be..."
-                                       bis_skin_checked="1"
                                      >
                                        <div
-                                         bis_skin_checked="1"
                                        >
                                        ...
                                      <nav className="mobile-dra..." aria-label="Mobile nav...">
                                        <LinkComponent>
                                        <LinkComponent>
                                        <LinkComponent>
                                        <LinkComponent>
                                        <LinkComponent>
                                        <LinkComponent>
                                        <LinkComponent>
                                        <div
                                          className="my-2 border-t border-border-light"
-                                         bis_skin_checked="1"
                                        >
                                        ...
                                      <div
                                        className="mobile-drawer-cta shrink-0 border-t border-border p-4 pb-[calc(1rem..."
-                                       bis_skin_checked="1"
                                      >
                                  <main className="flex-1">
                                    <HeroDownloader activeTab={null} onActiveTabChange={function bound dispatchSetState}>
                                      <section id="hero" className="hero-secti...">
                                        <div
                                          className="absolute inset-0 -z-10"
                                          aria-hidden="true"
-                                         bis_skin_checked="1"
                                        >
                                          <div
                                            className="absolute left-1/2 top-0 h-[420px] w-full max-w-[1000px] -transl..."
-                                           bis_skin_checked="1"
                                          >
                                        <div
                                          className="mx-auto w-full max-w-[1200px] min-w-0 px-3 sm:px-6 lg:px-12"
-                                         bis_skin_checked="1"
                                        >
                                          <div
                                            className="mx-auto w-full min-w-0 max-w-[680px] text-center"
-                                           bis_skin_checked="1"
                                          >
                                            <div
                                              className="animate-fade-in-up mb-4 inline-flex max-w-full items-center g..."
                                              style={{background:"var(--card)",boxShadow:"var(--shad...",border:"1px solid ..."}}
-                                             bis_skin_checked="1"
                                            >
                                            ...
                                          <div
                                            className="animate-fade-in-up delay-300 mx-auto mt-6 w-full min-w-0 max-w-..."
-                                           bis_skin_checked="1"
                                          >
                                            <div
                                              ref={{current:null}}
                                              role="tablist"
                                              aria-label="Content types"
                                              className="tabs-scroll flex items-center gap-1 overflow-x-auto rounded-f..."
                                              style={{background:"var(--card)",boxShadow:"var(--shad...",border:"1px solid ..."}}
-                                             bis_skin_checked="1"
                                            >
                                          <div
                                            className="animate-fade-in-up delay-300 mx-auto mt-4 w-full min-w-0 max-w-..."
-                                           bis_skin_checked="1"
                                          >
                                            <form onSubmit={function HeroDownloader.useCallback[handleSubmit]} ...>
                                              <div
                                                className="url-card rounded-[20px] p-2.5 transition-shadow"
                                                style={{background:"var(--card)",boxShadow:"var(--shad...",border:"1px solid ..."}}
-                                               bis_skin_checked="1"
                                              >
                                                <div
                                                  className="hidden sm:flex sm:flex-row sm:gap-2"
-                                                 bis_skin_checked="1"
                                                >
                                                  <div
                                                    className="relative min-w-0 flex-1"
-                                                   bis_skin_checked="1"
                                                  >
                                                  ...
                                                <div
                                                  className="flex flex-col gap-2 sm:hidden"
-                                                 bis_skin_checked="1"
                                                >
                                                  <div
                                                    className="relative"
-                                                   bis_skin_checked="1"
                                                  >
                                                  <div
                                                    className="url-actions flex min-w-0 flex-col gap-2"
-                                                   bis_skin_checked="1"
                                                  >
                                            <div
                                              className="mt-3 flex flex-wrap items-center justify-center gap-x-4 gap-y..."
-                                             bis_skin_checked="1"
                                            >
                                          <div
                                            ref={{current:null}}
                                            aria-live="polite"
                                            aria-atomic="true"
                                            className="scroll-mt-20"
-                                           bis_skin_checked="1"
                                          >
                                    <ScrollReveal>
                                      <div
                                        ref={{current:null}}
                                        className="fade-section"
                                        style={undefined}
-                                       bis_skin_checked="1"
                                      >
                                        <section className="mx-auto ma...">
                                          <div
                                            className="grid grid-cols-1 gap-4 sm:grid-cols-2 lg:grid-cols-4"
-                                           bis_skin_checked="1"
                                          >
                                            <div
                                              className="flex items-center gap-3.5 rounded-2xl p-[18px] shadow-[var(--..."
                                              style={{background:"var(--card)",border:"1px solid ..."}}
-                                             bis_skin_checked="1"
                                            >
                                              <div
                                                className="flex h-10 w-10 shrink-0 items-center justify-center rounded..."
                                                style={{background:"var(--acce...",border:"1px solid ..."}}
-                                               bis_skin_checked="1"
                                              >
                                              <div
-                                               bis_skin_checked="1"
                                              >
                                            <div
                                              className="flex items-center gap-3.5 rounded-2xl p-[18px] shadow-[var(--..."
                                              style={{background:"var(--card)",border:"1px solid ..."}}
-                                             bis_skin_checked="1"
                                            >
                                              <div
                                                className="flex h-10 w-10 shrink-0 items-center justify-center rounded..."
                                                style={{background:"var(--acce...",border:"1px solid ..."}}
-                                               bis_skin_checked="1"
                                              >
                                              <div
-                                               bis_skin_checked="1"
                                              >
                                            <div
                                              className="flex items-center gap-3.5 rounded-2xl p-[18px] shadow-[var(--..."
                                              style={{background:"var(--card)",border:"1px solid ..."}}
-                                             bis_skin_checked="1"
                                            >
                                              <div
                                                className="flex h-10 w-10 shrink-0 items-center justify-center rounded..."
                                                style={{background:"var(--acce...",border:"1px solid ..."}}
-                                               bis_skin_checked="1"
                                              >
                                              <div
-                                               bis_skin_checked="1"
                                              >
                                            <div
                                              className="flex items-center gap-3.5 rounded-2xl p-[18px] shadow-[var(--..."
                                              style={{background:"var(--card)",border:"1px solid ..."}}
-                                             bis_skin_checked="1"
                                            >
                                              <div
                                                className="flex h-10 w-10 shrink-0 items-center justify-center rounded..."
                                                style={{background:"var(--acce...",border:"1px solid ..."}}
-                                               bis_skin_checked="1"
                                              >
                                              <div
-                                               bis_skin_checked="1"
                                              >
                                    <ScrollReveal>
                                      <div
                                        ref={{current:null}}
                                        className="fade-section"
                                        style={undefined}
-                                       bis_skin_checked="1"
                                      >
                                        <Features>
                                          <section id="features" className="px-5 py-20..." aria-label="Features">
                                            <div
                                              className="mx-auto max-w-[1200px]"
-                                             bis_skin_checked="1"
                                            >
                                              <div
                                                className="mb-14 text-center"
-                                               bis_skin_checked="1"
                                              >
                                              <div
                                                className="grid grid-cols-1 gap-5 sm:grid-cols-2 lg:grid-cols-3 max-w-..."
-                                               bis_skin_checked="1"
                                              >
                                                <div
                                                  className="group rounded-[20px] bg-card p-7 shadow-[var(--shadow-car..."
                                                  style={{border:"1px solid ..."}}
-                                                 bis_skin_checked="1"
                                                >
                                                  <div
                                                    className="mb-5 flex h-10 w-10 items-center justify-center rounded-xl"
                                                    style={{background:"var(--acce...",border:"1px solid ..."}}
-                                                   bis_skin_checked="1"
                                                  >
                                                  ...
                                                <div
                                                  className="group rounded-[20px] bg-card p-7 shadow-[var(--shadow-car..."
                                                  style={{border:"1px solid ..."}}
-                                                 bis_skin_checked="1"
                                                >
                                                  <div
                                                    className="mb-5 flex h-10 w-10 items-center justify-center rounded-xl"
                                                    style={{background:"var(--acce...",border:"1px solid ..."}}
-                                                   bis_skin_checked="1"
                                                  >
                                                  ...
                                                <div
                                                  className="group rounded-[20px] bg-card p-7 shadow-[var(--shadow-car..."
                                                  style={{border:"1px solid ..."}}
-                                                 bis_skin_checked="1"
                                                >
                                                  <div
                                                    className="mb-5 flex h-10 w-10 items-center justify-center rounded-xl"
                                                    style={{background:"var(--acce...",border:"1px solid ..."}}
-                                                   bis_skin_checked="1"
                                                  >
                                                  ...
                                                <div
                                                  className="group rounded-[20px] bg-card p-7 shadow-[var(--shadow-car..."
                                                  style={{border:"1px solid ..."}}
-                                                 bis_skin_checked="1"
                                                >
                                                  <div
                                                    className="mb-5 flex h-10 w-10 items-center justify-center rounded-xl"
                                                    style={{background:"var(--acce...",border:"1px solid ..."}}
-                                                   bis_skin_checked="1"
                                                  >
                                                  ...
                                                <div
                                                  className="group rounded-[20px] bg-card p-7 shadow-[var(--shadow-car..."
                                                  style={{border:"1px solid ..."}}
-                                                 bis_skin_checked="1"
                                                >
                                                  <div
                                                    className="mb-5 flex h-10 w-10 items-center justify-center rounded-xl"
                                                    style={{background:"var(--acce...",border:"1px solid ..."}}
-                                                   bis_skin_checked="1"
                                                  >
                                                  ...
                                                <div
                                                  className="group rounded-[20px] bg-card p-7 shadow-[var(--shadow-car..."
                                                  style={{border:"1px solid ..."}}
-                                                 bis_skin_checked="1"
                                                >
                                                  <div
                                                    className="mb-5 flex h-10 w-10 items-center justify-center rounded-xl"
                                                    style={{background:"var(--acce...",border:"1px solid ..."}}
-                                                   bis_skin_checked="1"
                                                  >
                                                  ...
                                                <div
                                                  className="group rounded-[20px] bg-card p-7 shadow-[var(--shadow-car..."
                                                  style={{border:"1px solid ..."}}
-                                                 bis_skin_checked="1"
                                                >
                                                  <div
                                                    className="mb-5 flex h-10 w-10 items-center justify-center rounded-xl"
                                                    style={{background:"var(--acce...",border:"1px solid ..."}}
-                                                   bis_skin_checked="1"
                                                  >
                                                  ...
                                    <ScrollReveal>
                                      <div
                                        ref={{current:null}}
                                        className="fade-section"
                                        style={undefined}
-                                       bis_skin_checked="1"
                                      >
                                        <HowItWorks>
                                          <section id="how-it-works" className="px-5 py-20..." aria-label="How It Works">
                                            <div
                                              className="mx-auto max-w-[1200px]"
-                                             bis_skin_checked="1"
                                            >
                                              <div
                                                className="mb-14 text-center"
-                                               bis_skin_checked="1"
                                              >
                                              <div
                                                className="relative flex flex-col items-start justify-center sm:flex-r..."
-                                               bis_skin_checked="1"
                                              >
                                                <div
                                                  className="flex items-center sm:flex-1"
-                                                 bis_skin_checked="1"
                                                >
                                                  <div
                                                    className="flex flex-1 flex-col items-center text-center px-4"
-                                                   bis_skin_checked="1"
                                                  >
                                                    <p>
                                                    <div
                                                      className="mb-5 flex h-[70px] w-[70px] items-center justify-cent..."
                                                      style={{background:"var(--bran...",boxShadow:"var(--shad..."}}
-                                                     bis_skin_checked="1"
                                                    >
                                                    ...
                                                  <div
                                                    className="hidden sm:block h-px flex-shrink-0 mt-[22px]"
                                                    style={{width:120,background:"linear-gra..."}}
-                                                   bis_skin_checked="1"
                                                  >
                                                <div
                                                  className="flex items-center sm:flex-1"
-                                                 bis_skin_checked="1"
                                                >
                                                  <div
                                                    className="flex flex-1 flex-col items-center text-center px-4"
-                                                   bis_skin_checked="1"
                                                  >
                                                    <p>
                                                    <div
                                                      className="mb-5 flex h-[70px] w-[70px] items-center justify-cent..."
                                                      style={{background:"var(--bran...",boxShadow:"var(--shad..."}}
-                                                     bis_skin_checked="1"
                                                    >
                                                    ...
                                                  <div
                                                    className="hidden sm:block h-px flex-shrink-0 mt-[22px]"
                                                    style={{width:120,background:"linear-gra..."}}
-                                                   bis_skin_checked="1"
                                                  >
                                                <div
                                                  className="flex items-center sm:flex-1"
-                                                 bis_skin_checked="1"
                                                >
                                                  <div
                                                    className="flex flex-1 flex-col items-center text-center px-4"
-                                                   bis_skin_checked="1"
                                                  >
                                                    <p>
                                                    <div
                                                      className="mb-5 flex h-[70px] w-[70px] items-center justify-cent..."
                                                      style={{background:"var(--bran...",boxShadow:"var(--shad..."}}
-                                                     bis_skin_checked="1"
                                                    >
                                                    ...
                                    <ScrollReveal>
                                      <div
                                        ref={{current:null}}
                                        className="fade-section"
                                        style={undefined}
-                                       bis_skin_checked="1"
                                      >
                                        <section className="mx-auto ma..." aria-labelledby="about-down...">
                                          <div
                                            className="rounded-[24px] p-6 sm:p-8"
                                            style={{background:"var(--card)",border:"1px solid ...",boxShadow:"var(--shad..."}}
-                                           bis_skin_checked="1"
                                          >
                                            <h2>
                                            <p>
                                            <div
                                              className="mt-6 grid gap-6"
-                                             bis_skin_checked="1"
                                            >
                                              <div
-                                               bis_skin_checked="1"
                                              >
                                              <div
-                                               bis_skin_checked="1"
                                              >
                                              <div
-                                               bis_skin_checked="1"
                                              >
                                              <div
-                                               bis_skin_checked="1"
                                              >
                                    <ScrollReveal>
                                      <div
                                        ref={{current:null}}
                                        className="fade-section"
                                        style={undefined}
-                                       bis_skin_checked="1"
                                      >
                                        <FAQ>
                                          <script>
                                          <section id="faq" className="px-4 py-20..." aria-label="Common que...">
                                            <div
                                              className="mx-auto max-w-[720px]"
-                                             bis_skin_checked="1"
                                            >
                                              <div
                                                className="mb-14 text-center"
-                                               bis_skin_checked="1"
                                              >
                                              <div
                                                className="flex flex-col gap-3"
-                                               bis_skin_checked="1"
                                              >
                                                <div
                                                  className="rounded-2xl transition-all duration-200"
                                                  style={{background:"var(--acce...",border:"1px solid ...",boxShadow:"none"}}
-                                                 bis_skin_checked="1"
                                                >
                                                  <button>
                                                  <div
                                                    id="faq-answer-0"
                                                    role="region"
                                                    className="overflow-hidden transition-all duration-300"
                                                    style={{maxHeight:200,opacity:1,padding:"0 24px 20px"}}
-                                                   bis_skin_checked="1"
                                                  >
                                                <div
                                                  className="rounded-2xl transition-all duration-200"
                                                  style={{background:"var(--card)",border:"1px solid ...",boxShadow:"var(--shad..."}}
-                                                 bis_skin_checked="1"
                                                >
                                                  <button>
                                                  <div
                                                    id="faq-answer-1"
                                                    role="region"
                                                    className="overflow-hidden transition-all duration-300"
                                                    style={{maxHeight:0,opacity:0,padding:"0 24px"}}
-                                                   bis_skin_checked="1"
                                                  >
                                                <div
                                                  className="rounded-2xl transition-all duration-200"
                                                  style={{background:"var(--card)",border:"1px solid ...",boxShadow:"var(--shad..."}}
-                                                 bis_skin_checked="1"
                                                >
                                                  <button>
                                                  <div
                                                    id="faq-answer-2"
                                                    role="region"
                                                    className="overflow-hidden transition-all duration-300"
                                                    style={{maxHeight:0,opacity:0,padding:"0 24px"}}
-                                                   bis_skin_checked="1"
                                                  >
                                                <div
                                                  className="rounded-2xl transition-all duration-200"
                                                  style={{background:"var(--card)",border:"1px solid ...",boxShadow:"var(--shad..."}}
-                                                 bis_skin_checked="1"
                                                >
                                                  <button>
                                                  <div
                                                    id="faq-answer-3"
                                                    role="region"
                                                    className="overflow-hidden transition-all duration-300"
                                                    style={{maxHeight:0,opacity:0,padding:"0 24px"}}
-                                                   bis_skin_checked="1"
                                                  >
                                                <div
                                                  className="rounded-2xl transition-all duration-200"
                                                  style={{background:"var(--card)",border:"1px solid ...",boxShadow:"var(--shad..."}}
-                                                 bis_skin_checked="1"
                                                >
                                                  <button>
                                                  <div
                                                    id="faq-answer-4"
                                                    role="region"
                                                    className="overflow-hidden transition-all duration-300"
                                                    style={{maxHeight:0,opacity:0,padding:"0 24px"}}
-                                                   bis_skin_checked="1"
                                                  >
                                                <div
                                                  className="rounded-2xl transition-all duration-200"
                                                  style={{background:"var(--card)",border:"1px solid ...",boxShadow:"var(--shad..."}}
-                                                 bis_skin_checked="1"
                                                >
                                                  <button>
                                                  <div
                                                    id="faq-answer-5"
                                                    role="region"
                                                    className="overflow-hidden transition-all duration-300"
                                                    style={{maxHeight:0,opacity:0,padding:"0 24px"}}
-                                                   bis_skin_checked="1"
                                                  >
                                                <div
                                                  className="rounded-2xl transition-all duration-200"
                                                  style={{background:"var(--card)",border:"1px solid ...",boxShadow:"var(--shad..."}}
-                                                 bis_skin_checked="1"
                                                >
                                                  <button>
                                                  <div
                                                    id="faq-answer-6"
                                                    role="region"
                                                    className="overflow-hidden transition-all duration-300"
                                                    style={{maxHeight:0,opacity:0,padding:"0 24px"}}
-                                                   bis_skin_checked="1"
                                                  >
                                                <div
                                                  className="rounded-2xl transition-all duration-200"
                                                  style={{background:"var(--card)",border:"1px solid ...",boxShadow:"var(--shad..."}}
-                                                 bis_skin_checked="1"
                                                >
                                                  <button>
                                                  <div
                                                    id="faq-answer-7"
                                                    role="region"
                                                    className="overflow-hidden transition-all duration-300"
                                                    style={{maxHeight:0,opacity:0,padding:"0 24px"}}
-                                                   bis_skin_checked="1"
                                                  >
                                                <div
                                                  className="rounded-2xl transition-all duration-200"
                                                  style={{background:"var(--card)",border:"1px solid ...",boxShadow:"var(--shad..."}}
-                                                 bis_skin_checked="1"
                                                >
                                                  <button>
                                                  <div
                                                    id="faq-answer-8"
                                                    role="region"
                                                    className="overflow-hidden transition-all duration-300"
                                                    style={{maxHeight:0,opacity:0,padding:"0 24px"}}
-                                                   bis_skin_checked="1"
                                                  >
                                  <Footer>
                                    <footer className="mt-20 bord...">
                                      <div
                                        className="mx-auto max-w-[1200px]"
-                                       bis_skin_checked="1"
                                      >
                                        <div
                                          className="grid grid-cols-1 gap-10 sm:grid-cols-2 lg:grid-cols-[1.5fr_1fr_1f..."
-                                         bis_skin_checked="1"
                                        >
                                          <div
-                                           bis_skin_checked="1"
                                          >
                                            <LinkComponent>
                                            <p>
                                            <p>
                                            <div
                                              className="mt-5"
-                                             bis_skin_checked="1"
                                            >
                                          ...
                                        <p>
                                        <div
                                          className="mt-4 flex flex-col gap-2 border-t border-border pt-6 sm:flex-row ..."
-                                         bis_skin_checked="1"
                                        >
                  ...
 
⚠ [next]/internal/font/google/lora_24d51a03.module.css
Warning: Error while requesting resource
There was an issue establishing a connection while requesting https://fonts.googleapis.com/css2?family=Lora:ital,wght@1,500;1,600&display=swap

Import trace:
  Server Component:
    [next]/internal/font/google/lora_24d51a03.module.css
    [next]/internal/font/google/lora_24d51a03.js
    ./frontend/src/app/layout.tsx


⚠ [next]/internal/font/google/poppins_f91be8b.module.css
Warning: Error while requesting resource
There was an issue establishing a connection while requesting https://fonts.googleapis.com/css2?family=Poppins:wght@400;500;600;700;800&display=swap

Import trace:
  Server Component:
    [next]/internal/font/google/poppins_f91be8b.module.css
    [next]/internal/font/google/poppins_f91be8b.js
    ./frontend/src/app/layout.tsx


⚠ [next]/internal/font/google/lora_24d51a03.module.css
Warning: next/font: warning:
Failed to download Lora from Google Fonts. Using a fallback font instead.
If you are offline or behind a proxy, self-host the font with next/font/local, or set HTTP_PROXY/HTTPS_PROXY so Next.js can reach fonts.googleapis.com.

Import trace:
  Server Component:
    [next]/internal/font/google/lora_24d51a03.module.css
    [next]/internal/font/google/lora_24d51a03.js
    ./frontend/src/app/layout.tsx


⚠ [next]/internal/font/google/poppins_f91be8b.module.css
Warning: next/font: warning:
Failed to download Poppins from Google Fonts. Using a fallback font instead.
If you are offline or behind a proxy, self-host the font with next/font/local, or set HTTP_PROXY/HTTPS_PROXY so Next.js can reach fonts.googleapis.com.

Import trace:
  Server Component:
    [next]/internal/font/google/poppins_f91be8b.module.css
    [next]/internal/font/google/poppins_f91be8b.js
    ./frontend/src/app/layout.tsx


✓ Compiled in 52ms
 GET / 200 in 38ms (next.js: 7ms, application-code: 31ms)
⚠ [next]/internal/font/google/lora_24d51a03.module.css
Warning: Error while requesting resource
There was an issue establishing a connection while requesting https://fonts.googleapis.com/css2?family=Lora:ital,wght@1,500;1,600&display=swap

Import trace:
  Server Component:
    [next]/internal/font/google/lora_24d51a03.module.css
    [next]/internal/font/google/lora_24d51a03.js
    ./frontend/src/app/layout.tsx


⚠ [next]/internal/font/google/poppins_f91be8b.module.css
Warning: Error while requesting resource
There was an issue establishing a connection while requesting https://fonts.googleapis.com/css2?family=Poppins:wght@400;500;600;700;800&display=swap

Import trace:
  Server Component:
    [next]/internal/font/google/poppins_f91be8b.module.css
    [next]/internal/font/google/poppins_f91be8b.js
    ./frontend/src/app/layout.tsx


⚠ [next]/internal/font/google/lora_24d51a03.module.css
Warning: next/font: warning:
Failed to download Lora from Google Fonts. Using a fallback font instead.
If you are offline or behind a proxy, self-host the font with next/font/local, or set HTTP_PROXY/HTTPS_PROXY so Next.js can reach fonts.googleapis.com.

Import trace:
  Server Component:
    [next]/internal/font/google/lora_24d51a03.module.css
    [next]/internal/font/google/lora_24d51a03.js
    ./frontend/src/app/layout.tsx


⚠ [next]/internal/font/google/poppins_f91be8b.module.css
Warning: next/font: warning:
Failed to download Poppins from Google Fonts. Using a fallback font instead.
If you are offline or behind a proxy, self-host the font with next/font/local, or set HTTP_PROXY/HTTPS_PROXY so Next.js can reach fonts.googleapis.com.

Import trace:
  Server Component:
    [next]/internal/font/google/poppins_f91be8b.module.css
    [next]/internal/font/google/poppins_f91be8b.js
    ./frontend/src/app/layout.tsx


 GET /manifest.webmanifest 200 in 9ms (next.js: 4ms, application-code: 5ms)
⚠ [next]/internal/font/google/lora_24d51a03.module.css
Warning: Error while requesting resource
There was an issue establishing a connection while requesting https://fonts.googleapis.com/css2?family=Lora:ital,wght@1,500;1,600&display=swap

Import trace:
  Server Component:
    [next]/internal/font/google/lora_24d51a03.module.css
    [next]/internal/font/google/lora_24d51a03.js
    ./frontend/src/app/layout.tsx


⚠ [next]/internal/font/google/poppins_f91be8b.module.css
Warning: Error while requesting resource
There was an issue establishing a connection while requesting https://fonts.googleapis.com/css2?family=Poppins:wght@400;500;600;700;800&display=swap

Import trace:
  Server Component:
    [next]/internal/font/google/poppins_f91be8b.module.css
    [next]/internal/font/google/poppins_f91be8b.js
    ./frontend/src/app/layout.tsx


⚠ [next]/internal/font/google/lora_24d51a03.module.css
Warning: next/font: warning:
Failed to download Lora from Google Fonts. Using a fallback font instead.
If you are offline or behind a proxy, self-host the font with next/font/local, or set HTTP_PROXY/HTTPS_PROXY so Next.js can reach fonts.googleapis.com.

Import trace:
  Server Component:
    [next]/internal/font/google/lora_24d51a03.module.css
    [next]/internal/font/google/lora_24d51a03.js
    ./frontend/src/app/layout.tsx


⚠ [next]/internal/font/google/poppins_f91be8b.module.css
Warning: next/font: warning:
Failed to download Poppins from Google Fonts. Using a fallback font instead.
If you are offline or behind a proxy, self-host the font with next/font/local, or set HTTP_PROXY/HTTPS_PROXY so Next.js can reach fonts.googleapis.com.

Import trace:
  Server Component:
    [next]/internal/font/google/poppins_f91be8b.module.css
    [next]/internal/font/google/poppins_f91be8b.js
    ./frontend/src/app/layout.tsx


✓ Compiled in 76ms
 GET / 200 in 42ms (next.js: 10ms, application-code: 31ms)
⚠ [next]/internal/font/google/lora_24d51a03.module.css
Warning: Error while requesting resource
There was an issue establishing a connection while requesting https://fonts.googleapis.com/css2?family=Lora:ital,wght@1,500;1,600&display=swap

Import trace:
  Server Component:
    [next]/internal/font/google/lora_24d51a03.module.css
    [next]/internal/font/google/lora_24d51a03.js
    ./frontend/src/app/layout.tsx


⚠ [next]/internal/font/google/poppins_f91be8b.module.css
Warning: Error while requesting resource
There was an issue establishing a connection while requesting https://fonts.googleapis.com/css2?family=Poppins:wght@400;500;600;700;800&display=swap

Import trace:
  Server Component:
    [next]/internal/font/google/poppins_f91be8b.module.css
    [next]/internal/font/google/poppins_f91be8b.js
    ./frontend/src/app/layout.tsx


⚠ [next]/internal/font/google/lora_24d51a03.module.css
Warning: next/font: warning:
Failed to download Lora from Google Fonts. Using a fallback font instead.
If you are offline or behind a proxy, self-host the font with next/font/local, or set HTTP_PROXY/HTTPS_PROXY so Next.js can reach fonts.googleapis.com.

Import trace:
  Server Component:
    [next]/internal/font/google/lora_24d51a03.module.css
    [next]/internal/font/google/lora_24d51a03.js
    ./frontend/src/app/layout.tsx


⚠ [next]/internal/font/google/poppins_f91be8b.module.css
Warning: next/font: warning:
Failed to download Poppins from Google Fonts. Using a fallback font instead.
If you are offline or behind a proxy, self-host the font with next/font/local, or set HTTP_PROXY/HTTPS_PROXY so Next.js can reach fonts.googleapis.com.

Import trace:
  Server Component:
    [next]/internal/font/google/poppins_f91be8b.module.css
    [next]/internal/font/google/poppins_f91be8b.js
    ./frontend/src/app/layout.tsx


 GET /manifest.webmanifest 200 in 8ms (next.js: 5ms, application-code: 3ms)
⚠ [next]/internal/font/google/lora_24d51a03.module.css
Warning: Error while requesting resource
There was an issue establishing a connection while requesting https://fonts.googleapis.com/css2?family=Lora:ital,wght@1,500;1,600&display=swap

Import trace:
  Server Component:
    [next]/internal/font/google/lora_24d51a03.module.css
    [next]/internal/font/google/lora_24d51a03.js
    ./frontend/src/app/layout.tsx


⚠ [next]/internal/font/google/poppins_f91be8b.module.css
Warning: Error while requesting resource
There was an issue establishing a connection while requesting https://fonts.googleapis.com/css2?family=Poppins:wght@400;500;600;700;800&display=swap

Import trace:
  Server Component:
    [next]/internal/font/google/poppins_f91be8b.module.css
    [next]/internal/font/google/poppins_f91be8b.js
    ./frontend/src/app/layout.tsx


⚠ [next]/internal/font/google/lora_24d51a03.module.css
Warning: next/font: warning:
Failed to download Lora from Google Fonts. Using a fallback font instead.
If you are offline or behind a proxy, self-host the font with next/font/local, or set HTTP_PROXY/HTTPS_PROXY so Next.js can reach fonts.googleapis.com.

Import trace:
  Server Component:
    [next]/internal/font/google/lora_24d51a03.module.css
    [next]/internal/font/google/lora_24d51a03.js
    ./frontend/src/app/layout.tsx


⚠ [next]/internal/font/google/poppins_f91be8b.module.css
Warning: next/font: warning:
Failed to download Poppins from Google Fonts. Using a fallback font instead.
If you are offline or behind a proxy, self-host the font with next/font/local, or set HTTP_PROXY/HTTPS_PROXY so Next.js can reach fonts.googleapis.com.

Import trace:
  Server Component:
    [next]/internal/font/google/poppins_f91be8b.module.css
    [next]/internal/font/google/poppins_f91be8b.js
    ./frontend/src/app/layout.tsx


 GET / 200 in 31ms (next.js: 8ms, application-code: 22ms)
✓ Compiled in 53ms
⚠ [next]/internal/font/google/lora_24d51a03.module.css
Warning: Error while requesting resource
There was an issue establishing a connection while requesting https://fonts.googleapis.com/css2?family=Lora:ital,wght@1,500;1,600&display=swap

Import trace:
  Server Component:
    [next]/internal/font/google/lora_24d51a03.module.css
    [next]/internal/font/google/lora_24d51a03.js
    ./frontend/src/app/layout.tsx


⚠ [next]/internal/font/google/poppins_f91be8b.module.css
Warning: Error while requesting resource
There was an issue establishing a connection while requesting https://fonts.googleapis.com/css2?family=Poppins:wght@400;500;600;700;800&display=swap

Import trace:
  Server Component:
    [next]/internal/font/google/poppins_f91be8b.module.css
    [next]/internal/font/google/poppins_f91be8b.js
    ./frontend/src/app/layout.tsx


⚠ [next]/internal/font/google/lora_24d51a03.module.css
Warning: next/font: warning:
Failed to download Lora from Google Fonts. Using a fallback font instead.
If you are offline or behind a proxy, self-host the font with next/font/local, or set HTTP_PROXY/HTTPS_PROXY so Next.js can reach fonts.googleapis.com.

Import trace:
  Server Component:
    [next]/internal/font/google/lora_24d51a03.module.css
    [next]/internal/font/google/lora_24d51a03.js
    ./frontend/src/app/layout.tsx


⚠ [next]/internal/font/google/poppins_f91be8b.module.css
Warning: next/font: warning:
Failed to download Poppins from Google Fonts. Using a fallback font instead.
If you are offline or behind a proxy, self-host the font with next/font/local, or set HTTP_PROXY/HTTPS_PROXY so Next.js can reach fonts.googleapis.com.

Import trace:
  Server Component:
    [next]/internal/font/google/poppins_f91be8b.module.css
    [next]/internal/font/google/poppins_f91be8b.js
    ./frontend/src/app/layout.tsx


 GET /manifest.webmanifest 200 in 9ms (next.js: 5ms, application-code: 4ms)
⚠ [next]/internal/font/google/lora_24d51a03.module.css
Warning: Error while requesting resource
There was an issue establishing a connection while requesting https://fonts.googleapis.com/css2?family=Lora:ital,wght@1,500;1,600&display=swap

Import trace:
  Server Component:
    [next]/internal/font/google/lora_24d51a03.module.css
    [next]/internal/font/google/lora_24d51a03.js
    ./frontend/src/app/layout.tsx


⚠ [next]/internal/font/google/poppins_f91be8b.module.css
Warning: Error while requesting resource
There was an issue establishing a connection while requesting https://fonts.googleapis.com/css2?family=Poppins:wght@400;500;600;700;800&display=swap

Import trace:
  Server Component:
    [next]/internal/font/google/poppins_f91be8b.module.css
    [next]/internal/font/google/poppins_f91be8b.js
    ./frontend/src/app/layout.tsx


⚠ [next]/internal/font/google/lora_24d51a03.module.css
Warning: next/font: warning:
Failed to download Lora from Google Fonts. Using a fallback font instead.
If you are offline or behind a proxy, self-host the font with next/font/local, or set HTTP_PROXY/HTTPS_PROXY so Next.js can reach fonts.googleapis.com.

Import trace:
  Server Component:
    [next]/internal/font/google/lora_24d51a03.module.css
    [next]/internal/font/google/lora_24d51a03.js
    ./frontend/src/app/layout.tsx


⚠ [next]/internal/font/google/poppins_f91be8b.module.css
Warning: next/font: warning:
Failed to download Poppins from Google Fonts. Using a fallback font instead.
If you are offline or behind a proxy, self-host the font with next/font/local, or set HTTP_PROXY/HTTPS_PROXY so Next.js can reach fonts.googleapis.com.

Import trace:
  Server Component:
    [next]/internal/font/google/poppins_f91be8b.module.css
    [next]/internal/font/google/poppins_f91be8b.js
    ./frontend/src/app/layout.tsx


 GET / 200 in 35ms (next.js: 9ms, application-code: 25ms)
⚠ [next]/internal/font/google/lora_24d51a03.module.css
Warning: Error while requesting resource
There was an issue establishing a connection while requesting https://fonts.googleapis.com/css2?family=Lora:ital,wght@1,500;1,600&display=swap

Import trace:
  Server Component:
    [next]/internal/font/google/lora_24d51a03.module.css
    [next]/internal/font/google/lora_24d51a03.js
    ./frontend/src/app/layout.tsx


⚠ [next]/internal/font/google/poppins_f91be8b.module.css
Warning: Error while requesting resource
There was an issue establishing a connection while requesting https://fonts.googleapis.com/css2?family=Poppins:wght@400;500;600;700;800&display=swap

Import trace:
  Server Component:
    [next]/internal/font/google/poppins_f91be8b.module.css
    [next]/internal/font/google/poppins_f91be8b.js
    ./frontend/src/app/layout.tsx


⚠ [next]/internal/font/google/lora_24d51a03.module.css
Warning: next/font: warning:
Failed to download Lora from Google Fonts. Using a fallback font instead.
If you are offline or behind a proxy, self-host the font with next/font/local, or set HTTP_PROXY/HTTPS_PROXY so Next.js can reach fonts.googleapis.com.

Import trace:
  Server Component:
    [next]/internal/font/google/lora_24d51a03.module.css
    [next]/internal/font/google/lora_24d51a03.js
    ./frontend/src/app/layout.tsx


⚠ [next]/internal/font/google/poppins_f91be8b.module.css
Warning: next/font: warning:
Failed to download Poppins from Google Fonts. Using a fallback font instead.
If you are offline or behind a proxy, self-host the font with next/font/local, or set HTTP_PROXY/HTTPS_PROXY so Next.js can reach fonts.googleapis.com.

Import trace:
  Server Component:
    [next]/internal/font/google/poppins_f91be8b.module.css
    [next]/internal/font/google/poppins_f91be8b.js
    ./frontend/src/app/layout.tsx


 GET /manifest.webmanifest 200 in 8ms (next.js: 4ms, application-code: 4ms)
⚠ Fast Refresh had to perform a full reload when ./frontend/src/i18n/en.ts changed. Read more: https://nextjs.org/docs/messages/fast-refresh-reload
⚠ [next]/internal/font/google/lora_24d51a03.module.css
Warning: Error while requesting resource
There was an issue establishing a connection while requesting https://fonts.googleapis.com/css2?family=Lora:ital,wght@1,500;1,600&display=swap

Import trace:
  Server Component:
    [next]/internal/font/google/lora_24d51a03.module.css
    [next]/internal/font/google/lora_24d51a03.js
    ./frontend/src/app/layout.tsx


⚠ [next]/internal/font/google/poppins_f91be8b.module.css
Warning: Error while requesting resource
There was an issue establishing a connection while requesting https://fonts.googleapis.com/css2?family=Poppins:wght@400;500;600;700;800&display=swap

Import trace:
  Server Component:
    [next]/internal/font/google/poppins_f91be8b.module.css
    [next]/internal/font/google/poppins_f91be8b.js
    ./frontend/src/app/layout.tsx


⚠ [next]/internal/font/google/lora_24d51a03.module.css
Warning: next/font: warning:
Failed to download Lora from Google Fonts. Using a fallback font instead.
If you are offline or behind a proxy, self-host the font with next/font/local, or set HTTP_PROXY/HTTPS_PROXY so Next.js can reach fonts.googleapis.com.

Import trace:
  Server Component:
    [next]/internal/font/google/lora_24d51a03.module.css
    [next]/internal/font/google/lora_24d51a03.js
    ./frontend/src/app/layout.tsx


⚠ [next]/internal/font/google/poppins_f91be8b.module.css
Warning: next/font: warning:
Failed to download Poppins from Google Fonts. Using a fallback font instead.
If you are offline or behind a proxy, self-host the font with next/font/local, or set HTTP_PROXY/HTTPS_PROXY so Next.js can reach fonts.googleapis.com.

Import trace:
  Server Component:
    [next]/internal/font/google/poppins_f91be8b.module.css
    [next]/internal/font/google/poppins_f91be8b.js
    ./frontend/src/app/layout.tsx


⚠ [next]/internal/font/google/lora_24d51a03.module.css
Warning: Error while requesting resource
There was an issue establishing a connection while requesting https://fonts.googleapis.com/css2?family=Lora:ital,wght@1,500;1,600&display=swap

Import trace:
  Server Component:
    [next]/internal/font/google/lora_24d51a03.module.css
    [next]/internal/font/google/lora_24d51a03.js
    ./frontend/src/app/layout.tsx


⚠ [next]/internal/font/google/poppins_f91be8b.module.css
Warning: Error while requesting resource
There was an issue establishing a connection while requesting https://fonts.googleapis.com/css2?family=Poppins:wght@400;500;600;700;800&display=swap

Import trace:
  Server Component:
    [next]/internal/font/google/poppins_f91be8b.module.css
    [next]/internal/font/google/poppins_f91be8b.js
    ./frontend/src/app/layout.tsx


⚠ [next]/internal/font/google/lora_24d51a03.module.css
Warning: next/font: warning:
Failed to download Lora from Google Fonts. Using a fallback font instead.
If you are offline or behind a proxy, self-host the font with next/font/local, or set HTTP_PROXY/HTTPS_PROXY so Next.js can reach fonts.googleapis.com.

Import trace:
  Server Component:
    [next]/internal/font/google/lora_24d51a03.module.css
    [next]/internal/font/google/lora_24d51a03.js
    ./frontend/src/app/layout.tsx


⚠ [next]/internal/font/google/poppins_f91be8b.module.css
Warning: next/font: warning:
Failed to download Poppins from Google Fonts. Using a fallback font instead.
If you are offline or behind a proxy, self-host the font with next/font/local, or set HTTP_PROXY/HTTPS_PROXY so Next.js can reach fonts.googleapis.com.

Import trace:
  Server Component:
    [next]/internal/font/google/poppins_f91be8b.module.css
    [next]/internal/font/google/poppins_f91be8b.js
    ./frontend/src/app/layout.tsx


✓ Compiled in 39ms
 GET / 200 in 151ms (next.js: 12ms, application-code: 139ms)
 GET / 200 in 113ms (next.js: 5ms, application-code: 108ms)
⚠ [next]/internal/font/google/lora_24d51a03.module.css
Warning: Error while requesting resource
There was an issue establishing a connection while requesting https://fonts.googleapis.com/css2?family=Lora:ital,wght@1,500;1,600&display=swap

Import trace:
  Server Component:
    [next]/internal/font/google/lora_24d51a03.module.css
    [next]/internal/font/google/lora_24d51a03.js
    ./frontend/src/app/layout.tsx


⚠ [next]/internal/font/google/poppins_f91be8b.module.css
Warning: Error while requesting resource
There was an issue establishing a connection while requesting https://fonts.googleapis.com/css2?family=Poppins:wght@400;500;600;700;800&display=swap

Import trace:
  Server Component:
    [next]/internal/font/google/poppins_f91be8b.module.css
    [next]/internal/font/google/poppins_f91be8b.js
    ./frontend/src/app/layout.tsx


⚠ [next]/internal/font/google/lora_24d51a03.module.css
Warning: next/font: warning:
Failed to download Lora from Google Fonts. Using a fallback font instead.
If you are offline or behind a proxy, self-host the font with next/font/local, or set HTTP_PROXY/HTTPS_PROXY so Next.js can reach fonts.googleapis.com.

Import trace:
  Server Component:
    [next]/internal/font/google/lora_24d51a03.module.css
    [next]/internal/font/google/lora_24d51a03.js
    ./frontend/src/app/layout.tsx


⚠ [next]/internal/font/google/poppins_f91be8b.module.css
Warning: next/font: warning:
Failed to download Poppins from Google Fonts. Using a fallback font instead.
If you are offline or behind a proxy, self-host the font with next/font/local, or set HTTP_PROXY/HTTPS_PROXY so Next.js can reach fonts.googleapis.com.

Import trace:
  Server Component:
    [next]/internal/font/google/poppins_f91be8b.module.css
    [next]/internal/font/google/poppins_f91be8b.js
    ./frontend/src/app/layout.tsx


 GET /manifest.webmanifest 200 in 12ms (next.js: 7ms, application-code: 5ms)
⚠ [next]/internal/font/google/lora_24d51a03.module.css
Warning: Error while requesting resource
There was an issue establishing a connection while requesting https://fonts.googleapis.com/css2?family=Lora:ital,wght@1,500;1,600&display=swap

Import trace:
  Server Component:
    [next]/internal/font/google/lora_24d51a03.module.css
    [next]/internal/font/google/lora_24d51a03.js
    ./frontend/src/app/layout.tsx


⚠ [next]/internal/font/google/poppins_f91be8b.module.css
Warning: Error while requesting resource
There was an issue establishing a connection while requesting https://fonts.googleapis.com/css2?family=Poppins:wght@400;500;600;700;800&display=swap

Import trace:
  Server Component:
    [next]/internal/font/google/poppins_f91be8b.module.css
    [next]/internal/font/google/poppins_f91be8b.js
    ./frontend/src/app/layout.tsx


⚠ [next]/internal/font/google/lora_24d51a03.module.css
Warning: next/font: warning:
Failed to download Lora from Google Fonts. Using a fallback font instead.
If you are offline or behind a proxy, self-host the font with next/font/local, or set HTTP_PROXY/HTTPS_PROXY so Next.js can reach fonts.googleapis.com.

Import trace:
  Server Component:
    [next]/internal/font/google/lora_24d51a03.module.css
    [next]/internal/font/google/lora_24d51a03.js
    ./frontend/src/app/layout.tsx


⚠ [next]/internal/font/google/poppins_f91be8b.module.css
Warning: next/font: warning:
Failed to download Poppins from Google Fonts. Using a fallback font instead.
If you are offline or behind a proxy, self-host the font with next/font/local, or set HTTP_PROXY/HTTPS_PROXY so Next.js can reach fonts.googleapis.com.

Import trace:
  Server Component:
    [next]/internal/font/google/poppins_f91be8b.module.css
    [next]/internal/font/google/poppins_f91be8b.js
    ./frontend/src/app/layout.tsx


[browser] A tree hydrated but some attributes of the server rendered HTML didn't match the client properties. This won't be patched up. This can happen if a SSR-ed Client Component used:

- A server/client branch `if (typeof window !== 'undefined')`.
- Variable input such as `Date.now()` or `Math.random()` which changes each time it's called.
- Date formatting in a user's locale which doesn't match the server.
- External changing data without sending a snapshot of it along with the HTML.
- Invalid HTML tag nesting.

It can also happen if the client has a browser extension installed which messes with the HTML before React loaded.

https://react.dev/link/hydration-mismatch

  ...
    <HotReload globalError={[...]} webSocket={WebSocket} staticIndicatorState={{pathname:null, ...}}>
      <AppDevOverlayErrorBoundary globalError={[...]}>
        <ReplaySsrOnlyErrors>
        <DevRootHTTPAccessFallbackBoundary>
          <HTTPAccessFallbackBoundary notFound={<NotAllowedRootHTTPFallbackError>}>
            <HTTPAccessFallbackErrorBoundary pathname="/" notFound={<NotAllowedRootHTTPFallbackError>} ...>
              <RedirectBoundary>
                <RedirectErrorBoundary router={{...}}>
                  <Head headCacheNode={{rsc:{...}, ...}}>
                    <__next_viewport_boundary__>
                    <MetadataWrapper>
                      <div
                        hidden={true}
-                       bis_skin_checked="1"
                      >
                  <__next_root_layout_boundary__>
                    <SegmentViewNode type="layout" pagePath="layout.tsx">
                      <SegmentTrieNode>
                      <link>
                      <script>
                      <script>
                      <RootLayout>
                        <html lang="en" className="poppins_f9..." suppressHydrationWarning={true}>
                          <head>
                          <body
                            className="min-h-full flex flex-col antialiased"
-                           bis_register="W3sibWFzdGVyIjp0cnVlLCJleHRlbnNpb25JZCI6ImVwcGlvY2VtaG1ubGJoanBsY2drb2ZjaWll..."
-                           __processed_d011837a-fd28-4984-a0df-9015ee67c0a6__="true"
                          >
                            ...
                              <ClientPageRoot Component={function Home} serverProvidedParams={{...}}>
                                <Home params={Promise} searchParams={Promise}>
                                  <Header activeDownloaderTab={null} ...>
                                    <header className="fixed top-...">
                                      <div
                                        className="site-header-inner mx-auto grid h-[72px] max-w-[1200px] grid-cols-3 ..."
-                                       bis_skin_checked="1"
                                      >
                                        <LinkComponent>
                                        <div
                                          className="hidden xl:flex items-center justify-center gap-1 justify-self-center"
-                                         bis_skin_checked="1"
                                        >
                                          <ToolCategoryDropdown>
                                            <div
                                              ref={{current:null}}
                                              className="relative hidden xl:flex items-center"
-                                             bis_skin_checked="1"
                                            >
                                          ...
                                        <div
                                          className="site-controls flex min-w-0 items-center gap-3 sm:gap-5 justify-se..."
-                                         bis_skin_checked="1"
                                        >
                                          <div
                                            className="relative"
                                            ref={{current:null}}
-                                           bis_skin_checked="1"
                                          >
                                          <LinkComponent>
                                          <button type="button" onClick={function toggleTheme} className="theme-toggle" ...>
                                            <div
                                              className="theme-toggle__thumb"
-                                             bis_skin_checked="1"
                                            >
                                            ...
                                          ...
                                    <div
                                      className="mobile-drawer fixed inset-y-0 right-0 z-50 flex h-full w-[min(82vw,38..."
                                      role="dialog"
                                      aria-modal="true"
                                      aria-hidden={true}
                                      aria-label="Mobile navigation"
-                                     bis_skin_checked="1"
                                    >
                                      <div
                                        className="mobile-drawer-header flex h-[68px] shrink-0 items-center justify-be..."
-                                       bis_skin_checked="1"
                                      >
                                        <div
-                                         bis_skin_checked="1"
                                        >
                                        ...
                                      <nav className="mobile-dra..." aria-label="Mobile nav...">
                                        <LinkComponent>
                                        <LinkComponent>
                                        <LinkComponent>
                                        <LinkComponent>
                                        <LinkComponent>
                                        <LinkComponent>
                                        <LinkComponent>
                                        <div
                                          className="my-2 border-t border-border-light"
-                                         bis_skin_checked="1"
                                        >
                                        ...
                                      <div
                                        className="mobile-drawer-cta shrink-0 border-t border-border p-4 pb-[calc(1rem..."
-                                       bis_skin_checked="1"
                                      >
                                  <main className="flex-1">
                                    <HeroDownloader activeTab={null} onActiveTabChange={function bound dispatchSetState}>
                                      <section id="hero" className="hero-secti...">
                                        <div
                                          className="absolute inset-0 -z-10"
                                          aria-hidden="true"
-                                         bis_skin_checked="1"
                                        >
                                          <div
                                            className="absolute left-1/2 top-0 h-[420px] w-full max-w-[1000px] -transl..."
-                                           bis_skin_checked="1"
                                          >
                                        <div
                                          className="mx-auto w-full max-w-[1200px] min-w-0 px-3 sm:px-6 lg:px-12"
-                                         bis_skin_checked="1"
                                        >
                                          <div
                                            className="mx-auto w-full min-w-0 max-w-[680px] text-center"
-                                           bis_skin_checked="1"
                                          >
                                            <div
                                              className="animate-fade-in-up mb-4 inline-flex max-w-full items-center g..."
                                              style={{background:"var(--card)",boxShadow:"var(--shad...",border:"1px solid ..."}}
-                                             bis_skin_checked="1"
                                            >
                                            ...
                                          <div
                                            className="animate-fade-in-up delay-300 mx-auto mt-6 w-full min-w-0 max-w-..."
-                                           bis_skin_checked="1"
                                          >
                                            <div
                                              ref={{current:null}}
                                              role="tablist"
                                              aria-label="Content types"
                                              className="tabs-scroll flex items-center gap-1 overflow-x-auto rounded-f..."
                                              style={{background:"var(--card)",boxShadow:"var(--shad...",border:"1px solid ..."}}
-                                             bis_skin_checked="1"
                                            >
                                          <div
                                            className="animate-fade-in-up delay-300 mx-auto mt-4 w-full min-w-0 max-w-..."
-                                           bis_skin_checked="1"
                                          >
                                            <form onSubmit={function HeroDownloader.useCallback[handleSubmit]} ...>
                                              <div
                                                className="url-card rounded-[20px] p-2.5 transition-shadow"
                                                style={{background:"var(--card)",boxShadow:"var(--shad...",border:"1px solid ..."}}
-                                               bis_skin_checked="1"
                                              >
                                                <div
                                                  className="hidden sm:flex sm:flex-row sm:gap-2"
-                                                 bis_skin_checked="1"
                                                >
                                                  <div
                                                    className="relative min-w-0 flex-1"
-                                                   bis_skin_checked="1"
                                                  >
                                                  ...
                                                <div
                                                  className="flex flex-col gap-2 sm:hidden"
-                                                 bis_skin_checked="1"
                                                >
                                                  <div
                                                    className="relative"
-                                                   bis_skin_checked="1"
                                                  >
                                                  <div
                                                    className="url-actions flex min-w-0 flex-col gap-2"
-                                                   bis_skin_checked="1"
                                                  >
                                            <div
                                              className="mt-3 flex flex-wrap items-center justify-center gap-x-4 gap-y..."
-                                             bis_skin_checked="1"
                                            >
                                          <div
                                            ref={{current:null}}
                                            aria-live="polite"
                                            aria-atomic="true"
                                            className="scroll-mt-20"
-                                           bis_skin_checked="1"
                                          >
                                    <ScrollReveal>
                                      <div
                                        ref={{current:null}}
                                        className="fade-section"
                                        style={undefined}
-                                       bis_skin_checked="1"
                                      >
                                        <section className="mx-auto ma...">
                                          <div
                                            className="grid grid-cols-1 gap-4 sm:grid-cols-2 lg:grid-cols-4"
-                                           bis_skin_checked="1"
                                          >
                                            <div
                                              className="flex items-center gap-3.5 rounded-2xl p-[18px] shadow-[var(--..."
                                              style={{background:"var(--card)",border:"1px solid ..."}}
-                                             bis_skin_checked="1"
                                            >
                                              <div
                                                className="flex h-10 w-10 shrink-0 items-center justify-center rounded..."
                                                style={{background:"var(--acce...",border:"1px solid ..."}}
-                                               bis_skin_checked="1"
                                              >
                                              <div
-                                               bis_skin_checked="1"
                                              >
                                            <div
                                              className="flex items-center gap-3.5 rounded-2xl p-[18px] shadow-[var(--..."
                                              style={{background:"var(--card)",border:"1px solid ..."}}
-                                             bis_skin_checked="1"
                                            >
                                              <div
                                                className="flex h-10 w-10 shrink-0 items-center justify-center rounded..."
                                                style={{background:"var(--acce...",border:"1px solid ..."}}
-                                               bis_skin_checked="1"
                                              >
                                              <div
-                                               bis_skin_checked="1"
                                              >
                                            <div
                                              className="flex items-center gap-3.5 rounded-2xl p-[18px] shadow-[var(--..."
                                              style={{background:"var(--card)",border:"1px solid ..."}}
-                                             bis_skin_checked="1"
                                            >
                                              <div
                                                className="flex h-10 w-10 shrink-0 items-center justify-center rounded..."
                                                style={{background:"var(--acce...",border:"1px solid ..."}}
-                                               bis_skin_checked="1"
                                              >
                                              <div
-                                               bis_skin_checked="1"
                                              >
                                            <div
                                              className="flex items-center gap-3.5 rounded-2xl p-[18px] shadow-[var(--..."
                                              style={{background:"var(--card)",border:"1px solid ..."}}
-                                             bis_skin_checked="1"
                                            >
                                              <div
                                                className="flex h-10 w-10 shrink-0 items-center justify-center rounded..."
                                                style={{background:"var(--acce...",border:"1px solid ..."}}
-                                               bis_skin_checked="1"
                                              >
                                              <div
-                                               bis_skin_checked="1"
                                              >
                                    <ScrollReveal>
                                      <div
                                        ref={{current:null}}
                                        className="fade-section"
                                        style={undefined}
-                                       bis_skin_checked="1"
                                      >
                                        <Features>
                                          <section id="features" className="px-5 py-20..." aria-label="Features">
                                            <div
                                              className="mx-auto max-w-[1200px]"
-                                             bis_skin_checked="1"
                                            >
                                              <div
                                                className="mb-14 text-center"
-                                               bis_skin_checked="1"
                                              >
                                              <div
                                                className="grid grid-cols-1 gap-5 sm:grid-cols-2 lg:grid-cols-3 max-w-..."
-                                               bis_skin_checked="1"
                                              >
                                                <div
                                                  className="group rounded-[20px] bg-card p-7 shadow-[var(--shadow-car..."
                                                  style={{border:"1px solid ..."}}
-                                                 bis_skin_checked="1"
                                                >
                                                  <div
                                                    className="mb-5 flex h-10 w-10 items-center justify-center rounded-xl"
                                                    style={{background:"var(--acce...",border:"1px solid ..."}}
-                                                   bis_skin_checked="1"
                                                  >
                                                  ...
                                                <div
                                                  className="group rounded-[20px] bg-card p-7 shadow-[var(--shadow-car..."
                                                  style={{border:"1px solid ..."}}
-                                                 bis_skin_checked="1"
                                                >
                                                  <div
                                                    className="mb-5 flex h-10 w-10 items-center justify-center rounded-xl"
                                                    style={{background:"var(--acce...",border:"1px solid ..."}}
-                                                   bis_skin_checked="1"
                                                  >
                                                  ...
                                                <div
                                                  className="group rounded-[20px] bg-card p-7 shadow-[var(--shadow-car..."
                                                  style={{border:"1px solid ..."}}
-                                                 bis_skin_checked="1"
                                                >
                                                  <div
                                                    className="mb-5 flex h-10 w-10 items-center justify-center rounded-xl"
                                                    style={{background:"var(--acce...",border:"1px solid ..."}}
-                                                   bis_skin_checked="1"
                                                  >
                                                  ...
                                                <div
                                                  className="group rounded-[20px] bg-card p-7 shadow-[var(--shadow-car..."
                                                  style={{border:"1px solid ..."}}
-                                                 bis_skin_checked="1"
                                                >
                                                  <div
                                                    className="mb-5 flex h-10 w-10 items-center justify-center rounded-xl"
                                                    style={{background:"var(--acce...",border:"1px solid ..."}}
-                                                   bis_skin_checked="1"
                                                  >
                                                  ...
                                                <div
                                                  className="group rounded-[20px] bg-card p-7 shadow-[var(--shadow-car..."
                                                  style={{border:"1px solid ..."}}
-                                                 bis_skin_checked="1"
                                                >
                                                  <div
                                                    className="mb-5 flex h-10 w-10 items-center justify-center rounded-xl"
                                                    style={{background:"var(--acce...",border:"1px solid ..."}}
-                                                   bis_skin_checked="1"
                                                  >
                                                  ...
                                                <div
                                                  className="group rounded-[20px] bg-card p-7 shadow-[var(--shadow-car..."
                                                  style={{border:"1px solid ..."}}
-                                                 bis_skin_checked="1"
                                                >
                                                  <div
                                                    className="mb-5 flex h-10 w-10 items-center justify-center rounded-xl"
                                                    style={{background:"var(--acce...",border:"1px solid ..."}}
-                                                   bis_skin_checked="1"
                                                  >
                                                  ...
                                                <div
                                                  className="group rounded-[20px] bg-card p-7 shadow-[var(--shadow-car..."
                                                  style={{border:"1px solid ..."}}
-                                                 bis_skin_checked="1"
                                                >
                                                  <div
                                                    className="mb-5 flex h-10 w-10 items-center justify-center rounded-xl"
                                                    style={{background:"var(--acce...",border:"1px solid ..."}}
-                                                   bis_skin_checked="1"
                                                  >
                                                  ...
                                    <ScrollReveal>
                                      <div
                                        ref={{current:null}}
                                        className="fade-section"
                                        style={undefined}
-                                       bis_skin_checked="1"
                                      >
                                        <HowItWorks>
                                          <section id="how-it-works" className="px-5 py-20..." aria-label="How It Works">
                                            <div
                                              className="mx-auto max-w-[1200px]"
-                                             bis_skin_checked="1"
                                            >
                                              <div
                                                className="mb-14 text-center"
-                                               bis_skin_checked="1"
                                              >
                                              <div
                                                className="relative flex flex-col items-start justify-center sm:flex-r..."
-                                               bis_skin_checked="1"
                                              >
                                                <div
                                                  className="flex items-center sm:flex-1"
-                                                 bis_skin_checked="1"
                                                >
                                                  <div
                                                    className="flex flex-1 flex-col items-center text-center px-4"
-                                                   bis_skin_checked="1"
                                                  >
                                                    <p>
                                                    <div
                                                      className="mb-5 flex h-[70px] w-[70px] items-center justify-cent..."
                                                      style={{background:"var(--bran...",boxShadow:"var(--shad..."}}
-                                                     bis_skin_checked="1"
                                                    >
                                                    ...
                                                  <div
                                                    className="hidden sm:block h-px flex-shrink-0 mt-[22px]"
                                                    style={{width:120,background:"linear-gra..."}}
-                                                   bis_skin_checked="1"
                                                  >
                                                <div
                                                  className="flex items-center sm:flex-1"
-                                                 bis_skin_checked="1"
                                                >
                                                  <div
                                                    className="flex flex-1 flex-col items-center text-center px-4"
-                                                   bis_skin_checked="1"
                                                  >
                                                    <p>
                                                    <div
                                                      className="mb-5 flex h-[70px] w-[70px] items-center justify-cent..."
                                                      style={{background:"var(--bran...",boxShadow:"var(--shad..."}}
-                                                     bis_skin_checked="1"
                                                    >
                                                    ...
                                                  <div
                                                    className="hidden sm:block h-px flex-shrink-0 mt-[22px]"
                                                    style={{width:120,background:"linear-gra..."}}
-                                                   bis_skin_checked="1"
                                                  >
                                                <div
                                                  className="flex items-center sm:flex-1"
-                                                 bis_skin_checked="1"
                                                >
                                                  <div
                                                    className="flex flex-1 flex-col items-center text-center px-4"
-                                                   bis_skin_checked="1"
                                                  >
                                                    <p>
                                                    <div
                                                      className="mb-5 flex h-[70px] w-[70px] items-center justify-cent..."
                                                      style={{background:"var(--bran...",boxShadow:"var(--shad..."}}
-                                                     bis_skin_checked="1"
                                                    >
                                                    ...
                                    <ScrollReveal>
                                      <div
                                        ref={{current:null}}
                                        className="fade-section"
                                        style={undefined}
-                                       bis_skin_checked="1"
                                      >
                                        <section className="mx-auto ma..." aria-labelledby="about-down...">
                                          <div
                                            className="rounded-[24px] p-6 sm:p-8"
                                            style={{background:"var(--card)",border:"1px solid ...",boxShadow:"var(--shad..."}}
-                                           bis_skin_checked="1"
                                          >
                                            <h2>
                                            <p>
                                            <div
                                              className="mt-6 grid gap-6"
-                                             bis_skin_checked="1"
                                            >
                                              <div
-                                               bis_skin_checked="1"
                                              >
                                              <div
-                                               bis_skin_checked="1"
                                              >
                                              <div
-                                               bis_skin_checked="1"
                                              >
                                              <div
-                                               bis_skin_checked="1"
                                              >
                                    <ScrollReveal>
                                      <div
                                        ref={{current:null}}
                                        className="fade-section"
                                        style={undefined}
-                                       bis_skin_checked="1"
                                      >
                                        <FAQ>
                                          <script>
                                          <section id="faq" className="px-4 py-20..." aria-label="Common que...">
                                            <div
                                              className="mx-auto max-w-[720px]"
-                                             bis_skin_checked="1"
                                            >
                                              <div
                                                className="mb-14 text-center"
-                                               bis_skin_checked="1"
                                              >
                                              <div
                                                className="flex flex-col gap-3"
-                                               bis_skin_checked="1"
                                              >
                                                <div
                                                  className="rounded-2xl transition-all duration-200"
                                                  style={{background:"var(--acce...",border:"1px solid ...",boxShadow:"none"}}
-                                                 bis_skin_checked="1"
                                                >
                                                  <button>
                                                  <div
                                                    id="faq-answer-0"
                                                    role="region"
                                                    className="overflow-hidden transition-all duration-300"
                                                    style={{maxHeight:200,opacity:1,padding:"0 24px 20px"}}
-                                                   bis_skin_checked="1"
                                                  >
                                                <div
                                                  className="rounded-2xl transition-all duration-200"
                                                  style={{background:"var(--card)",border:"1px solid ...",boxShadow:"var(--shad..."}}
-                                                 bis_skin_checked="1"
                                                >
                                                  <button>
                                                  <div
                                                    id="faq-answer-1"
                                                    role="region"
                                                    className="overflow-hidden transition-all duration-300"
                                                    style={{maxHeight:0,opacity:0,padding:"0 24px"}}
-                                                   bis_skin_checked="1"
                                                  >
                                                <div
                                                  className="rounded-2xl transition-all duration-200"
                                                  style={{background:"var(--card)",border:"1px solid ...",boxShadow:"var(--shad..."}}
-                                                 bis_skin_checked="1"
                                                >
                                                  <button>
                                                  <div
                                                    id="faq-answer-2"
                                                    role="region"
                                                    className="overflow-hidden transition-all duration-300"
                                                    style={{maxHeight:0,opacity:0,padding:"0 24px"}}
-                                                   bis_skin_checked="1"
                                                  >
                                                <div
                                                  className="rounded-2xl transition-all duration-200"
                                                  style={{background:"var(--card)",border:"1px solid ...",boxShadow:"var(--shad..."}}
-                                                 bis_skin_checked="1"
                                                >
                                                  <button>
                                                  <div
                                                    id="faq-answer-3"
                                                    role="region"
                                                    className="overflow-hidden transition-all duration-300"
                                                    style={{maxHeight:0,opacity:0,padding:"0 24px"}}
-                                                   bis_skin_checked="1"
                                                  >
                                                <div
                                                  className="rounded-2xl transition-all duration-200"
                                                  style={{background:"var(--card)",border:"1px solid ...",boxShadow:"var(--shad..."}}
-                                                 bis_skin_checked="1"
                                                >
                                                  <button>
                                                  <div
                                                    id="faq-answer-4"
                                                    role="region"
                                                    className="overflow-hidden transition-all duration-300"
                                                    style={{maxHeight:0,opacity:0,padding:"0 24px"}}
-                                                   bis_skin_checked="1"
                                                  >
                                                <div
                                                  className="rounded-2xl transition-all duration-200"
                                                  style={{background:"var(--card)",border:"1px solid ...",boxShadow:"var(--shad..."}}
-                                                 bis_skin_checked="1"
                                                >
                                                  <button>
                                                  <div
                                                    id="faq-answer-5"
                                                    role="region"
                                                    className="overflow-hidden transition-all duration-300"
                                                    style={{maxHeight:0,opacity:0,padding:"0 24px"}}
-                                                   bis_skin_checked="1"
                                                  >
                                                <div
                                                  className="rounded-2xl transition-all duration-200"
                                                  style={{background:"var(--card)",border:"1px solid ...",boxShadow:"var(--shad..."}}
-                                                 bis_skin_checked="1"
                                                >
                                                  <button>
                                                  <div
                                                    id="faq-answer-6"
                                                    role="region"
                                                    className="overflow-hidden transition-all duration-300"
                                                    style={{maxHeight:0,opacity:0,padding:"0 24px"}}
-                                                   bis_skin_checked="1"
                                                  >
                                                <div
                                                  className="rounded-2xl transition-all duration-200"
                                                  style={{background:"var(--card)",border:"1px solid ...",boxShadow:"var(--shad..."}}
-                                                 bis_skin_checked="1"
                                                >
                                                  <button>
                                                  <div
                                                    id="faq-answer-7"
                                                    role="region"
                                                    className="overflow-hidden transition-all duration-300"
                                                    style={{maxHeight:0,opacity:0,padding:"0 24px"}}
-                                                   bis_skin_checked="1"
                                                  >
                                                <div
                                                  className="rounded-2xl transition-all duration-200"
                                                  style={{background:"var(--card)",border:"1px solid ...",boxShadow:"var(--shad..."}}
-                                                 bis_skin_checked="1"
                                                >
                                                  <button>
                                                  <div
                                                    id="faq-answer-8"
                                                    role="region"
                                                    className="overflow-hidden transition-all duration-300"
                                                    style={{maxHeight:0,opacity:0,padding:"0 24px"}}
-                                                   bis_skin_checked="1"
                                                  >
                                  <Footer>
                                    <footer className="mt-20 bord...">
                                      <div
                                        className="mx-auto max-w-[1200px]"
-                                       bis_skin_checked="1"
                                      >
                                        <div
                                          className="grid grid-cols-1 gap-10 sm:grid-cols-2 lg:grid-cols-[1.5fr_1fr_1f..."
-                                         bis_skin_checked="1"
                                        >
                                          <div
-                                           bis_skin_checked="1"
                                          >
                                            <LinkComponent>
                                            <p>
                                            <p>
                                            <div
                                              className="mt-5"
-                                             bis_skin_checked="1"
                                            >
                                          ...
                                        <p>
                                        <div
                                          className="mt-4 flex flex-col gap-2 border-t border-border pt-6 sm:flex-row ..."
-                                         bis_skin_checked="1"
                                        >
                  ...
 
⚠ [next]/internal/font/google/lora_24d51a03.module.css
Warning: Error while requesting resource
There was an issue establishing a connection while requesting https://fonts.googleapis.com/css2?family=Lora:ital,wght@1,500;1,600&display=swap

Import trace:
  Server Component:
    [next]/internal/font/google/lora_24d51a03.module.css
    [next]/internal/font/google/lora_24d51a03.js
    ./frontend/src/app/layout.tsx


⚠ [next]/internal/font/google/poppins_f91be8b.module.css
Warning: Error while requesting resource
There was an issue establishing a connection while requesting https://fonts.googleapis.com/css2?family=Poppins:wght@400;500;600;700;800&display=swap

Import trace:
  Server Component:
    [next]/internal/font/google/poppins_f91be8b.module.css
    [next]/internal/font/google/poppins_f91be8b.js
    ./frontend/src/app/layout.tsx


⚠ [next]/internal/font/google/lora_24d51a03.module.css
Warning: next/font: warning:
Failed to download Lora from Google Fonts. Using a fallback font instead.
If you are offline or behind a proxy, self-host the font with next/font/local, or set HTTP_PROXY/HTTPS_PROXY so Next.js can reach fonts.googleapis.com.

Import trace:
  Server Component:
    [next]/internal/font/google/lora_24d51a03.module.css
    [next]/internal/font/google/lora_24d51a03.js
    ./frontend/src/app/layout.tsx


⚠ [next]/internal/font/google/poppins_f91be8b.module.css
Warning: next/font: warning:
Failed to download Poppins from Google Fonts. Using a fallback font instead.
If you are offline or behind a proxy, self-host the font with next/font/local, or set HTTP_PROXY/HTTPS_PROXY so Next.js can reach fonts.googleapis.com.

Import trace:
  Server Component:
    [next]/internal/font/google/poppins_f91be8b.module.css
    [next]/internal/font/google/poppins_f91be8b.js
    ./frontend/src/app/layout.tsx


⚠ Fast Refresh had to perform a full reload when ./frontend/src/i18n/en.ts changed. Read more: https://nextjs.org/docs/messages/fast-refresh-reload
⚠ [next]/internal/font/google/lora_24d51a03.module.css
Warning: Error while requesting resource
There was an issue establishing a connection while requesting https://fonts.googleapis.com/css2?family=Lora:ital,wght@1,500;1,600&display=swap

Import trace:
  Server Component:
    [next]/internal/font/google/lora_24d51a03.module.css
    [next]/internal/font/google/lora_24d51a03.js
    ./frontend/src/app/layout.tsx


⚠ [next]/internal/font/google/poppins_f91be8b.module.css
Warning: Error while requesting resource
There was an issue establishing a connection while requesting https://fonts.googleapis.com/css2?family=Poppins:wght@400;500;600;700;800&display=swap

Import trace:
  Server Component:
    [next]/internal/font/google/poppins_f91be8b.module.css
    [next]/internal/font/google/poppins_f91be8b.js
    ./frontend/src/app/layout.tsx


⚠ [next]/internal/font/google/lora_24d51a03.module.css
Warning: next/font: warning:
Failed to download Lora from Google Fonts. Using a fallback font instead.
If you are offline or behind a proxy, self-host the font with next/font/local, or set HTTP_PROXY/HTTPS_PROXY so Next.js can reach fonts.googleapis.com.

Import trace:
  Server Component:
    [next]/internal/font/google/lora_24d51a03.module.css
    [next]/internal/font/google/lora_24d51a03.js
    ./frontend/src/app/layout.tsx


⚠ [next]/internal/font/google/poppins_f91be8b.module.css
Warning: next/font: warning:
Failed to download Poppins from Google Fonts. Using a fallback font instead.
If you are offline or behind a proxy, self-host the font with next/font/local, or set HTTP_PROXY/HTTPS_PROXY so Next.js can reach fonts.googleapis.com.

Import trace:
  Server Component:
    [next]/internal/font/google/poppins_f91be8b.module.css
    [next]/internal/font/google/poppins_f91be8b.js
    ./frontend/src/app/layout.tsx


✓ Compiled in 51ms
 GET / 200 in 170ms (next.js: 10ms, application-code: 159ms)
 GET / 200 in 131ms (next.js: 7ms, application-code: 125ms)
⚠ [next]/internal/font/google/lora_24d51a03.module.css
Warning: Error while requesting resource
There was an issue establishing a connection while requesting https://fonts.googleapis.com/css2?family=Lora:ital,wght@1,500;1,600&display=swap

Import trace:
  Server Component:
    [next]/internal/font/google/lora_24d51a03.module.css
    [next]/internal/font/google/lora_24d51a03.js
    ./frontend/src/app/layout.tsx


⚠ [next]/internal/font/google/poppins_f91be8b.module.css
Warning: Error while requesting resource
There was an issue establishing a connection while requesting https://fonts.googleapis.com/css2?family=Poppins:wght@400;500;600;700;800&display=swap

Import trace:
  Server Component:
    [next]/internal/font/google/poppins_f91be8b.module.css
    [next]/internal/font/google/poppins_f91be8b.js
    ./frontend/src/app/layout.tsx


⚠ [next]/internal/font/google/lora_24d51a03.module.css
Warning: next/font: warning:
Failed to download Lora from Google Fonts. Using a fallback font instead.
If you are offline or behind a proxy, self-host the font with next/font/local, or set HTTP_PROXY/HTTPS_PROXY so Next.js can reach fonts.googleapis.com.

Import trace:
  Server Component:
    [next]/internal/font/google/lora_24d51a03.module.css
    [next]/internal/font/google/lora_24d51a03.js
    ./frontend/src/app/layout.tsx


⚠ [next]/internal/font/google/poppins_f91be8b.module.css
Warning: next/font: warning:
Failed to download Poppins from Google Fonts. Using a fallback font instead.
If you are offline or behind a proxy, self-host the font with next/font/local, or set HTTP_PROXY/HTTPS_PROXY so Next.js can reach fonts.googleapis.com.

Import trace:
  Server Component:
    [next]/internal/font/google/poppins_f91be8b.module.css
    [next]/internal/font/google/poppins_f91be8b.js
    ./frontend/src/app/layout.tsx


 GET /manifest.webmanifest 200 in 9ms (next.js: 5ms, application-code: 4ms)
⚠ [next]/internal/font/google/lora_24d51a03.module.css
Warning: Error while requesting resource
There was an issue establishing a connection while requesting https://fonts.googleapis.com/css2?family=Lora:ital,wght@1,500;1,600&display=swap

Import trace:
  Server Component:
    [next]/internal/font/google/lora_24d51a03.module.css
    [next]/internal/font/google/lora_24d51a03.js
    ./frontend/src/app/layout.tsx


⚠ [next]/internal/font/google/poppins_f91be8b.module.css
Warning: Error while requesting resource
There was an issue establishing a connection while requesting https://fonts.googleapis.com/css2?family=Poppins:wght@400;500;600;700;800&display=swap

Import trace:
  Server Component:
    [next]/internal/font/google/poppins_f91be8b.module.css
    [next]/internal/font/google/poppins_f91be8b.js
    ./frontend/src/app/layout.tsx


⚠ [next]/internal/font/google/lora_24d51a03.module.css
Warning: next/font: warning:
Failed to download Lora from Google Fonts. Using a fallback font instead.
If you are offline or behind a proxy, self-host the font with next/font/local, or set HTTP_PROXY/HTTPS_PROXY so Next.js can reach fonts.googleapis.com.

Import trace:
  Server Component:
    [next]/internal/font/google/lora_24d51a03.module.css
    [next]/internal/font/google/lora_24d51a03.js
    ./frontend/src/app/layout.tsx


⚠ [next]/internal/font/google/poppins_f91be8b.module.css
Warning: next/font: warning:
Failed to download Poppins from Google Fonts. Using a fallback font instead.
If you are offline or behind a proxy, self-host the font with next/font/local, or set HTTP_PROXY/HTTPS_PROXY so Next.js can reach fonts.googleapis.com.

Import trace:
  Server Component:
    [next]/internal/font/google/poppins_f91be8b.module.css
    [next]/internal/font/google/poppins_f91be8b.js
    ./frontend/src/app/layout.tsx


⚠ Fast Refresh had to perform a full reload when ./frontend/src/i18n/en.ts changed. Read more: https://nextjs.org/docs/messages/fast-refresh-reload
⚠ [next]/internal/font/google/lora_24d51a03.module.css
Warning: Error while requesting resource
There was an issue establishing a connection while requesting https://fonts.googleapis.com/css2?family=Lora:ital,wght@1,500;1,600&display=swap

Import trace:
  Server Component:
    [next]/internal/font/google/lora_24d51a03.module.css
    [next]/internal/font/google/lora_24d51a03.js
    ./frontend/src/app/layout.tsx


⚠ [next]/internal/font/google/poppins_f91be8b.module.css
Warning: Error while requesting resource
There was an issue establishing a connection while requesting https://fonts.googleapis.com/css2?family=Poppins:wght@400;500;600;700;800&display=swap

Import trace:
  Server Component:
    [next]/internal/font/google/poppins_f91be8b.module.css
    [next]/internal/font/google/poppins_f91be8b.js
    ./frontend/src/app/layout.tsx


⚠ [next]/internal/font/google/lora_24d51a03.module.css
Warning: next/font: warning:
Failed to download Lora from Google Fonts. Using a fallback font instead.
If you are offline or behind a proxy, self-host the font with next/font/local, or set HTTP_PROXY/HTTPS_PROXY so Next.js can reach fonts.googleapis.com.

Import trace:
  Server Component:
    [next]/internal/font/google/lora_24d51a03.module.css
    [next]/internal/font/google/lora_24d51a03.js
    ./frontend/src/app/layout.tsx


⚠ [next]/internal/font/google/poppins_f91be8b.module.css
Warning: next/font: warning:
Failed to download Poppins from Google Fonts. Using a fallback font instead.
If you are offline or behind a proxy, self-host the font with next/font/local, or set HTTP_PROXY/HTTPS_PROXY so Next.js can reach fonts.googleapis.com.

Import trace:
  Server Component:
    [next]/internal/font/google/poppins_f91be8b.module.css
    [next]/internal/font/google/poppins_f91be8b.js
    ./frontend/src/app/layout.tsx


⚠ [next]/internal/font/google/lora_24d51a03.module.css
Warning: Error while requesting resource
There was an issue establishing a connection while requesting https://fonts.googleapis.com/css2?family=Lora:ital,wght@1,500;1,600&display=swap

Import trace:
  Server Component:
    [next]/internal/font/google/lora_24d51a03.module.css
    [next]/internal/font/google/lora_24d51a03.js
    ./frontend/src/app/layout.tsx


⚠ [next]/internal/font/google/poppins_f91be8b.module.css
Warning: Error while requesting resource
There was an issue establishing a connection while requesting https://fonts.googleapis.com/css2?family=Poppins:wght@400;500;600;700;800&display=swap

Import trace:
  Server Component:
    [next]/internal/font/google/poppins_f91be8b.module.css
    [next]/internal/font/google/poppins_f91be8b.js
    ./frontend/src/app/layout.tsx


⚠ [next]/internal/font/google/lora_24d51a03.module.css
Warning: next/font: warning:
Failed to download Lora from Google Fonts. Using a fallback font instead.
If you are offline or behind a proxy, self-host the font with next/font/local, or set HTTP_PROXY/HTTPS_PROXY so Next.js can reach fonts.googleapis.com.

Import trace:
  Server Component:
    [next]/internal/font/google/lora_24d51a03.module.css
    [next]/internal/font/google/lora_24d51a03.js
    ./frontend/src/app/layout.tsx


⚠ [next]/internal/font/google/poppins_f91be8b.module.css
Warning: next/font: warning:
Failed to download Poppins from Google Fonts. Using a fallback font instead.
If you are offline or behind a proxy, self-host the font with next/font/local, or set HTTP_PROXY/HTTPS_PROXY so Next.js can reach fonts.googleapis.com.

Import trace:
  Server Component:
    [next]/internal/font/google/poppins_f91be8b.module.css
    [next]/internal/font/google/poppins_f91be8b.js
    ./frontend/src/app/layout.tsx


✓ Compiled in 53ms
 GET / 200 in 137ms (next.js: 13ms, application-code: 124ms)
 GET / 200 in 99ms (next.js: 3ms, application-code: 95ms)
⚠ [next]/internal/font/google/lora_24d51a03.module.css
Warning: Error while requesting resource
There was an issue establishing a connection while requesting https://fonts.googleapis.com/css2?family=Lora:ital,wght@1,500;1,600&display=swap

Import trace:
  Server Component:
    [next]/internal/font/google/lora_24d51a03.module.css
    [next]/internal/font/google/lora_24d51a03.js
    ./frontend/src/app/layout.tsx


⚠ [next]/internal/font/google/poppins_f91be8b.module.css
Warning: Error while requesting resource
There was an issue establishing a connection while requesting https://fonts.googleapis.com/css2?family=Poppins:wght@400;500;600;700;800&display=swap

Import trace:
  Server Component:
    [next]/internal/font/google/poppins_f91be8b.module.css
    [next]/internal/font/google/poppins_f91be8b.js
    ./frontend/src/app/layout.tsx


⚠ [next]/internal/font/google/lora_24d51a03.module.css
Warning: next/font: warning:
Failed to download Lora from Google Fonts. Using a fallback font instead.
If you are offline or behind a proxy, self-host the font with next/font/local, or set HTTP_PROXY/HTTPS_PROXY so Next.js can reach fonts.googleapis.com.

Import trace:
  Server Component:
    [next]/internal/font/google/lora_24d51a03.module.css
    [next]/internal/font/google/lora_24d51a03.js
    ./frontend/src/app/layout.tsx


⚠ [next]/internal/font/google/poppins_f91be8b.module.css
Warning: next/font: warning:
Failed to download Poppins from Google Fonts. Using a fallback font instead.
If you are offline or behind a proxy, self-host the font with next/font/local, or set HTTP_PROXY/HTTPS_PROXY so Next.js can reach fonts.googleapis.com.

Import trace:
  Server Component:
    [next]/internal/font/google/poppins_f91be8b.module.css
    [next]/internal/font/google/poppins_f91be8b.js
    ./frontend/src/app/layout.tsx


 GET /manifest.webmanifest 200 in 7ms (next.js: 4ms, application-code: 3ms)
⚠ [next]/internal/font/google/lora_24d51a03.module.css
Warning: Error while requesting resource
There was an issue establishing a connection while requesting https://fonts.googleapis.com/css2?family=Lora:ital,wght@1,500;1,600&display=swap

Import trace:
  Server Component:
    [next]/internal/font/google/lora_24d51a03.module.css
    [next]/internal/font/google/lora_24d51a03.js
    ./frontend/src/app/layout.tsx


⚠ [next]/internal/font/google/poppins_f91be8b.module.css
Warning: Error while requesting resource
There was an issue establishing a connection while requesting https://fonts.googleapis.com/css2?family=Poppins:wght@400;500;600;700;800&display=swap

Import trace:
  Server Component:
    [next]/internal/font/google/poppins_f91be8b.module.css
    [next]/internal/font/google/poppins_f91be8b.js
    ./frontend/src/app/layout.tsx


⚠ [next]/internal/font/google/lora_24d51a03.module.css
Warning: next/font: warning:
Failed to download Lora from Google Fonts. Using a fallback font instead.
If you are offline or behind a proxy, self-host the font with next/font/local, or set HTTP_PROXY/HTTPS_PROXY so Next.js can reach fonts.googleapis.com.

Import trace:
  Server Component:
    [next]/internal/font/google/lora_24d51a03.module.css
    [next]/internal/font/google/lora_24d51a03.js
    ./frontend/src/app/layout.tsx


⚠ [next]/internal/font/google/poppins_f91be8b.module.css
Warning: next/font: warning:
Failed to download Poppins from Google Fonts. Using a fallback font instead.
If you are offline or behind a proxy, self-host the font with next/font/local, or set HTTP_PROXY/HTTPS_PROXY so Next.js can reach fonts.googleapis.com.

Import trace:
  Server Component:
    [next]/internal/font/google/poppins_f91be8b.module.css
    [next]/internal/font/google/poppins_f91be8b.js
    ./frontend/src/app/layout.tsx


⚠ Fast Refresh had to perform a full reload when ./frontend/src/i18n/en.ts changed. Read more: https://nextjs.org/docs/messages/fast-refresh-reload
⚠ [next]/internal/font/google/lora_24d51a03.module.css
Warning: Error while requesting resource
There was an issue establishing a connection while requesting https://fonts.googleapis.com/css2?family=Lora:ital,wght@1,500;1,600&display=swap

Import trace:
  Server Component:
    [next]/internal/font/google/lora_24d51a03.module.css
    [next]/internal/font/google/lora_24d51a03.js
    ./frontend/src/app/layout.tsx


⚠ [next]/internal/font/google/poppins_f91be8b.module.css
Warning: Error while requesting resource
There was an issue establishing a connection while requesting https://fonts.googleapis.com/css2?family=Poppins:wght@400;500;600;700;800&display=swap

Import trace:
  Server Component:
    [next]/internal/font/google/poppins_f91be8b.module.css
    [next]/internal/font/google/poppins_f91be8b.js
    ./frontend/src/app/layout.tsx


⚠ [next]/internal/font/google/lora_24d51a03.module.css
Warning: next/font: warning:
Failed to download Lora from Google Fonts. Using a fallback font instead.
If you are offline or behind a proxy, self-host the font with next/font/local, or set HTTP_PROXY/HTTPS_PROXY so Next.js can reach fonts.googleapis.com.

Import trace:
  Server Component:
    [next]/internal/font/google/lora_24d51a03.module.css
    [next]/internal/font/google/lora_24d51a03.js
    ./frontend/src/app/layout.tsx


⚠ [next]/internal/font/google/poppins_f91be8b.module.css
Warning: next/font: warning:
Failed to download Poppins from Google Fonts. Using a fallback font instead.
If you are offline or behind a proxy, self-host the font with next/font/local, or set HTTP_PROXY/HTTPS_PROXY so Next.js can reach fonts.googleapis.com.

Import trace:
  Server Component:
    [next]/internal/font/google/poppins_f91be8b.module.css
    [next]/internal/font/google/poppins_f91be8b.js
    ./frontend/src/app/layout.tsx


⚠ [next]/internal/font/google/lora_24d51a03.module.css
Warning: Error while requesting resource
There was an issue establishing a connection while requesting https://fonts.googleapis.com/css2?family=Lora:ital,wght@1,500;1,600&display=swap

Import trace:
  Server Component:
    [next]/internal/font/google/lora_24d51a03.module.css
    [next]/internal/font/google/lora_24d51a03.js
    ./frontend/src/app/layout.tsx


⚠ [next]/internal/font/google/poppins_f91be8b.module.css
Warning: Error while requesting resource
There was an issue establishing a connection while requesting https://fonts.googleapis.com/css2?family=Poppins:wght@400;500;600;700;800&display=swap

Import trace:
  Server Component:
    [next]/internal/font/google/poppins_f91be8b.module.css
    [next]/internal/font/google/poppins_f91be8b.js
    ./frontend/src/app/layout.tsx


⚠ [next]/internal/font/google/lora_24d51a03.module.css
Warning: next/font: warning:
Failed to download Lora from Google Fonts. Using a fallback font instead.
If you are offline or behind a proxy, self-host the font with next/font/local, or set HTTP_PROXY/HTTPS_PROXY so Next.js can reach fonts.googleapis.com.

Import trace:
  Server Component:
    [next]/internal/font/google/lora_24d51a03.module.css
    [next]/internal/font/google/lora_24d51a03.js
    ./frontend/src/app/layout.tsx


⚠ [next]/internal/font/google/poppins_f91be8b.module.css
Warning: next/font: warning:
Failed to download Poppins from Google Fonts. Using a fallback font instead.
If you are offline or behind a proxy, self-host the font with next/font/local, or set HTTP_PROXY/HTTPS_PROXY so Next.js can reach fonts.googleapis.com.

Import trace:
  Server Component:
    [next]/internal/font/google/poppins_f91be8b.module.css
    [next]/internal/font/google/poppins_f91be8b.js
    ./frontend/src/app/layout.tsx


✓ Compiled in 45ms
 GET / 200 in 111ms (next.js: 10ms, application-code: 101ms)
 GET / 200 in 81ms (next.js: 4ms, application-code: 77ms)
⚠ [next]/internal/font/google/lora_24d51a03.module.css
Warning: Error while requesting resource
There was an issue establishing a connection while requesting https://fonts.googleapis.com/css2?family=Lora:ital,wght@1,500;1,600&display=swap

Import trace:
  Server Component:
    [next]/internal/font/google/lora_24d51a03.module.css
    [next]/internal/font/google/lora_24d51a03.js
    ./frontend/src/app/layout.tsx


⚠ [next]/internal/font/google/poppins_f91be8b.module.css
Warning: Error while requesting resource
There was an issue establishing a connection while requesting https://fonts.googleapis.com/css2?family=Poppins:wght@400;500;600;700;800&display=swap

Import trace:
  Server Component:
    [next]/internal/font/google/poppins_f91be8b.module.css
    [next]/internal/font/google/poppins_f91be8b.js
    ./frontend/src/app/layout.tsx


⚠ [next]/internal/font/google/lora_24d51a03.module.css
Warning: next/font: warning:
Failed to download Lora from Google Fonts. Using a fallback font instead.
If you are offline or behind a proxy, self-host the font with next/font/local, or set HTTP_PROXY/HTTPS_PROXY so Next.js can reach fonts.googleapis.com.

Import trace:
  Server Component:
    [next]/internal/font/google/lora_24d51a03.module.css
    [next]/internal/font/google/lora_24d51a03.js
    ./frontend/src/app/layout.tsx


⚠ [next]/internal/font/google/poppins_f91be8b.module.css
Warning: next/font: warning:
Failed to download Poppins from Google Fonts. Using a fallback font instead.
If you are offline or behind a proxy, self-host the font with next/font/local, or set HTTP_PROXY/HTTPS_PROXY so Next.js can reach fonts.googleapis.com.

Import trace:
  Server Component:
    [next]/internal/font/google/poppins_f91be8b.module.css
    [next]/internal/font/google/poppins_f91be8b.js
    ./frontend/src/app/layout.tsx


 GET /manifest.webmanifest 200 in 9ms (next.js: 5ms, application-code: 4ms)
⚠ [next]/internal/font/google/lora_24d51a03.module.css
Warning: Error while requesting resource
There was an issue establishing a connection while requesting https://fonts.googleapis.com/css2?family=Lora:ital,wght@1,500;1,600&display=swap

Import trace:
  Server Component:
    [next]/internal/font/google/lora_24d51a03.module.css
    [next]/internal/font/google/lora_24d51a03.js
    ./frontend/src/app/layout.tsx


⚠ [next]/internal/font/google/poppins_f91be8b.module.css
Warning: Error while requesting resource
There was an issue establishing a connection while requesting https://fonts.googleapis.com/css2?family=Poppins:wght@400;500;600;700;800&display=swap

Import trace:
  Server Component:
    [next]/internal/font/google/poppins_f91be8b.module.css
    [next]/internal/font/google/poppins_f91be8b.js
    ./frontend/src/app/layout.tsx


⚠ [next]/internal/font/google/lora_24d51a03.module.css
Warning: next/font: warning:
Failed to download Lora from Google Fonts. Using a fallback font instead.
If you are offline or behind a proxy, self-host the font with next/font/local, or set HTTP_PROXY/HTTPS_PROXY so Next.js can reach fonts.googleapis.com.

Import trace:
  Server Component:
    [next]/internal/font/google/lora_24d51a03.module.css
    [next]/internal/font/google/lora_24d51a03.js
    ./frontend/src/app/layout.tsx


⚠ [next]/internal/font/google/poppins_f91be8b.module.css
Warning: next/font: warning:
Failed to download Poppins from Google Fonts. Using a fallback font instead.
If you are offline or behind a proxy, self-host the font with next/font/local, or set HTTP_PROXY/HTTPS_PROXY so Next.js can reach fonts.googleapis.com.

Import trace:
  Server Component:
    [next]/internal/font/google/poppins_f91be8b.module.css
    [next]/internal/font/google/poppins_f91be8b.js
    ./frontend/src/app/layout.tsx


⚠ Fast Refresh had to perform a full reload when ./frontend/src/i18n/en.ts changed. Read more: https://nextjs.org/docs/messages/fast-refresh-reload
⚠ [next]/internal/font/google/lora_24d51a03.module.css
Warning: Error while requesting resource
There was an issue establishing a connection while requesting https://fonts.googleapis.com/css2?family=Lora:ital,wght@1,500;1,600&display=swap

Import trace:
  Server Component:
    [next]/internal/font/google/lora_24d51a03.module.css
    [next]/internal/font/google/lora_24d51a03.js
    ./frontend/src/app/layout.tsx


⚠ [next]/internal/font/google/poppins_f91be8b.module.css
Warning: Error while requesting resource
There was an issue establishing a connection while requesting https://fonts.googleapis.com/css2?family=Poppins:wght@400;500;600;700;800&display=swap

Import trace:
  Server Component:
    [next]/internal/font/google/poppins_f91be8b.module.css
    [next]/internal/font/google/poppins_f91be8b.js
    ./frontend/src/app/layout.tsx


⚠ [next]/internal/font/google/lora_24d51a03.module.css
Warning: next/font: warning:
Failed to download Lora from Google Fonts. Using a fallback font instead.
If you are offline or behind a proxy, self-host the font with next/font/local, or set HTTP_PROXY/HTTPS_PROXY so Next.js can reach fonts.googleapis.com.

Import trace:
  Server Component:
    [next]/internal/font/google/lora_24d51a03.module.css
    [next]/internal/font/google/lora_24d51a03.js
    ./frontend/src/app/layout.tsx


⚠ [next]/internal/font/google/poppins_f91be8b.module.css
Warning: next/font: warning:
Failed to download Poppins from Google Fonts. Using a fallback font instead.
If you are offline or behind a proxy, self-host the font with next/font/local, or set HTTP_PROXY/HTTPS_PROXY so Next.js can reach fonts.googleapis.com.

Import trace:
  Server Component:
    [next]/internal/font/google/poppins_f91be8b.module.css
    [next]/internal/font/google/poppins_f91be8b.js
    ./frontend/src/app/layout.tsx


✓ Compiled in 45ms
⚠ [next]/internal/font/google/lora_24d51a03.module.css
Warning: Error while requesting resource
There was an issue establishing a connection while requesting https://fonts.googleapis.com/css2?family=Lora:ital,wght@1,500;1,600&display=swap

Import trace:
  Server Component:
    [next]/internal/font/google/lora_24d51a03.module.css
    [next]/internal/font/google/lora_24d51a03.js
    ./frontend/src/app/layout.tsx


⚠ [next]/internal/font/google/poppins_f91be8b.module.css
Warning: Error while requesting resource
There was an issue establishing a connection while requesting https://fonts.googleapis.com/css2?family=Poppins:wght@400;500;600;700;800&display=swap

Import trace:
  Server Component:
    [next]/internal/font/google/poppins_f91be8b.module.css
    [next]/internal/font/google/poppins_f91be8b.js
    ./frontend/src/app/layout.tsx


⚠ [next]/internal/font/google/lora_24d51a03.module.css
Warning: next/font: warning:
Failed to download Lora from Google Fonts. Using a fallback font instead.
If you are offline or behind a proxy, self-host the font with next/font/local, or set HTTP_PROXY/HTTPS_PROXY so Next.js can reach fonts.googleapis.com.

Import trace:
  Server Component:
    [next]/internal/font/google/lora_24d51a03.module.css
    [next]/internal/font/google/lora_24d51a03.js
    ./frontend/src/app/layout.tsx


⚠ [next]/internal/font/google/poppins_f91be8b.module.css
Warning: next/font: warning:
Failed to download Poppins from Google Fonts. Using a fallback font instead.
If you are offline or behind a proxy, self-host the font with next/font/local, or set HTTP_PROXY/HTTPS_PROXY so Next.js can reach fonts.googleapis.com.

Import trace:
  Server Component:
    [next]/internal/font/google/poppins_f91be8b.module.css
    [next]/internal/font/google/poppins_f91be8b.js
    ./frontend/src/app/layout.tsx


 GET / 200 in 144ms (next.js: 10ms, application-code: 134ms)
 GET / 200 in 105ms (next.js: 4ms, application-code: 101ms)
⚠ [next]/internal/font/google/lora_24d51a03.module.css
Warning: Error while requesting resource
There was an issue establishing a connection while requesting https://fonts.googleapis.com/css2?family=Lora:ital,wght@1,500;1,600&display=swap

Import trace:
  Server Component:
    [next]/internal/font/google/lora_24d51a03.module.css
    [next]/internal/font/google/lora_24d51a03.js
    ./frontend/src/app/layout.tsx


⚠ [next]/internal/font/google/poppins_f91be8b.module.css
Warning: Error while requesting resource
There was an issue establishing a connection while requesting https://fonts.googleapis.com/css2?family=Poppins:wght@400;500;600;700;800&display=swap

Import trace:
  Server Component:
    [next]/internal/font/google/poppins_f91be8b.module.css
    [next]/internal/font/google/poppins_f91be8b.js
    ./frontend/src/app/layout.tsx


⚠ [next]/internal/font/google/lora_24d51a03.module.css
Warning: next/font: warning:
Failed to download Lora from Google Fonts. Using a fallback font instead.
If you are offline or behind a proxy, self-host the font with next/font/local, or set HTTP_PROXY/HTTPS_PROXY so Next.js can reach fonts.googleapis.com.

Import trace:
  Server Component:
    [next]/internal/font/google/lora_24d51a03.module.css
    [next]/internal/font/google/lora_24d51a03.js
    ./frontend/src/app/layout.tsx


⚠ [next]/internal/font/google/poppins_f91be8b.module.css
Warning: next/font: warning:
Failed to download Poppins from Google Fonts. Using a fallback font instead.
If you are offline or behind a proxy, self-host the font with next/font/local, or set HTTP_PROXY/HTTPS_PROXY so Next.js can reach fonts.googleapis.com.

Import trace:
  Server Component:
    [next]/internal/font/google/poppins_f91be8b.module.css
    [next]/internal/font/google/poppins_f91be8b.js
    ./frontend/src/app/layout.tsx


 GET /manifest.webmanifest 200 in 8ms (next.js: 4ms, application-code: 4ms)
⚠ [next]/internal/font/google/lora_24d51a03.module.css
Warning: Error while requesting resource
There was an issue establishing a connection while requesting https://fonts.googleapis.com/css2?family=Lora:ital,wght@1,500;1,600&display=swap

Import trace:
  Server Component:
    [next]/internal/font/google/lora_24d51a03.module.css
    [next]/internal/font/google/lora_24d51a03.js
    ./frontend/src/app/layout.tsx


⚠ [next]/internal/font/google/poppins_f91be8b.module.css
Warning: Error while requesting resource
There was an issue establishing a connection while requesting https://fonts.googleapis.com/css2?family=Poppins:wght@400;500;600;700;800&display=swap

Import trace:
  Server Component:
    [next]/internal/font/google/poppins_f91be8b.module.css
    [next]/internal/font/google/poppins_f91be8b.js
    ./frontend/src/app/layout.tsx


⚠ [next]/internal/font/google/lora_24d51a03.module.css
Warning: next/font: warning:
Failed to download Lora from Google Fonts. Using a fallback font instead.
If you are offline or behind a proxy, self-host the font with next/font/local, or set HTTP_PROXY/HTTPS_PROXY so Next.js can reach fonts.googleapis.com.

Import trace:
  Server Component:
    [next]/internal/font/google/lora_24d51a03.module.css
    [next]/internal/font/google/lora_24d51a03.js
    ./frontend/src/app/layout.tsx


⚠ [next]/internal/font/google/poppins_f91be8b.module.css
Warning: next/font: warning:
Failed to download Poppins from Google Fonts. Using a fallback font instead.
If you are offline or behind a proxy, self-host the font with next/font/local, or set HTTP_PROXY/HTTPS_PROXY so Next.js can reach fonts.googleapis.com.

Import trace:
  Server Component:
    [next]/internal/font/google/poppins_f91be8b.module.css
    [next]/internal/font/google/poppins_f91be8b.js
    ./frontend/src/app/layout.tsx


⚠ [next]/internal/font/google/lora_24d51a03.module.css
Warning: Error while requesting resource
There was an issue establishing a connection while requesting https://fonts.googleapis.com/css2?family=Lora:ital,wght@1,500;1,600&display=swap

Import trace:
  Server Component:
    [next]/internal/font/google/lora_24d51a03.module.css
    [next]/internal/font/google/lora_24d51a03.js
    ./frontend/src/app/layout.tsx


⚠ [next]/internal/font/google/poppins_f91be8b.module.css
Warning: Error while requesting resource
There was an issue establishing a connection while requesting https://fonts.googleapis.com/css2?family=Poppins:wght@400;500;600;700;800&display=swap

Import trace:
  Server Component:
    [next]/internal/font/google/poppins_f91be8b.module.css
    [next]/internal/font/google/poppins_f91be8b.js
    ./frontend/src/app/layout.tsx


⚠ [next]/internal/font/google/lora_24d51a03.module.css
Warning: next/font: warning:
Failed to download Lora from Google Fonts. Using a fallback font instead.
If you are offline or behind a proxy, self-host the font with next/font/local, or set HTTP_PROXY/HTTPS_PROXY so Next.js can reach fonts.googleapis.com.

Import trace:
  Server Component:
    [next]/internal/font/google/lora_24d51a03.module.css
    [next]/internal/font/google/lora_24d51a03.js
    ./frontend/src/app/layout.tsx


⚠ [next]/internal/font/google/poppins_f91be8b.module.css
Warning: next/font: warning:
Failed to download Poppins from Google Fonts. Using a fallback font instead.
If you are offline or behind a proxy, self-host the font with next/font/local, or set HTTP_PROXY/HTTPS_PROXY so Next.js can reach fonts.googleapis.com.

Import trace:
  Server Component:
    [next]/internal/font/google/poppins_f91be8b.module.css
    [next]/internal/font/google/poppins_f91be8b.js
    ./frontend/src/app/layout.tsx


⚠ Fast Refresh had to perform a full reload when ./frontend/src/i18n/en.ts changed. Read more: https://nextjs.org/docs/messages/fast-refresh-reload
✓ Compiled in 57ms
⚠ [next]/internal/font/google/lora_24d51a03.module.css
Warning: Error while requesting resource
There was an issue establishing a connection while requesting https://fonts.googleapis.com/css2?family=Lora:ital,wght@1,500;1,600&display=swap

Import trace:
  Server Component:
    [next]/internal/font/google/lora_24d51a03.module.css
    [next]/internal/font/google/lora_24d51a03.js
    ./frontend/src/app/layout.tsx


⚠ [next]/internal/font/google/poppins_f91be8b.module.css
Warning: Error while requesting resource
There was an issue establishing a connection while requesting https://fonts.googleapis.com/css2?family=Poppins:wght@400;500;600;700;800&display=swap

Import trace:
  Server Component:
    [next]/internal/font/google/poppins_f91be8b.module.css
    [next]/internal/font/google/poppins_f91be8b.js
    ./frontend/src/app/layout.tsx


⚠ [next]/internal/font/google/lora_24d51a03.module.css
Warning: next/font: warning:
Failed to download Lora from Google Fonts. Using a fallback font instead.
If you are offline or behind a proxy, self-host the font with next/font/local, or set HTTP_PROXY/HTTPS_PROXY so Next.js can reach fonts.googleapis.com.

Import trace:
  Server Component:
    [next]/internal/font/google/lora_24d51a03.module.css
    [next]/internal/font/google/lora_24d51a03.js
    ./frontend/src/app/layout.tsx


⚠ [next]/internal/font/google/poppins_f91be8b.module.css
Warning: next/font: warning:
Failed to download Poppins from Google Fonts. Using a fallback font instead.
If you are offline or behind a proxy, self-host the font with next/font/local, or set HTTP_PROXY/HTTPS_PROXY so Next.js can reach fonts.googleapis.com.

Import trace:
  Server Component:
    [next]/internal/font/google/poppins_f91be8b.module.css
    [next]/internal/font/google/poppins_f91be8b.js
    ./frontend/src/app/layout.tsx


 GET / 200 in 149ms (next.js: 12ms, application-code: 138ms)
 GET / 200 in 106ms (next.js: 4ms, application-code: 102ms)
⚠ [next]/internal/font/google/lora_24d51a03.module.css
Warning: Error while requesting resource
There was an issue establishing a connection while requesting https://fonts.googleapis.com/css2?family=Lora:ital,wght@1,500;1,600&display=swap

Import trace:
  Server Component:
    [next]/internal/font/google/lora_24d51a03.module.css
    [next]/internal/font/google/lora_24d51a03.js
    ./frontend/src/app/layout.tsx


⚠ [next]/internal/font/google/poppins_f91be8b.module.css
Warning: Error while requesting resource
There was an issue establishing a connection while requesting https://fonts.googleapis.com/css2?family=Poppins:wght@400;500;600;700;800&display=swap

Import trace:
  Server Component:
    [next]/internal/font/google/poppins_f91be8b.module.css
    [next]/internal/font/google/poppins_f91be8b.js
    ./frontend/src/app/layout.tsx


⚠ [next]/internal/font/google/lora_24d51a03.module.css
Warning: next/font: warning:
Failed to download Lora from Google Fonts. Using a fallback font instead.
If you are offline or behind a proxy, self-host the font with next/font/local, or set HTTP_PROXY/HTTPS_PROXY so Next.js can reach fonts.googleapis.com.

Import trace:
  Server Component:
    [next]/internal/font/google/lora_24d51a03.module.css
    [next]/internal/font/google/lora_24d51a03.js
    ./frontend/src/app/layout.tsx


⚠ [next]/internal/font/google/poppins_f91be8b.module.css
Warning: next/font: warning:
Failed to download Poppins from Google Fonts. Using a fallback font instead.
If you are offline or behind a proxy, self-host the font with next/font/local, or set HTTP_PROXY/HTTPS_PROXY so Next.js can reach fonts.googleapis.com.

Import trace:
  Server Component:
    [next]/internal/font/google/poppins_f91be8b.module.css
    [next]/internal/font/google/poppins_f91be8b.js
    ./frontend/src/app/layout.tsx


 GET /manifest.webmanifest 200 in 9ms (next.js: 4ms, application-code: 5ms)
⚠ [next]/internal/font/google/lora_24d51a03.module.css
Warning: Error while requesting resource
There was an issue establishing a connection while requesting https://fonts.googleapis.com/css2?family=Lora:ital,wght@1,500;1,600&display=swap

Import trace:
  Server Component:
    [next]/internal/font/google/lora_24d51a03.module.css
    [next]/internal/font/google/lora_24d51a03.js
    ./frontend/src/app/layout.tsx


⚠ [next]/internal/font/google/poppins_f91be8b.module.css
Warning: Error while requesting resource
There was an issue establishing a connection while requesting https://fonts.googleapis.com/css2?family=Poppins:wght@400;500;600;700;800&display=swap

Import trace:
  Server Component:
    [next]/internal/font/google/poppins_f91be8b.module.css
    [next]/internal/font/google/poppins_f91be8b.js
    ./frontend/src/app/layout.tsx


⚠ [next]/internal/font/google/lora_24d51a03.module.css
Warning: next/font: warning:
Failed to download Lora from Google Fonts. Using a fallback font instead.
If you are offline or behind a proxy, self-host the font with next/font/local, or set HTTP_PROXY/HTTPS_PROXY so Next.js can reach fonts.googleapis.com.

Import trace:
  Server Component:
    [next]/internal/font/google/lora_24d51a03.module.css
    [next]/internal/font/google/lora_24d51a03.js
    ./frontend/src/app/layout.tsx


⚠ [next]/internal/font/google/poppins_f91be8b.module.css
Warning: next/font: warning:
Failed to download Poppins from Google Fonts. Using a fallback font instead.
If you are offline or behind a proxy, self-host the font with next/font/local, or set HTTP_PROXY/HTTPS_PROXY so Next.js can reach fonts.googleapis.com.

Import trace:
  Server Component:
    [next]/internal/font/google/poppins_f91be8b.module.css
    [next]/internal/font/google/poppins_f91be8b.js
    ./frontend/src/app/layout.tsx


⚠ [next]/internal/font/google/lora_24d51a03.module.css
Warning: Error while requesting resource
There was an issue establishing a connection while requesting https://fonts.googleapis.com/css2?family=Lora:ital,wght@1,500;1,600&display=swap

Import trace:
  Server Component:
    [next]/internal/font/google/lora_24d51a03.module.css
    [next]/internal/font/google/lora_24d51a03.js
    ./frontend/src/app/layout.tsx


⚠ [next]/internal/font/google/poppins_f91be8b.module.css
Warning: Error while requesting resource
There was an issue establishing a connection while requesting https://fonts.googleapis.com/css2?family=Poppins:wght@400;500;600;700;800&display=swap

Import trace:
  Server Component:
    [next]/internal/font/google/poppins_f91be8b.module.css
    [next]/internal/font/google/poppins_f91be8b.js
    ./frontend/src/app/layout.tsx


⚠ [next]/internal/font/google/lora_24d51a03.module.css
Warning: next/font: warning:
Failed to download Lora from Google Fonts. Using a fallback font instead.
If you are offline or behind a proxy, self-host the font with next/font/local, or set HTTP_PROXY/HTTPS_PROXY so Next.js can reach fonts.googleapis.com.

Import trace:
  Server Component:
    [next]/internal/font/google/lora_24d51a03.module.css
    [next]/internal/font/google/lora_24d51a03.js
    ./frontend/src/app/layout.tsx


⚠ [next]/internal/font/google/poppins_f91be8b.module.css
Warning: next/font: warning:
Failed to download Poppins from Google Fonts. Using a fallback font instead.
If you are offline or behind a proxy, self-host the font with next/font/local, or set HTTP_PROXY/HTTPS_PROXY so Next.js can reach fonts.googleapis.com.

Import trace:
  Server Component:
    [next]/internal/font/google/poppins_f91be8b.module.css
    [next]/internal/font/google/poppins_f91be8b.js
    ./frontend/src/app/layout.tsx


⚠ Fast Refresh had to perform a full reload when ./frontend/src/i18n/en.ts changed. Read more: https://nextjs.org/docs/messages/fast-refresh-reload
✓ Compiled in 48ms
⚠ [next]/internal/font/google/lora_24d51a03.module.css
Warning: Error while requesting resource
There was an issue establishing a connection while requesting https://fonts.googleapis.com/css2?family=Lora:ital,wght@1,500;1,600&display=swap

Import trace:
  Server Component:
    [next]/internal/font/google/lora_24d51a03.module.css
    [next]/internal/font/google/lora_24d51a03.js
    ./frontend/src/app/layout.tsx


⚠ [next]/internal/font/google/poppins_f91be8b.module.css
Warning: Error while requesting resource
There was an issue establishing a connection while requesting https://fonts.googleapis.com/css2?family=Poppins:wght@400;500;600;700;800&display=swap

Import trace:
  Server Component:
    [next]/internal/font/google/poppins_f91be8b.module.css
    [next]/internal/font/google/poppins_f91be8b.js
    ./frontend/src/app/layout.tsx


⚠ [next]/internal/font/google/lora_24d51a03.module.css
Warning: next/font: warning:
Failed to download Lora from Google Fonts. Using a fallback font instead.
If you are offline or behind a proxy, self-host the font with next/font/local, or set HTTP_PROXY/HTTPS_PROXY so Next.js can reach fonts.googleapis.com.

Import trace:
  Server Component:
    [next]/internal/font/google/lora_24d51a03.module.css
    [next]/internal/font/google/lora_24d51a03.js
    ./frontend/src/app/layout.tsx


⚠ [next]/internal/font/google/poppins_f91be8b.module.css
Warning: next/font: warning:
Failed to download Poppins from Google Fonts. Using a fallback font instead.
If you are offline or behind a proxy, self-host the font with next/font/local, or set HTTP_PROXY/HTTPS_PROXY so Next.js can reach fonts.googleapis.com.

Import trace:
  Server Component:
    [next]/internal/font/google/poppins_f91be8b.module.css
    [next]/internal/font/google/poppins_f91be8b.js
    ./frontend/src/app/layout.tsx


 GET / 200 in 143ms (next.js: 12ms, application-code: 131ms)
 GET / 200 in 105ms (next.js: 4ms, application-code: 102ms)
⚠ [next]/internal/font/google/lora_24d51a03.module.css
Warning: Error while requesting resource
There was an issue establishing a connection while requesting https://fonts.googleapis.com/css2?family=Lora:ital,wght@1,500;1,600&display=swap

Import trace:
  Server Component:
    [next]/internal/font/google/lora_24d51a03.module.css
    [next]/internal/font/google/lora_24d51a03.js
    ./frontend/src/app/layout.tsx


⚠ [next]/internal/font/google/poppins_f91be8b.module.css
Warning: Error while requesting resource
There was an issue establishing a connection while requesting https://fonts.googleapis.com/css2?family=Poppins:wght@400;500;600;700;800&display=swap

Import trace:
  Server Component:
    [next]/internal/font/google/poppins_f91be8b.module.css
    [next]/internal/font/google/poppins_f91be8b.js
    ./frontend/src/app/layout.tsx


⚠ [next]/internal/font/google/lora_24d51a03.module.css
Warning: next/font: warning:
Failed to download Lora from Google Fonts. Using a fallback font instead.
If you are offline or behind a proxy, self-host the font with next/font/local, or set HTTP_PROXY/HTTPS_PROXY so Next.js can reach fonts.googleapis.com.

Import trace:
  Server Component:
    [next]/internal/font/google/lora_24d51a03.module.css
    [next]/internal/font/google/lora_24d51a03.js
    ./frontend/src/app/layout.tsx


⚠ [next]/internal/font/google/poppins_f91be8b.module.css
Warning: next/font: warning:
Failed to download Poppins from Google Fonts. Using a fallback font instead.
If you are offline or behind a proxy, self-host the font with next/font/local, or set HTTP_PROXY/HTTPS_PROXY so Next.js can reach fonts.googleapis.com.

Import trace:
  Server Component:
    [next]/internal/font/google/poppins_f91be8b.module.css
    [next]/internal/font/google/poppins_f91be8b.js
    ./frontend/src/app/layout.tsx


 GET /manifest.webmanifest 200 in 8ms (next.js: 4ms, application-code: 3ms)
⚠ [next]/internal/font/google/lora_24d51a03.module.css
Warning: Error while requesting resource
There was an issue establishing a connection while requesting https://fonts.googleapis.com/css2?family=Lora:ital,wght@1,500;1,600&display=swap

Import trace:
  Server Component:
    [next]/internal/font/google/lora_24d51a03.module.css
    [next]/internal/font/google/lora_24d51a03.js
    ./frontend/src/app/layout.tsx


⚠ [next]/internal/font/google/poppins_f91be8b.module.css
Warning: Error while requesting resource
There was an issue establishing a connection while requesting https://fonts.googleapis.com/css2?family=Poppins:wght@400;500;600;700;800&display=swap

Import trace:
  Server Component:
    [next]/internal/font/google/poppins_f91be8b.module.css
    [next]/internal/font/google/poppins_f91be8b.js
    ./frontend/src/app/layout.tsx


⚠ [next]/internal/font/google/lora_24d51a03.module.css
Warning: next/font: warning:
Failed to download Lora from Google Fonts. Using a fallback font instead.
If you are offline or behind a proxy, self-host the font with next/font/local, or set HTTP_PROXY/HTTPS_PROXY so Next.js can reach fonts.googleapis.com.

Import trace:
  Server Component:
    [next]/internal/font/google/lora_24d51a03.module.css
    [next]/internal/font/google/lora_24d51a03.js
    ./frontend/src/app/layout.tsx


⚠ [next]/internal/font/google/poppins_f91be8b.module.css
Warning: next/font: warning:
Failed to download Poppins from Google Fonts. Using a fallback font instead.
If you are offline or behind a proxy, self-host the font with next/font/local, or set HTTP_PROXY/HTTPS_PROXY so Next.js can reach fonts.googleapis.com.

Import trace:
  Server Component:
    [next]/internal/font/google/poppins_f91be8b.module.css
    [next]/internal/font/google/poppins_f91be8b.js
    ./frontend/src/app/layout.tsx


[browser] A tree hydrated but some attributes of the server rendered HTML didn't match the client properties. This won't be patched up. This can happen if a SSR-ed Client Component used:

- A server/client branch `if (typeof window !== 'undefined')`.
- Variable input such as `Date.now()` or `Math.random()` which changes each time it's called.
- Date formatting in a user's locale which doesn't match the server.
- External changing data without sending a snapshot of it along with the HTML.
- Invalid HTML tag nesting.

It can also happen if the client has a browser extension installed which messes with the HTML before React loaded.

https://react.dev/link/hydration-mismatch

  ...
    <HotReload globalError={[...]} webSocket={WebSocket} staticIndicatorState={{pathname:null, ...}}>
      <AppDevOverlayErrorBoundary globalError={[...]}>
        <ReplaySsrOnlyErrors>
        <DevRootHTTPAccessFallbackBoundary>
          <HTTPAccessFallbackBoundary notFound={<NotAllowedRootHTTPFallbackError>}>
            <HTTPAccessFallbackErrorBoundary pathname="/" notFound={<NotAllowedRootHTTPFallbackError>} ...>
              <RedirectBoundary>
                <RedirectErrorBoundary router={{...}}>
                  <Head headCacheNode={{rsc:{...}, ...}}>
                    <__next_viewport_boundary__>
                    <MetadataWrapper>
                      <div
                        hidden={true}
-                       bis_skin_checked="1"
                      >
                  <__next_root_layout_boundary__>
                    <SegmentViewNode type="layout" pagePath="layout.tsx">
                      <SegmentTrieNode>
                      <link>
                      <script>
                      <script>
                      <RootLayout>
                        <html lang="en" className="poppins_f9..." suppressHydrationWarning={true}>
                          <head>
                          <body
                            className="min-h-full flex flex-col antialiased"
-                           bis_register="W3sibWFzdGVyIjp0cnVlLCJleHRlbnNpb25JZCI6ImVwcGlvY2VtaG1ubGJoanBsY2drb2ZjaWll..."
                          >
                            ...
                              <ClientPageRoot Component={function Home} serverProvidedParams={{...}}>
                                <Home params={Promise} searchParams={Promise}>
                                  <Header activeDownloaderTab={null} ...>
                                    <header className="fixed top-...">
                                      <div
                                        className="site-header-inner mx-auto grid h-[72px] max-w-[1200px] grid-cols-3 ..."
-                                       bis_skin_checked="1"
                                      >
                                        <LinkComponent>
                                        <div
                                          className="hidden xl:flex items-center justify-center gap-1 justify-self-center"
-                                         bis_skin_checked="1"
                                        >
                                          <ToolCategoryDropdown>
                                            <div
                                              ref={{current:null}}
                                              className="relative hidden xl:flex items-center"
-                                             bis_skin_checked="1"
                                            >
                                          ...
                                        <div
                                          className="site-controls flex min-w-0 items-center gap-3 sm:gap-5 justify-se..."
-                                         bis_skin_checked="1"
                                        >
                                          <div
                                            className="relative"
                                            ref={{current:null}}
-                                           bis_skin_checked="1"
                                          >
                                          <LinkComponent>
                                          <button type="button" onClick={function toggleTheme} className="theme-toggle" ...>
                                            <div
                                              className="theme-toggle__thumb"
-                                             bis_skin_checked="1"
                                            >
                                            ...
                                          ...
                                    <div
                                      className="mobile-drawer fixed inset-y-0 right-0 z-50 flex h-full w-[min(82vw,38..."
                                      role="dialog"
                                      aria-modal="true"
                                      aria-hidden={true}
                                      aria-label="Mobile navigation"
-                                     bis_skin_checked="1"
                                    >
                                      <div
                                        className="mobile-drawer-header flex h-[68px] shrink-0 items-center justify-be..."
-                                       bis_skin_checked="1"
                                      >
                                        <div
-                                         bis_skin_checked="1"
                                        >
                                        ...
                                      <nav className="mobile-dra..." aria-label="Mobile nav...">
                                        <LinkComponent>
                                        <LinkComponent>
                                        <LinkComponent>
                                        <LinkComponent>
                                        <LinkComponent>
                                        <LinkComponent>
                                        <LinkComponent>
                                        <div
                                          className="my-2 border-t border-border-light"
-                                         bis_skin_checked="1"
                                        >
                                        ...
                                      <div
                                        className="mobile-drawer-cta shrink-0 border-t border-border p-4 pb-[calc(1rem..."
-                                       bis_skin_checked="1"
                                      >
                                  <main className="flex-1">
                                    <HeroDownloader activeTab={null} onActiveTabChange={function bound dispatchSetState}>
                                      <section id="hero" className="hero-secti...">
                                        <div
                                          className="absolute inset-0 -z-10"
                                          aria-hidden="true"
-                                         bis_skin_checked="1"
                                        >
                                          <div
                                            className="absolute left-1/2 top-0 h-[420px] w-full max-w-[1000px] -transl..."
-                                           bis_skin_checked="1"
                                          >
                                        <div
                                          className="mx-auto w-full max-w-[1200px] min-w-0 px-3 sm:px-6 lg:px-12"
-                                         bis_skin_checked="1"
                                        >
                                          <div
                                            className="mx-auto w-full min-w-0 max-w-[680px] text-center"
-                                           bis_skin_checked="1"
                                          >
                                            <div
                                              className="animate-fade-in-up mb-4 inline-flex max-w-full items-center g..."
                                              style={{background:"var(--card)",boxShadow:"var(--shad...",border:"1px solid ..."}}
-                                             bis_skin_checked="1"
                                            >
                                            ...
                                          <div
                                            className="animate-fade-in-up delay-300 mx-auto mt-6 w-full min-w-0 max-w-..."
-                                           bis_skin_checked="1"
                                          >
                                            <div
                                              ref={{current:null}}
                                              role="tablist"
                                              aria-label="Content types"
                                              className="tabs-scroll flex items-center gap-1 overflow-x-auto rounded-f..."
                                              style={{background:"var(--card)",boxShadow:"var(--shad...",border:"1px solid ..."}}
-                                             bis_skin_checked="1"
                                            >
                                          <div
                                            className="animate-fade-in-up delay-300 mx-auto mt-4 w-full min-w-0 max-w-..."
-                                           bis_skin_checked="1"
                                          >
                                            <form onSubmit={function HeroDownloader.useCallback[handleSubmit]} ...>
                                              <div
                                                className="url-card rounded-[20px] p-2.5 transition-shadow"
                                                style={{background:"var(--card)",boxShadow:"var(--shad...",border:"1px solid ..."}}
-                                               bis_skin_checked="1"
                                              >
                                                <div
                                                  className="hidden sm:flex sm:flex-row sm:gap-2"
-                                                 bis_skin_checked="1"
                                                >
                                                  <div
                                                    className="relative min-w-0 flex-1"
-                                                   bis_skin_checked="1"
                                                  >
                                                  ...
                                                <div
                                                  className="flex flex-col gap-2 sm:hidden"
-                                                 bis_skin_checked="1"
                                                >
                                                  <div
                                                    className="relative"
-                                                   bis_skin_checked="1"
                                                  >
                                                  <div
                                                    className="url-actions flex min-w-0 flex-col gap-2"
-                                                   bis_skin_checked="1"
                                                  >
                                            <div
                                              className="mt-3 flex flex-wrap items-center justify-center gap-x-4 gap-y..."
-                                             bis_skin_checked="1"
                                            >
                                          <div
                                            ref={{current:null}}
                                            aria-live="polite"
                                            aria-atomic="true"
                                            className="scroll-mt-20"
-                                           bis_skin_checked="1"
                                          >
                                    <ScrollReveal>
                                      <div
                                        ref={{current:null}}
                                        className="fade-section"
                                        style={undefined}
-                                       bis_skin_checked="1"
                                      >
                                        <section className="mx-auto ma...">
                                          <div
                                            className="grid grid-cols-1 gap-4 sm:grid-cols-2 lg:grid-cols-4"
-                                           bis_skin_checked="1"
                                          >
                                            <div
                                              className="flex items-center gap-3.5 rounded-2xl p-[18px] shadow-[var(--..."
                                              style={{background:"var(--card)",border:"1px solid ..."}}
-                                             bis_skin_checked="1"
                                            >
                                              <div
                                                className="flex h-10 w-10 shrink-0 items-center justify-center rounded..."
                                                style={{background:"var(--acce...",border:"1px solid ..."}}
-                                               bis_skin_checked="1"
                                              >
                                              <div
-                                               bis_skin_checked="1"
                                              >
                                            <div
                                              className="flex items-center gap-3.5 rounded-2xl p-[18px] shadow-[var(--..."
                                              style={{background:"var(--card)",border:"1px solid ..."}}
-                                             bis_skin_checked="1"
                                            >
                                              <div
                                                className="flex h-10 w-10 shrink-0 items-center justify-center rounded..."
                                                style={{background:"var(--acce...",border:"1px solid ..."}}
-                                               bis_skin_checked="1"
                                              >
                                              <div
-                                               bis_skin_checked="1"
                                              >
                                            <div
                                              className="flex items-center gap-3.5 rounded-2xl p-[18px] shadow-[var(--..."
                                              style={{background:"var(--card)",border:"1px solid ..."}}
-                                             bis_skin_checked="1"
                                            >
                                              <div
                                                className="flex h-10 w-10 shrink-0 items-center justify-center rounded..."
                                                style={{background:"var(--acce...",border:"1px solid ..."}}
-                                               bis_skin_checked="1"
                                              >
                                              <div
-                                               bis_skin_checked="1"
                                              >
                                            <div
                                              className="flex items-center gap-3.5 rounded-2xl p-[18px] shadow-[var(--..."
                                              style={{background:"var(--card)",border:"1px solid ..."}}
-                                             bis_skin_checked="1"
                                            >
                                              <div
                                                className="flex h-10 w-10 shrink-0 items-center justify-center rounded..."
                                                style={{background:"var(--acce...",border:"1px solid ..."}}
-                                               bis_skin_checked="1"
                                              >
                                              <div
-                                               bis_skin_checked="1"
                                              >
                                    <ScrollReveal>
                                      <div
                                        ref={{current:null}}
                                        className="fade-section"
                                        style={undefined}
-                                       bis_skin_checked="1"
                                      >
                                        <Features>
                                          <section id="features" className="px-5 py-20..." aria-label="Features">
                                            <div
                                              className="mx-auto max-w-[1200px]"
-                                             bis_skin_checked="1"
                                            >
                                              <div
                                                className="mb-14 text-center"
-                                               bis_skin_checked="1"
                                              >
                                              <div
                                                className="grid grid-cols-1 gap-5 sm:grid-cols-2 lg:grid-cols-3 max-w-..."
-                                               bis_skin_checked="1"
                                              >
                                                <div
                                                  className="group rounded-[20px] bg-card p-7 shadow-[var(--shadow-car..."
                                                  style={{border:"1px solid ..."}}
-                                                 bis_skin_checked="1"
                                                >
                                                  <div
                                                    className="mb-5 flex h-10 w-10 items-center justify-center rounded-xl"
                                                    style={{background:"var(--acce...",border:"1px solid ..."}}
-                                                   bis_skin_checked="1"
                                                  >
                                                  ...
                                                <div
                                                  className="group rounded-[20px] bg-card p-7 shadow-[var(--shadow-car..."
                                                  style={{border:"1px solid ..."}}
-                                                 bis_skin_checked="1"
                                                >
                                                  <div
                                                    className="mb-5 flex h-10 w-10 items-center justify-center rounded-xl"
                                                    style={{background:"var(--acce...",border:"1px solid ..."}}
-                                                   bis_skin_checked="1"
                                                  >
                                                  ...
                                                <div
                                                  className="group rounded-[20px] bg-card p-7 shadow-[var(--shadow-car..."
                                                  style={{border:"1px solid ..."}}
-                                                 bis_skin_checked="1"
                                                >
                                                  <div
                                                    className="mb-5 flex h-10 w-10 items-center justify-center rounded-xl"
                                                    style={{background:"var(--acce...",border:"1px solid ..."}}
-                                                   bis_skin_checked="1"
                                                  >
                                                  ...
                                                <div
                                                  className="group rounded-[20px] bg-card p-7 shadow-[var(--shadow-car..."
                                                  style={{border:"1px solid ..."}}
-                                                 bis_skin_checked="1"
                                                >
                                                  <div
                                                    className="mb-5 flex h-10 w-10 items-center justify-center rounded-xl"
                                                    style={{background:"var(--acce...",border:"1px solid ..."}}
-                                                   bis_skin_checked="1"
                                                  >
                                                  ...
                                                <div
                                                  className="group rounded-[20px] bg-card p-7 shadow-[var(--shadow-car..."
                                                  style={{border:"1px solid ..."}}
-                                                 bis_skin_checked="1"
                                                >
                                                  <div
                                                    className="mb-5 flex h-10 w-10 items-center justify-center rounded-xl"
                                                    style={{background:"var(--acce...",border:"1px solid ..."}}
-                                                   bis_skin_checked="1"
                                                  >
                                                  ...
                                                <div
                                                  className="group rounded-[20px] bg-card p-7 shadow-[var(--shadow-car..."
                                                  style={{border:"1px solid ..."}}
-                                                 bis_skin_checked="1"
                                                >
                                                  <div
                                                    className="mb-5 flex h-10 w-10 items-center justify-center rounded-xl"
                                                    style={{background:"var(--acce...",border:"1px solid ..."}}
-                                                   bis_skin_checked="1"
                                                  >
                                                  ...
                                    <ScrollReveal>
                                      <div
                                        ref={{current:null}}
                                        className="fade-section"
                                        style={undefined}
-                                       bis_skin_checked="1"
                                      >
                                        <HowItWorks>
                                          <section id="how-it-works" className="px-5 py-20..." aria-label="How It Works">
                                            <div
                                              className="mx-auto max-w-[1200px]"
-                                             bis_skin_checked="1"
                                            >
                                              <div
                                                className="mb-14 text-center"
-                                               bis_skin_checked="1"
                                              >
                                              <div
                                                className="relative flex flex-col items-start justify-center sm:flex-r..."
-                                               bis_skin_checked="1"
                                              >
                                                <div
                                                  className="flex items-center sm:flex-1"
-                                                 bis_skin_checked="1"
                                                >
                                                  <div
                                                    className="flex flex-1 flex-col items-center text-center px-4"
-                                                   bis_skin_checked="1"
                                                  >
                                                    <p>
                                                    <div
                                                      className="mb-5 flex h-[70px] w-[70px] items-center justify-cent..."
                                                      style={{background:"var(--bran...",boxShadow:"var(--shad..."}}
-                                                     bis_skin_checked="1"
                                                    >
                                                    ...
                                                  <div
                                                    className="hidden sm:block h-px flex-shrink-0 mt-[22px]"
                                                    style={{width:120,background:"linear-gra..."}}
-                                                   bis_skin_checked="1"
                                                  >
                                                <div
                                                  className="flex items-center sm:flex-1"
-                                                 bis_skin_checked="1"
                                                >
                                                  <div
                                                    className="flex flex-1 flex-col items-center text-center px-4"
-                                                   bis_skin_checked="1"
                                                  >
                                                    <p>
                                                    <div
                                                      className="mb-5 flex h-[70px] w-[70px] items-center justify-cent..."
                                                      style={{background:"var(--bran...",boxShadow:"var(--shad..."}}
-                                                     bis_skin_checked="1"
                                                    >
                                                    ...
                                                  <div
                                                    className="hidden sm:block h-px flex-shrink-0 mt-[22px]"
                                                    style={{width:120,background:"linear-gra..."}}
-                                                   bis_skin_checked="1"
                                                  >
                                                <div
                                                  className="flex items-center sm:flex-1"
-                                                 bis_skin_checked="1"
                                                >
                                                  <div
                                                    className="flex flex-1 flex-col items-center text-center px-4"
-                                                   bis_skin_checked="1"
                                                  >
                                                    <p>
                                                    <div
                                                      className="mb-5 flex h-[70px] w-[70px] items-center justify-cent..."
                                                      style={{background:"var(--bran...",boxShadow:"var(--shad..."}}
-                                                     bis_skin_checked="1"
                                                    >
                                                    ...
                                    <ScrollReveal>
                                      <div
                                        ref={{current:null}}
                                        className="fade-section"
                                        style={undefined}
-                                       bis_skin_checked="1"
                                      >
                                        <section className="mx-auto ma..." aria-labelledby="about-down...">
                                          <div
                                            className="rounded-[24px] p-6 sm:p-8"
                                            style={{background:"var(--card)",border:"1px solid ...",boxShadow:"var(--shad..."}}
-                                           bis_skin_checked="1"
                                          >
                                            <h2>
                                            <p>
                                            <div
                                              className="mt-6 grid gap-6"
-                                             bis_skin_checked="1"
                                            >
                                              <div
-                                               bis_skin_checked="1"
                                              >
                                              <div
-                                               bis_skin_checked="1"
                                              >
                                              <div
-                                               bis_skin_checked="1"
                                              >
                                              <div
-                                               bis_skin_checked="1"
                                              >
                                    <ScrollReveal>
                                      <div
                                        ref={{current:null}}
                                        className="fade-section"
                                        style={undefined}
-                                       bis_skin_checked="1"
                                      >
                                        <FAQ>
                                          <script>
                                          <section id="faq" className="px-4 py-20..." aria-label="Common que...">
                                            <div
                                              className="mx-auto max-w-[720px]"
-                                             bis_skin_checked="1"
                                            >
                                              <div
                                                className="mb-14 text-center"
-                                               bis_skin_checked="1"
                                              >
                                              <div
                                                className="flex flex-col gap-3"
-                                               bis_skin_checked="1"
                                              >
                                                <div
                                                  className="rounded-2xl transition-all duration-200"
                                                  style={{background:"var(--acce...",border:"1px solid ...",boxShadow:"none"}}
-                                                 bis_skin_checked="1"
                                                >
                                                  <button>
                                                  <div
                                                    id="faq-answer-0"
                                                    role="region"
                                                    className="overflow-hidden transition-all duration-300"
                                                    style={{maxHeight:200,opacity:1,padding:"0 24px 20px"}}
-                                                   bis_skin_checked="1"
                                                  >
                                                <div
                                                  className="rounded-2xl transition-all duration-200"
                                                  style={{background:"var(--card)",border:"1px solid ...",boxShadow:"var(--shad..."}}
-                                                 bis_skin_checked="1"
                                                >
                                                  <button>
                                                  <div
                                                    id="faq-answer-1"
                                                    role="region"
                                                    className="overflow-hidden transition-all duration-300"
                                                    style={{maxHeight:0,opacity:0,padding:"0 24px"}}
-                                                   bis_skin_checked="1"
                                                  >
                                                <div
                                                  className="rounded-2xl transition-all duration-200"
                                                  style={{background:"var(--card)",border:"1px solid ...",boxShadow:"var(--shad..."}}
-                                                 bis_skin_checked="1"
                                                >
                                                  <button>
                                                  <div
                                                    id="faq-answer-2"
                                                    role="region"
                                                    className="overflow-hidden transition-all duration-300"
                                                    style={{maxHeight:0,opacity:0,padding:"0 24px"}}
-                                                   bis_skin_checked="1"
                                                  >
                                                <div
                                                  className="rounded-2xl transition-all duration-200"
                                                  style={{background:"var(--card)",border:"1px solid ...",boxShadow:"var(--shad..."}}
-                                                 bis_skin_checked="1"
                                                >
                                                  <button>
                                                  <div
                                                    id="faq-answer-3"
                                                    role="region"
                                                    className="overflow-hidden transition-all duration-300"
                                                    style={{maxHeight:0,opacity:0,padding:"0 24px"}}
-                                                   bis_skin_checked="1"
                                                  >
                                                <div
                                                  className="rounded-2xl transition-all duration-200"
                                                  style={{background:"var(--card)",border:"1px solid ...",boxShadow:"var(--shad..."}}
-                                                 bis_skin_checked="1"
                                                >
                                                  <button>
                                                  <div
                                                    id="faq-answer-4"
                                                    role="region"
                                                    className="overflow-hidden transition-all duration-300"
                                                    style={{maxHeight:0,opacity:0,padding:"0 24px"}}
-                                                   bis_skin_checked="1"
                                                  >
                                                <div
                                                  className="rounded-2xl transition-all duration-200"
                                                  style={{background:"var(--card)",border:"1px solid ...",boxShadow:"var(--shad..."}}
-                                                 bis_skin_checked="1"
                                                >
                                                  <button>
                                                  <div
                                                    id="faq-answer-5"
                                                    role="region"
                                                    className="overflow-hidden transition-all duration-300"
                                                    style={{maxHeight:0,opacity:0,padding:"0 24px"}}
-                                                   bis_skin_checked="1"
                                                  >
                                                <div
                                                  className="rounded-2xl transition-all duration-200"
                                                  style={{background:"var(--card)",border:"1px solid ...",boxShadow:"var(--shad..."}}
-                                                 bis_skin_checked="1"
                                                >
                                                  <button>
                                                  <div
                                                    id="faq-answer-6"
                                                    role="region"
                                                    className="overflow-hidden transition-all duration-300"
                                                    style={{maxHeight:0,opacity:0,padding:"0 24px"}}
-                                                   bis_skin_checked="1"
                                                  >
                                                <div
                                                  className="rounded-2xl transition-all duration-200"
                                                  style={{background:"var(--card)",border:"1px solid ...",boxShadow:"var(--shad..."}}
-                                                 bis_skin_checked="1"
                                                >
                                                  <button>
                                                  <div
                                                    id="faq-answer-7"
                                                    role="region"
                                                    className="overflow-hidden transition-all duration-300"
                                                    style={{maxHeight:0,opacity:0,padding:"0 24px"}}
-                                                   bis_skin_checked="1"
                                                  >
                                  <Footer>
                                    <footer className="mt-20 bord...">
                                      <div
                                        className="mx-auto max-w-[1200px]"
-                                       bis_skin_checked="1"
                                      >
                                        <div
                                          className="grid grid-cols-1 gap-10 sm:grid-cols-2 lg:grid-cols-[1.5fr_1fr_1f..."
-                                         bis_skin_checked="1"
                                        >
                                          <div
-                                           bis_skin_checked="1"
                                          >
                                            <LinkComponent>
                                            <p>
                                            <p>
                                            <div
                                              className="mt-5"
-                                             bis_skin_checked="1"
                                            >
                                          ...
                                        <p>
                                        <div
                                          className="mt-4 flex flex-col gap-2 border-t border-border pt-6 sm:flex-row ..."
-                                         bis_skin_checked="1"
                                        >
                  ...
 
⚠ [next]/internal/font/google/lora_24d51a03.module.css
Warning: Error while requesting resource
There was an issue establishing a connection while requesting https://fonts.googleapis.com/css2?family=Lora:ital,wght@1,500;1,600&display=swap

Import trace:
  Server Component:
    [next]/internal/font/google/lora_24d51a03.module.css
    [next]/internal/font/google/lora_24d51a03.js
    ./frontend/src/app/layout.tsx


⚠ [next]/internal/font/google/poppins_f91be8b.module.css
Warning: Error while requesting resource
There was an issue establishing a connection while requesting https://fonts.googleapis.com/css2?family=Poppins:wght@400;500;600;700;800&display=swap

Import trace:
  Server Component:
    [next]/internal/font/google/poppins_f91be8b.module.css
    [next]/internal/font/google/poppins_f91be8b.js
    ./frontend/src/app/layout.tsx


⚠ [next]/internal/font/google/lora_24d51a03.module.css
Warning: next/font: warning:
Failed to download Lora from Google Fonts. Using a fallback font instead.
If you are offline or behind a proxy, self-host the font with next/font/local, or set HTTP_PROXY/HTTPS_PROXY so Next.js can reach fonts.googleapis.com.

Import trace:
  Server Component:
    [next]/internal/font/google/lora_24d51a03.module.css
    [next]/internal/font/google/lora_24d51a03.js
    ./frontend/src/app/layout.tsx


⚠ [next]/internal/font/google/poppins_f91be8b.module.css
Warning: next/font: warning:
Failed to download Poppins from Google Fonts. Using a fallback font instead.
If you are offline or behind a proxy, self-host the font with next/font/local, or set HTTP_PROXY/HTTPS_PROXY so Next.js can reach fonts.googleapis.com.

Import trace:
  Server Component:
    [next]/internal/font/google/poppins_f91be8b.module.css
    [next]/internal/font/google/poppins_f91be8b.js
    ./frontend/src/app/layout.tsx


 GET / 200 in 41ms (next.js: 11ms, application-code: 30ms)
✓ Compiled in 58ms
⚠ [next]/internal/font/google/lora_24d51a03.module.css
Warning: Error while requesting resource
There was an issue establishing a connection while requesting https://fonts.googleapis.com/css2?family=Lora:ital,wght@1,500;1,600&display=swap

Import trace:
  Server Component:
    [next]/internal/font/google/lora_24d51a03.module.css
    [next]/internal/font/google/lora_24d51a03.js
    ./frontend/src/app/layout.tsx


⚠ [next]/internal/font/google/poppins_f91be8b.module.css
Warning: Error while requesting resource
There was an issue establishing a connection while requesting https://fonts.googleapis.com/css2?family=Poppins:wght@400;500;600;700;800&display=swap

Import trace:
  Server Component:
    [next]/internal/font/google/poppins_f91be8b.module.css
    [next]/internal/font/google/poppins_f91be8b.js
    ./frontend/src/app/layout.tsx


⚠ [next]/internal/font/google/lora_24d51a03.module.css
Warning: next/font: warning:
Failed to download Lora from Google Fonts. Using a fallback font instead.
If you are offline or behind a proxy, self-host the font with next/font/local, or set HTTP_PROXY/HTTPS_PROXY so Next.js can reach fonts.googleapis.com.

Import trace:
  Server Component:
    [next]/internal/font/google/lora_24d51a03.module.css
    [next]/internal/font/google/lora_24d51a03.js
    ./frontend/src/app/layout.tsx


⚠ [next]/internal/font/google/poppins_f91be8b.module.css
Warning: next/font: warning:
Failed to download Poppins from Google Fonts. Using a fallback font instead.
If you are offline or behind a proxy, self-host the font with next/font/local, or set HTTP_PROXY/HTTPS_PROXY so Next.js can reach fonts.googleapis.com.

Import trace:
  Server Component:
    [next]/internal/font/google/poppins_f91be8b.module.css
    [next]/internal/font/google/poppins_f91be8b.js
    ./frontend/src/app/layout.tsx


 GET /manifest.webmanifest 200 in 7ms (next.js: 3ms, application-code: 4ms)
⚠ Fast Refresh had to perform a full reload when ./frontend/src/i18n/as.ts changed. Read more: https://nextjs.org/docs/messages/fast-refresh-reload
⚠ [next]/internal/font/google/lora_24d51a03.module.css
Warning: Error while requesting resource
There was an issue establishing a connection while requesting https://fonts.googleapis.com/css2?family=Lora:ital,wght@1,500;1,600&display=swap

Import trace:
  Server Component:
    [next]/internal/font/google/lora_24d51a03.module.css
    [next]/internal/font/google/lora_24d51a03.js
    ./frontend/src/app/layout.tsx


⚠ [next]/internal/font/google/poppins_f91be8b.module.css
Warning: Error while requesting resource
There was an issue establishing a connection while requesting https://fonts.googleapis.com/css2?family=Poppins:wght@400;500;600;700;800&display=swap

Import trace:
  Server Component:
    [next]/internal/font/google/poppins_f91be8b.module.css
    [next]/internal/font/google/poppins_f91be8b.js
    ./frontend/src/app/layout.tsx


⚠ [next]/internal/font/google/lora_24d51a03.module.css
Warning: next/font: warning:
Failed to download Lora from Google Fonts. Using a fallback font instead.
If you are offline or behind a proxy, self-host the font with next/font/local, or set HTTP_PROXY/HTTPS_PROXY so Next.js can reach fonts.googleapis.com.

Import trace:
  Server Component:
    [next]/internal/font/google/lora_24d51a03.module.css
    [next]/internal/font/google/lora_24d51a03.js
    ./frontend/src/app/layout.tsx


⚠ [next]/internal/font/google/poppins_f91be8b.module.css
Warning: next/font: warning:
Failed to download Poppins from Google Fonts. Using a fallback font instead.
If you are offline or behind a proxy, self-host the font with next/font/local, or set HTTP_PROXY/HTTPS_PROXY so Next.js can reach fonts.googleapis.com.

Import trace:
  Server Component:
    [next]/internal/font/google/poppins_f91be8b.module.css
    [next]/internal/font/google/poppins_f91be8b.js
    ./frontend/src/app/layout.tsx


✓ Compiled in 45ms
⚠ [next]/internal/font/google/lora_24d51a03.module.css
Warning: Error while requesting resource
There was an issue establishing a connection while requesting https://fonts.googleapis.com/css2?family=Lora:ital,wght@1,500;1,600&display=swap

Import trace:
  Server Component:
    [next]/internal/font/google/lora_24d51a03.module.css
    [next]/internal/font/google/lora_24d51a03.js
    ./frontend/src/app/layout.tsx


⚠ [next]/internal/font/google/poppins_f91be8b.module.css
Warning: Error while requesting resource
There was an issue establishing a connection while requesting https://fonts.googleapis.com/css2?family=Poppins:wght@400;500;600;700;800&display=swap

Import trace:
  Server Component:
    [next]/internal/font/google/poppins_f91be8b.module.css
    [next]/internal/font/google/poppins_f91be8b.js
    ./frontend/src/app/layout.tsx


⚠ [next]/internal/font/google/lora_24d51a03.module.css
Warning: next/font: warning:
Failed to download Lora from Google Fonts. Using a fallback font instead.
If you are offline or behind a proxy, self-host the font with next/font/local, or set HTTP_PROXY/HTTPS_PROXY so Next.js can reach fonts.googleapis.com.

Import trace:
  Server Component:
    [next]/internal/font/google/lora_24d51a03.module.css
    [next]/internal/font/google/lora_24d51a03.js
    ./frontend/src/app/layout.tsx


⚠ [next]/internal/font/google/poppins_f91be8b.module.css
Warning: next/font: warning:
Failed to download Poppins from Google Fonts. Using a fallback font instead.
If you are offline or behind a proxy, self-host the font with next/font/local, or set HTTP_PROXY/HTTPS_PROXY so Next.js can reach fonts.googleapis.com.

Import trace:
  Server Component:
    [next]/internal/font/google/poppins_f91be8b.module.css
    [next]/internal/font/google/poppins_f91be8b.js
    ./frontend/src/app/layout.tsx


 GET / 200 in 206ms (next.js: 9ms, application-code: 197ms)
 GET / 200 in 169ms (next.js: 4ms, application-code: 165ms)
⚠ Fast Refresh had to perform a full reload when ./frontend/src/i18n/as.ts changed. Read more: https://nextjs.org/docs/messages/fast-refresh-reload
⚠ [next]/internal/font/google/lora_24d51a03.module.css
Warning: Error while requesting resource
There was an issue establishing a connection while requesting https://fonts.googleapis.com/css2?family=Lora:ital,wght@1,500;1,600&display=swap

Import trace:
  Server Component:
    [next]/internal/font/google/lora_24d51a03.module.css
    [next]/internal/font/google/lora_24d51a03.js
    ./frontend/src/app/layout.tsx


⚠ [next]/internal/font/google/poppins_f91be8b.module.css
Warning: Error while requesting resource
There was an issue establishing a connection while requesting https://fonts.googleapis.com/css2?family=Poppins:wght@400;500;600;700;800&display=swap

Import trace:
  Server Component:
    [next]/internal/font/google/poppins_f91be8b.module.css
    [next]/internal/font/google/poppins_f91be8b.js
    ./frontend/src/app/layout.tsx


⚠ [next]/internal/font/google/lora_24d51a03.module.css
Warning: next/font: warning:
Failed to download Lora from Google Fonts. Using a fallback font instead.
If you are offline or behind a proxy, self-host the font with next/font/local, or set HTTP_PROXY/HTTPS_PROXY so Next.js can reach fonts.googleapis.com.

Import trace:
  Server Component:
    [next]/internal/font/google/lora_24d51a03.module.css
    [next]/internal/font/google/lora_24d51a03.js
    ./frontend/src/app/layout.tsx


⚠ [next]/internal/font/google/poppins_f91be8b.module.css
Warning: next/font: warning:
Failed to download Poppins from Google Fonts. Using a fallback font instead.
If you are offline or behind a proxy, self-host the font with next/font/local, or set HTTP_PROXY/HTTPS_PROXY so Next.js can reach fonts.googleapis.com.

Import trace:
  Server Component:
    [next]/internal/font/google/poppins_f91be8b.module.css
    [next]/internal/font/google/poppins_f91be8b.js
    ./frontend/src/app/layout.tsx


✓ Compiled in 110ms
⚠ [next]/internal/font/google/lora_24d51a03.module.css
Warning: Error while requesting resource
There was an issue establishing a connection while requesting https://fonts.googleapis.com/css2?family=Lora:ital,wght@1,500;1,600&display=swap

Import trace:
  Server Component:
    [next]/internal/font/google/lora_24d51a03.module.css
    [next]/internal/font/google/lora_24d51a03.js
    ./frontend/src/app/layout.tsx


⚠ [next]/internal/font/google/poppins_f91be8b.module.css
Warning: Error while requesting resource
There was an issue establishing a connection while requesting https://fonts.googleapis.com/css2?family=Poppins:wght@400;500;600;700;800&display=swap

Import trace:
  Server Component:
    [next]/internal/font/google/poppins_f91be8b.module.css
    [next]/internal/font/google/poppins_f91be8b.js
    ./frontend/src/app/layout.tsx


⚠ [next]/internal/font/google/lora_24d51a03.module.css
Warning: next/font: warning:
Failed to download Lora from Google Fonts. Using a fallback font instead.
If you are offline or behind a proxy, self-host the font with next/font/local, or set HTTP_PROXY/HTTPS_PROXY so Next.js can reach fonts.googleapis.com.

Import trace:
  Server Component:
    [next]/internal/font/google/lora_24d51a03.module.css
    [next]/internal/font/google/lora_24d51a03.js
    ./frontend/src/app/layout.tsx


⚠ [next]/internal/font/google/poppins_f91be8b.module.css
Warning: next/font: warning:
Failed to download Poppins from Google Fonts. Using a fallback font instead.
If you are offline or behind a proxy, self-host the font with next/font/local, or set HTTP_PROXY/HTTPS_PROXY so Next.js can reach fonts.googleapis.com.

Import trace:
  Server Component:
    [next]/internal/font/google/poppins_f91be8b.module.css
    [next]/internal/font/google/poppins_f91be8b.js
    ./frontend/src/app/layout.tsx


 GET /manifest.webmanifest 200 in 10ms (next.js: 4ms, application-code: 6ms)
⚠ [next]/internal/font/google/lora_24d51a03.module.css
Warning: Error while requesting resource
There was an issue establishing a connection while requesting https://fonts.googleapis.com/css2?family=Lora:ital,wght@1,500;1,600&display=swap

Import trace:
  Server Component:
    [next]/internal/font/google/lora_24d51a03.module.css
    [next]/internal/font/google/lora_24d51a03.js
    ./frontend/src/app/layout.tsx


⚠ [next]/internal/font/google/poppins_f91be8b.module.css
Warning: Error while requesting resource
There was an issue establishing a connection while requesting https://fonts.googleapis.com/css2?family=Poppins:wght@400;500;600;700;800&display=swap

Import trace:
  Server Component:
    [next]/internal/font/google/poppins_f91be8b.module.css
    [next]/internal/font/google/poppins_f91be8b.js
    ./frontend/src/app/layout.tsx


⚠ [next]/internal/font/google/lora_24d51a03.module.css
Warning: next/font: warning:
Failed to download Lora from Google Fonts. Using a fallback font instead.
If you are offline or behind a proxy, self-host the font with next/font/local, or set HTTP_PROXY/HTTPS_PROXY so Next.js can reach fonts.googleapis.com.

Import trace:
  Server Component:
    [next]/internal/font/google/lora_24d51a03.module.css
    [next]/internal/font/google/lora_24d51a03.js
    ./frontend/src/app/layout.tsx


⚠ [next]/internal/font/google/poppins_f91be8b.module.css
Warning: next/font: warning:
Failed to download Poppins from Google Fonts. Using a fallback font instead.
If you are offline or behind a proxy, self-host the font with next/font/local, or set HTTP_PROXY/HTTPS_PROXY so Next.js can reach fonts.googleapis.com.

Import trace:
  Server Component:
    [next]/internal/font/google/poppins_f91be8b.module.css
    [next]/internal/font/google/poppins_f91be8b.js
    ./frontend/src/app/layout.tsx


⚠ [next]/internal/font/google/lora_24d51a03.module.css
Warning: Error while requesting resource
There was an issue establishing a connection while requesting https://fonts.googleapis.com/css2?family=Lora:ital,wght@1,500;1,600&display=swap

Import trace:
  Server Component:
    [next]/internal/font/google/lora_24d51a03.module.css
    [next]/internal/font/google/lora_24d51a03.js
    ./frontend/src/app/layout.tsx


⚠ [next]/internal/font/google/poppins_f91be8b.module.css
Warning: Error while requesting resource
There was an issue establishing a connection while requesting https://fonts.googleapis.com/css2?family=Poppins:wght@400;500;600;700;800&display=swap

Import trace:
  Server Component:
    [next]/internal/font/google/poppins_f91be8b.module.css
    [next]/internal/font/google/poppins_f91be8b.js
    ./frontend/src/app/layout.tsx


⚠ [next]/internal/font/google/lora_24d51a03.module.css
Warning: next/font: warning:
Failed to download Lora from Google Fonts. Using a fallback font instead.
If you are offline or behind a proxy, self-host the font with next/font/local, or set HTTP_PROXY/HTTPS_PROXY so Next.js can reach fonts.googleapis.com.

Import trace:
  Server Component:
    [next]/internal/font/google/lora_24d51a03.module.css
    [next]/internal/font/google/lora_24d51a03.js
    ./frontend/src/app/layout.tsx


⚠ [next]/internal/font/google/poppins_f91be8b.module.css
Warning: next/font: warning:
Failed to download Poppins from Google Fonts. Using a fallback font instead.
If you are offline or behind a proxy, self-host the font with next/font/local, or set HTTP_PROXY/HTTPS_PROXY so Next.js can reach fonts.googleapis.com.

Import trace:
  Server Component:
    [next]/internal/font/google/poppins_f91be8b.module.css
    [next]/internal/font/google/poppins_f91be8b.js
    ./frontend/src/app/layout.tsx


 GET /manifest.webmanifest 200 in 8ms (next.js: 4ms, application-code: 5ms)
[browser] Encountered a script tag while rendering React component. Scripts inside React components are never executed when rendering on the client. Consider using template tag instead (https://developer.mozilla.org/en-US/docs/Web/HTML/Element/template). 
[browser] Uncaught Error: Hydration failed because the server rendered HTML didn't match the client. As a result this tree will be regenerated on the client. This can happen if a SSR-ed Client Component used:

- A server/client branch `if (typeof window !== 'undefined')`.
- Variable input such as `Date.now()` or `Math.random()` which changes each time it's called.
- Date formatting in a user's locale which doesn't match the server.
- External changing data without sending a snapshot of it along with the HTML.
- Invalid HTML tag nesting.

It can also happen if the client has a browser extension installed which messes with the HTML before React loaded.

https://react.dev/link/hydration-mismatch

  ...
    <HotReload globalError={[...]} webSocket={WebSocket} staticIndicatorState={{pathname:null, ...}}>
      <AppDevOverlayErrorBoundary globalError={[...]}>
        <ReplaySsrOnlyErrors>
        <DevRootHTTPAccessFallbackBoundary>
          <HTTPAccessFallbackBoundary notFound={<NotAllowedRootHTTPFallbackError>}>
            <HTTPAccessFallbackErrorBoundary pathname="/" notFound={<NotAllowedRootHTTPFallbackError>} ...>
              <RedirectBoundary>
                <RedirectErrorBoundary router={{...}}>
                  <Head headCacheNode={{rsc:{...}, ...}}>
                    <__next_viewport_boundary__>
                    <MetadataWrapper>
                      <div
                        hidden={true}
-                       bis_skin_checked="1"
                      >
                  <__next_root_layout_boundary__>
                    <SegmentViewNode type="layout" pagePath="layout.tsx">
                      <SegmentTrieNode>
                      <link>
                      <script>
                      <script>
                      <RootLayout>
                        <html lang="en" className="poppins_f9..." suppressHydrationWarning={true}>
                          <head>
                          <body
                            className="min-h-full flex flex-col antialiased"
-                           bis_register="W3sibWFzdGVyIjp0cnVlLCJleHRlbnNpb25JZCI6ImVwcGlvY2VtaG1ubGJoanBsY2drb2ZjaWll..."
                          >
                            ...
                              <ClientPageRoot Component={function Home} serverProvidedParams={{...}}>
                                <Home params={Promise} searchParams={Promise}>
                                  <Header activeDownloaderTab={null} ...>
                                    <header className="fixed top-...">
                                      <div
                                        className="site-header-inner mx-auto grid h-[72px] max-w-[1200px] grid-cols-3 ..."
-                                       bis_skin_checked="1"
                                      >
                                        <LinkComponent>
                                        <div
                                          className="hidden xl:flex items-center justify-center gap-1 justify-self-center"
-                                         bis_skin_checked="1"
                                        >
                                          <ToolCategoryDropdown>
                                            <div
                                              ref={{current:null}}
                                              className="relative hidden xl:flex items-center"
-                                             bis_skin_checked="1"
                                            >
                                          ...
                                        <div
                                          className="site-controls flex min-w-0 items-center gap-3 sm:gap-5 justify-se..."
-                                         bis_skin_checked="1"
                                        >
                                          <div
                                            className="relative"
                                            ref={{current:null}}
-                                           bis_skin_checked="1"
                                          >
                                          <LinkComponent>
                                          <button type="button" onClick={function toggleTheme} className="theme-toggle" ...>
                                            <div
                                              className="theme-toggle__thumb"
-                                             bis_skin_checked="1"
                                            >
                                            ...
                                          ...
                                    <div
                                      className="mobile-drawer fixed inset-y-0 right-0 z-50 flex h-full w-[min(82vw,38..."
                                      role="dialog"
                                      aria-modal="true"
                                      aria-hidden={true}
                                      aria-label="Mobile navigation"
-                                     bis_skin_checked="1"
                                    >
                                      <div
                                        className="mobile-drawer-header flex h-[68px] shrink-0 items-center justify-be..."
-                                       bis_skin_checked="1"
                                      >
                                        <div
-                                         bis_skin_checked="1"
                                        >
                                        ...
                                      <nav className="mobile-dra..." aria-label="Mobile nav...">
                                        <LinkComponent>
                                        <LinkComponent>
                                        <LinkComponent>
                                        <LinkComponent>
                                        <LinkComponent>
                                        <LinkComponent>
                                        <LinkComponent>
                                        <div
                                          className="my-2 border-t border-border-light"
-                                         bis_skin_checked="1"
                                        >
                                        ...
                                      <div
                                        className="mobile-drawer-cta shrink-0 border-t border-border p-4 pb-[calc(1rem..."
-                                       bis_skin_checked="1"
                                      >
                                  <main className="flex-1">
                                    <HeroDownloader activeTab={null} onActiveTabChange={function bound dispatchSetState}>
                                      <section id="hero" className="hero-secti...">
                                        <div
                                          className="absolute inset-0 -z-10"
                                          aria-hidden="true"
-                                         bis_skin_checked="1"
                                        >
                                          <div
                                            className="absolute left-1/2 top-0 h-[420px] w-full max-w-[1000px] -transl..."
-                                           bis_skin_checked="1"
                                          >
                                        <div
                                          className="mx-auto w-full max-w-[1200px] min-w-0 px-3 sm:px-6 lg:px-12"
-                                         bis_skin_checked="1"
                                        >
                                          <div
                                            className="mx-auto w-full min-w-0 max-w-[680px] text-center"
-                                           bis_skin_checked="1"
                                          >
                                            <div
                                              className="animate-fade-in-up mb-4 inline-flex max-w-full items-center g..."
                                              style={{background:"var(--card)",boxShadow:"var(--shad...",border:"1px solid ..."}}
-                                             bis_skin_checked="1"
                                            >
                                            ...
                                          <div
                                            className="animate-fade-in-up delay-300 mx-auto mt-6 w-full min-w-0 max-w-..."
-                                           bis_skin_checked="1"
                                          >
                                            <div
                                              ref={{current:null}}
                                              role="tablist"
                                              aria-label="Content types"
                                              className="tabs-scroll flex items-center gap-1 overflow-x-auto rounded-f..."
                                              style={{background:"var(--card)",boxShadow:"var(--shad...",border:"1px solid ..."}}
-                                             bis_skin_checked="1"
                                            >
                                              <button>
                                              <button>
                                              <button>
                                              <button>
                                              <button type="button" role="tab" aria-selected={false} data-active={false} ...>
                                                <Star>
                                                <span className="whitespace...">
-                                                 Highlights
                                              ...
                                          ...
                                    ...
                                  ...
                  ...

    at <unknown> (https://react.dev/link/hydration-mismatch)
    at span (<anonymous>)
    at <unknown> (src/components/HeroDownloader.tsx:1395:19)
    at Array.map (<anonymous>)
    at HeroDownloader (src/components/HeroDownloader.tsx:1376:19)
    at Home (src/app/page.tsx:38:9)
  1393 |                 >
  1394 |                   <Icon size={15} strokeWidth={2} className="shrink-0" />
> 1395 |                   <span className="whitespace-nowrap">{t.tabs[tab.id]}</span>
       |                   ^
  1396 |                 </button>
  1397 |               );
  1398 |             })}
⚠ [next]/internal/font/google/lora_24d51a03.module.css
Warning: Error while requesting resource
There was an issue establishing a connection while requesting https://fonts.googleapis.com/css2?family=Lora:ital,wght@1,500;1,600&display=swap

Import trace:
  Server Component:
    [next]/internal/font/google/lora_24d51a03.module.css
    [next]/internal/font/google/lora_24d51a03.js
    ./frontend/src/app/layout.tsx


⚠ [next]/internal/font/google/poppins_f91be8b.module.css
Warning: Error while requesting resource
There was an issue establishing a connection while requesting https://fonts.googleapis.com/css2?family=Poppins:wght@400;500;600;700;800&display=swap

Import trace:
  Server Component:
    [next]/internal/font/google/poppins_f91be8b.module.css
    [next]/internal/font/google/poppins_f91be8b.js
    ./frontend/src/app/layout.tsx


⚠ [next]/internal/font/google/lora_24d51a03.module.css
Warning: next/font: warning:
Failed to download Lora from Google Fonts. Using a fallback font instead.
If you are offline or behind a proxy, self-host the font with next/font/local, or set HTTP_PROXY/HTTPS_PROXY so Next.js can reach fonts.googleapis.com.

Import trace:
  Server Component:
    [next]/internal/font/google/lora_24d51a03.module.css
    [next]/internal/font/google/lora_24d51a03.js
    ./frontend/src/app/layout.tsx


⚠ [next]/internal/font/google/poppins_f91be8b.module.css
Warning: next/font: warning:
Failed to download Poppins from Google Fonts. Using a fallback font instead.
If you are offline or behind a proxy, self-host the font with next/font/local, or set HTTP_PROXY/HTTPS_PROXY so Next.js can reach fonts.googleapis.com.

Import trace:
  Server Component:
    [next]/internal/font/google/poppins_f91be8b.module.css
    [next]/internal/font/google/poppins_f91be8b.js
    ./frontend/src/app/layout.tsx


 GET / 200 in 37ms (next.js: 10ms, application-code: 27ms)
⚠ [next]/internal/font/google/lora_24d51a03.module.css
Warning: Error while requesting resource
There was an issue establishing a connection while requesting https://fonts.googleapis.com/css2?family=Lora:ital,wght@1,500;1,600&display=swap

Import trace:
  Server Component:
    [next]/internal/font/google/lora_24d51a03.module.css
    [next]/internal/font/google/lora_24d51a03.js
    ./frontend/src/app/layout.tsx


⚠ [next]/internal/font/google/poppins_f91be8b.module.css
Warning: Error while requesting resource
There was an issue establishing a connection while requesting https://fonts.googleapis.com/css2?family=Poppins:wght@400;500;600;700;800&display=swap

Import trace:
  Server Component:
    [next]/internal/font/google/poppins_f91be8b.module.css
    [next]/internal/font/google/poppins_f91be8b.js
    ./frontend/src/app/layout.tsx


⚠ [next]/internal/font/google/lora_24d51a03.module.css
Warning: next/font: warning:
Failed to download Lora from Google Fonts. Using a fallback font instead.
If you are offline or behind a proxy, self-host the font with next/font/local, or set HTTP_PROXY/HTTPS_PROXY so Next.js can reach fonts.googleapis.com.

Import trace:
  Server Component:
    [next]/internal/font/google/lora_24d51a03.module.css
    [next]/internal/font/google/lora_24d51a03.js
    ./frontend/src/app/layout.tsx


⚠ [next]/internal/font/google/poppins_f91be8b.module.css
Warning: next/font: warning:
Failed to download Poppins from Google Fonts. Using a fallback font instead.
If you are offline or behind a proxy, self-host the font with next/font/local, or set HTTP_PROXY/HTTPS_PROXY so Next.js can reach fonts.googleapis.com.

Import trace:
  Server Component:
    [next]/internal/font/google/poppins_f91be8b.module.css
    [next]/internal/font/google/poppins_f91be8b.js
    ./frontend/src/app/layout.tsx


 GET /manifest.webmanifest 200 in 11ms (next.js: 5ms, application-code: 5ms)
⚠ [next]/internal/font/google/lora_24d51a03.module.css
Warning: Error while requesting resource
There was an issue establishing a connection while requesting https://fonts.googleapis.com/css2?family=Lora:ital,wght@1,500;1,600&display=swap

Import trace:
  Server Component:
    [next]/internal/font/google/lora_24d51a03.module.css
    [next]/internal/font/google/lora_24d51a03.js
    ./frontend/src/app/layout.tsx


⚠ [next]/internal/font/google/poppins_f91be8b.module.css
Warning: Error while requesting resource
There was an issue establishing a connection while requesting https://fonts.googleapis.com/css2?family=Poppins:wght@400;500;600;700;800&display=swap

Import trace:
  Server Component:
    [next]/internal/font/google/poppins_f91be8b.module.css
    [next]/internal/font/google/poppins_f91be8b.js
    ./frontend/src/app/layout.tsx


⚠ [next]/internal/font/google/lora_24d51a03.module.css
Warning: next/font: warning:
Failed to download Lora from Google Fonts. Using a fallback font instead.
If you are offline or behind a proxy, self-host the font with next/font/local, or set HTTP_PROXY/HTTPS_PROXY so Next.js can reach fonts.googleapis.com.

Import trace:
  Server Component:
    [next]/internal/font/google/lora_24d51a03.module.css
    [next]/internal/font/google/lora_24d51a03.js
    ./frontend/src/app/layout.tsx


⚠ [next]/internal/font/google/poppins_f91be8b.module.css
Warning: next/font: warning:
Failed to download Poppins from Google Fonts. Using a fallback font instead.
If you are offline or behind a proxy, self-host the font with next/font/local, or set HTTP_PROXY/HTTPS_PROXY so Next.js can reach fonts.googleapis.com.

Import trace:
  Server Component:
    [next]/internal/font/google/poppins_f91be8b.module.css
    [next]/internal/font/google/poppins_f91be8b.js
    ./frontend/src/app/layout.tsx


 GET / 200 in 33ms (next.js: 10ms, application-code: 23ms)
✓ Compiled in 46ms
⚠ [next]/internal/font/google/lora_24d51a03.module.css
Warning: Error while requesting resource
There was an issue establishing a connection while requesting https://fonts.googleapis.com/css2?family=Lora:ital,wght@1,500;1,600&display=swap

Import trace:
  Server Component:
    [next]/internal/font/google/lora_24d51a03.module.css
    [next]/internal/font/google/lora_24d51a03.js
    ./frontend/src/app/layout.tsx


⚠ [next]/internal/font/google/poppins_f91be8b.module.css
Warning: Error while requesting resource
There was an issue establishing a connection while requesting https://fonts.googleapis.com/css2?family=Poppins:wght@400;500;600;700;800&display=swap

Import trace:
  Server Component:
    [next]/internal/font/google/poppins_f91be8b.module.css
    [next]/internal/font/google/poppins_f91be8b.js
    ./frontend/src/app/layout.tsx


⚠ [next]/internal/font/google/lora_24d51a03.module.css
Warning: next/font: warning:
Failed to download Lora from Google Fonts. Using a fallback font instead.
If you are offline or behind a proxy, self-host the font with next/font/local, or set HTTP_PROXY/HTTPS_PROXY so Next.js can reach fonts.googleapis.com.

Import trace:
  Server Component:
    [next]/internal/font/google/lora_24d51a03.module.css
    [next]/internal/font/google/lora_24d51a03.js
    ./frontend/src/app/layout.tsx


⚠ [next]/internal/font/google/poppins_f91be8b.module.css
Warning: next/font: warning:
Failed to download Poppins from Google Fonts. Using a fallback font instead.
If you are offline or behind a proxy, self-host the font with next/font/local, or set HTTP_PROXY/HTTPS_PROXY so Next.js can reach fonts.googleapis.com.

Import trace:
  Server Component:
    [next]/internal/font/google/poppins_f91be8b.module.css
    [next]/internal/font/google/poppins_f91be8b.js
    ./frontend/src/app/layout.tsx


 GET /manifest.webmanifest 200 in 9ms (next.js: 5ms, application-code: 5ms)
⚠ [next]/internal/font/google/lora_24d51a03.module.css
Warning: Error while requesting resource
There was an issue establishing a connection while requesting https://fonts.googleapis.com/css2?family=Lora:ital,wght@1,500;1,600&display=swap

Import trace:
  Server Component:
    [next]/internal/font/google/lora_24d51a03.module.css
    [next]/internal/font/google/lora_24d51a03.js
    ./frontend/src/app/layout.tsx


⚠ [next]/internal/font/google/poppins_f91be8b.module.css
Warning: Error while requesting resource
There was an issue establishing a connection while requesting https://fonts.googleapis.com/css2?family=Poppins:wght@400;500;600;700;800&display=swap

Import trace:
  Server Component:
    [next]/internal/font/google/poppins_f91be8b.module.css
    [next]/internal/font/google/poppins_f91be8b.js
    ./frontend/src/app/layout.tsx


⚠ [next]/internal/font/google/lora_24d51a03.module.css
Warning: next/font: warning:
Failed to download Lora from Google Fonts. Using a fallback font instead.
If you are offline or behind a proxy, self-host the font with next/font/local, or set HTTP_PROXY/HTTPS_PROXY so Next.js can reach fonts.googleapis.com.

Import trace:
  Server Component:
    [next]/internal/font/google/lora_24d51a03.module.css
    [next]/internal/font/google/lora_24d51a03.js
    ./frontend/src/app/layout.tsx


⚠ [next]/internal/font/google/poppins_f91be8b.module.css
Warning: next/font: warning:
Failed to download Poppins from Google Fonts. Using a fallback font instead.
If you are offline or behind a proxy, self-host the font with next/font/local, or set HTTP_PROXY/HTTPS_PROXY so Next.js can reach fonts.googleapis.com.

Import trace:
  Server Component:
    [next]/internal/font/google/poppins_f91be8b.module.css
    [next]/internal/font/google/poppins_f91be8b.js
    ./frontend/src/app/layout.tsx


 GET / 200 in 36ms (next.js: 9ms, application-code: 26ms)
✓ Compiled in 101ms
⚠ [next]/internal/font/google/lora_24d51a03.module.css
Warning: Error while requesting resource
There was an issue establishing a connection while requesting https://fonts.googleapis.com/css2?family=Lora:ital,wght@1,500;1,600&display=swap

Import trace:
  Server Component:
    [next]/internal/font/google/lora_24d51a03.module.css
    [next]/internal/font/google/lora_24d51a03.js
    ./frontend/src/app/layout.tsx


⚠ [next]/internal/font/google/poppins_f91be8b.module.css
Warning: Error while requesting resource
There was an issue establishing a connection while requesting https://fonts.googleapis.com/css2?family=Poppins:wght@400;500;600;700;800&display=swap

Import trace:
  Server Component:
    [next]/internal/font/google/poppins_f91be8b.module.css
    [next]/internal/font/google/poppins_f91be8b.js
    ./frontend/src/app/layout.tsx


⚠ [next]/internal/font/google/lora_24d51a03.module.css
Warning: next/font: warning:
Failed to download Lora from Google Fonts. Using a fallback font instead.
If you are offline or behind a proxy, self-host the font with next/font/local, or set HTTP_PROXY/HTTPS_PROXY so Next.js can reach fonts.googleapis.com.

Import trace:
  Server Component:
    [next]/internal/font/google/lora_24d51a03.module.css
    [next]/internal/font/google/lora_24d51a03.js
    ./frontend/src/app/layout.tsx


⚠ [next]/internal/font/google/poppins_f91be8b.module.css
Warning: next/font: warning:
Failed to download Poppins from Google Fonts. Using a fallback font instead.
If you are offline or behind a proxy, self-host the font with next/font/local, or set HTTP_PROXY/HTTPS_PROXY so Next.js can reach fonts.googleapis.com.

Import trace:
  Server Component:
    [next]/internal/font/google/poppins_f91be8b.module.css
    [next]/internal/font/google/poppins_f91be8b.js
    ./frontend/src/app/layout.tsx


 GET /manifest.webmanifest 200 in 9ms (next.js: 4ms, application-code: 5ms)
⚠ [next]/internal/font/google/lora_24d51a03.module.css
Warning: Error while requesting resource
There was an issue establishing a connection while requesting https://fonts.googleapis.com/css2?family=Lora:ital,wght@1,500;1,600&display=swap

Import trace:
  Server Component:
    [next]/internal/font/google/lora_24d51a03.module.css
    [next]/internal/font/google/lora_24d51a03.js
    ./frontend/src/app/layout.tsx


⚠ [next]/internal/font/google/poppins_f91be8b.module.css
Warning: Error while requesting resource
There was an issue establishing a connection while requesting https://fonts.googleapis.com/css2?family=Poppins:wght@400;500;600;700;800&display=swap

Import trace:
  Server Component:
    [next]/internal/font/google/poppins_f91be8b.module.css
    [next]/internal/font/google/poppins_f91be8b.js
    ./frontend/src/app/layout.tsx


⚠ [next]/internal/font/google/lora_24d51a03.module.css
Warning: next/font: warning:
Failed to download Lora from Google Fonts. Using a fallback font instead.
If you are offline or behind a proxy, self-host the font with next/font/local, or set HTTP_PROXY/HTTPS_PROXY so Next.js can reach fonts.googleapis.com.

Import trace:
  Server Component:
    [next]/internal/font/google/lora_24d51a03.module.css
    [next]/internal/font/google/lora_24d51a03.js
    ./frontend/src/app/layout.tsx


⚠ [next]/internal/font/google/poppins_f91be8b.module.css
Warning: next/font: warning:
Failed to download Poppins from Google Fonts. Using a fallback font instead.
If you are offline or behind a proxy, self-host the font with next/font/local, or set HTTP_PROXY/HTTPS_PROXY so Next.js can reach fonts.googleapis.com.

Import trace:
  Server Component:
    [next]/internal/font/google/poppins_f91be8b.module.css
    [next]/internal/font/google/poppins_f91be8b.js
    ./frontend/src/app/layout.tsx


 GET / 200 in 33ms (next.js: 8ms, application-code: 25ms)
✓ Compiled in 50ms
⚠ [next]/internal/font/google/lora_24d51a03.module.css
Warning: Error while requesting resource
There was an issue establishing a connection while requesting https://fonts.googleapis.com/css2?family=Lora:ital,wght@1,500;1,600&display=swap

Import trace:
  Server Component:
    [next]/internal/font/google/lora_24d51a03.module.css
    [next]/internal/font/google/lora_24d51a03.js
    ./frontend/src/app/layout.tsx


⚠ [next]/internal/font/google/poppins_f91be8b.module.css
Warning: Error while requesting resource
There was an issue establishing a connection while requesting https://fonts.googleapis.com/css2?family=Poppins:wght@400;500;600;700;800&display=swap

Import trace:
  Server Component:
    [next]/internal/font/google/poppins_f91be8b.module.css
    [next]/internal/font/google/poppins_f91be8b.js
    ./frontend/src/app/layout.tsx


⚠ [next]/internal/font/google/lora_24d51a03.module.css
Warning: next/font: warning:
Failed to download Lora from Google Fonts. Using a fallback font instead.
If you are offline or behind a proxy, self-host the font with next/font/local, or set HTTP_PROXY/HTTPS_PROXY so Next.js can reach fonts.googleapis.com.

Import trace:
  Server Component:
    [next]/internal/font/google/lora_24d51a03.module.css
    [next]/internal/font/google/lora_24d51a03.js
    ./frontend/src/app/layout.tsx


⚠ [next]/internal/font/google/poppins_f91be8b.module.css
Warning: next/font: warning:
Failed to download Poppins from Google Fonts. Using a fallback font instead.
If you are offline or behind a proxy, self-host the font with next/font/local, or set HTTP_PROXY/HTTPS_PROXY so Next.js can reach fonts.googleapis.com.

Import trace:
  Server Component:
    [next]/internal/font/google/poppins_f91be8b.module.css
    [next]/internal/font/google/poppins_f91be8b.js
    ./frontend/src/app/layout.tsx


 GET /manifest.webmanifest 200 in 11ms (next.js: 5ms, application-code: 7ms)
⚠ [next]/internal/font/google/lora_24d51a03.module.css
Warning: Error while requesting resource
There was an issue establishing a connection while requesting https://fonts.googleapis.com/css2?family=Lora:ital,wght@1,500;1,600&display=swap

Import trace:
  Server Component:
    [next]/internal/font/google/lora_24d51a03.module.css
    [next]/internal/font/google/lora_24d51a03.js
    ./frontend/src/app/layout.tsx


⚠ [next]/internal/font/google/poppins_f91be8b.module.css
Warning: Error while requesting resource
There was an issue establishing a connection while requesting https://fonts.googleapis.com/css2?family=Poppins:wght@400;500;600;700;800&display=swap

Import trace:
  Server Component:
    [next]/internal/font/google/poppins_f91be8b.module.css
    [next]/internal/font/google/poppins_f91be8b.js
    ./frontend/src/app/layout.tsx


⚠ [next]/internal/font/google/lora_24d51a03.module.css
Warning: next/font: warning:
Failed to download Lora from Google Fonts. Using a fallback font instead.
If you are offline or behind a proxy, self-host the font with next/font/local, or set HTTP_PROXY/HTTPS_PROXY so Next.js can reach fonts.googleapis.com.

Import trace:
  Server Component:
    [next]/internal/font/google/lora_24d51a03.module.css
    [next]/internal/font/google/lora_24d51a03.js
    ./frontend/src/app/layout.tsx


⚠ [next]/internal/font/google/poppins_f91be8b.module.css
Warning: next/font: warning:
Failed to download Poppins from Google Fonts. Using a fallback font instead.
If you are offline or behind a proxy, self-host the font with next/font/local, or set HTTP_PROXY/HTTPS_PROXY so Next.js can reach fonts.googleapis.com.

Import trace:
  Server Component:
    [next]/internal/font/google/poppins_f91be8b.module.css
    [next]/internal/font/google/poppins_f91be8b.js
    ./frontend/src/app/layout.tsx


✓ Compiled in 87ms
 GET / 200 in 60ms (next.js: 10ms, application-code: 50ms)
⚠ [next]/internal/font/google/lora_24d51a03.module.css
Warning: Error while requesting resource
There was an issue establishing a connection while requesting https://fonts.googleapis.com/css2?family=Lora:ital,wght@1,500;1,600&display=swap

Import trace:
  Server Component:
    [next]/internal/font/google/lora_24d51a03.module.css
    [next]/internal/font/google/lora_24d51a03.js
    ./frontend/src/app/layout.tsx


⚠ [next]/internal/font/google/poppins_f91be8b.module.css
Warning: Error while requesting resource
There was an issue establishing a connection while requesting https://fonts.googleapis.com/css2?family=Poppins:wght@400;500;600;700;800&display=swap

Import trace:
  Server Component:
    [next]/internal/font/google/poppins_f91be8b.module.css
    [next]/internal/font/google/poppins_f91be8b.js
    ./frontend/src/app/layout.tsx


⚠ [next]/internal/font/google/lora_24d51a03.module.css
Warning: next/font: warning:
Failed to download Lora from Google Fonts. Using a fallback font instead.
If you are offline or behind a proxy, self-host the font with next/font/local, or set HTTP_PROXY/HTTPS_PROXY so Next.js can reach fonts.googleapis.com.

Import trace:
  Server Component:
    [next]/internal/font/google/lora_24d51a03.module.css
    [next]/internal/font/google/lora_24d51a03.js
    ./frontend/src/app/layout.tsx


⚠ [next]/internal/font/google/poppins_f91be8b.module.css
Warning: next/font: warning:
Failed to download Poppins from Google Fonts. Using a fallback font instead.
If you are offline or behind a proxy, self-host the font with next/font/local, or set HTTP_PROXY/HTTPS_PROXY so Next.js can reach fonts.googleapis.com.

Import trace:
  Server Component:
    [next]/internal/font/google/poppins_f91be8b.module.css
    [next]/internal/font/google/poppins_f91be8b.js
    ./frontend/src/app/layout.tsx


 GET /manifest.webmanifest 200 in 11ms (next.js: 6ms, application-code: 5ms)
⚠ [next]/internal/font/google/lora_24d51a03.module.css
Warning: Error while requesting resource
There was an issue establishing a connection while requesting https://fonts.googleapis.com/css2?family=Lora:ital,wght@1,500;1,600&display=swap

Import trace:
  Server Component:
    [next]/internal/font/google/lora_24d51a03.module.css
    [next]/internal/font/google/lora_24d51a03.js
    ./frontend/src/app/layout.tsx


⚠ [next]/internal/font/google/poppins_f91be8b.module.css
Warning: Error while requesting resource
There was an issue establishing a connection while requesting https://fonts.googleapis.com/css2?family=Poppins:wght@400;500;600;700;800&display=swap

Import trace:
  Server Component:
    [next]/internal/font/google/poppins_f91be8b.module.css
    [next]/internal/font/google/poppins_f91be8b.js
    ./frontend/src/app/layout.tsx


⚠ [next]/internal/font/google/lora_24d51a03.module.css
Warning: next/font: warning:
Failed to download Lora from Google Fonts. Using a fallback font instead.
If you are offline or behind a proxy, self-host the font with next/font/local, or set HTTP_PROXY/HTTPS_PROXY so Next.js can reach fonts.googleapis.com.

Import trace:
  Server Component:
    [next]/internal/font/google/lora_24d51a03.module.css
    [next]/internal/font/google/lora_24d51a03.js
    ./frontend/src/app/layout.tsx


⚠ [next]/internal/font/google/poppins_f91be8b.module.css
Warning: next/font: warning:
Failed to download Poppins from Google Fonts. Using a fallback font instead.
If you are offline or behind a proxy, self-host the font with next/font/local, or set HTTP_PROXY/HTTPS_PROXY so Next.js can reach fonts.googleapis.com.

Import trace:
  Server Component:
    [next]/internal/font/google/poppins_f91be8b.module.css
    [next]/internal/font/google/poppins_f91be8b.js
    ./frontend/src/app/layout.tsx


✓ Compiled in 71ms
 GET / 200 in 38ms (next.js: 8ms, application-code: 29ms)
⚠ [next]/internal/font/google/lora_24d51a03.module.css
Warning: Error while requesting resource
There was an issue establishing a connection while requesting https://fonts.googleapis.com/css2?family=Lora:ital,wght@1,500;1,600&display=swap

Import trace:
  Server Component:
    [next]/internal/font/google/lora_24d51a03.module.css
    [next]/internal/font/google/lora_24d51a03.js
    ./frontend/src/app/layout.tsx


⚠ [next]/internal/font/google/poppins_f91be8b.module.css
Warning: Error while requesting resource
There was an issue establishing a connection while requesting https://fonts.googleapis.com/css2?family=Poppins:wght@400;500;600;700;800&display=swap

Import trace:
  Server Component:
    [next]/internal/font/google/poppins_f91be8b.module.css
    [next]/internal/font/google/poppins_f91be8b.js
    ./frontend/src/app/layout.tsx


⚠ [next]/internal/font/google/lora_24d51a03.module.css
Warning: next/font: warning:
Failed to download Lora from Google Fonts. Using a fallback font instead.
If you are offline or behind a proxy, self-host the font with next/font/local, or set HTTP_PROXY/HTTPS_PROXY so Next.js can reach fonts.googleapis.com.

Import trace:
  Server Component:
    [next]/internal/font/google/lora_24d51a03.module.css
    [next]/internal/font/google/lora_24d51a03.js
    ./frontend/src/app/layout.tsx


⚠ [next]/internal/font/google/poppins_f91be8b.module.css
Warning: next/font: warning:
Failed to download Poppins from Google Fonts. Using a fallback font instead.
If you are offline or behind a proxy, self-host the font with next/font/local, or set HTTP_PROXY/HTTPS_PROXY so Next.js can reach fonts.googleapis.com.

Import trace:
  Server Component:
    [next]/internal/font/google/poppins_f91be8b.module.css
    [next]/internal/font/google/poppins_f91be8b.js
    ./frontend/src/app/layout.tsx


 GET /manifest.webmanifest 200 in 9ms (next.js: 4ms, application-code: 4ms)
⚠ [next]/internal/font/google/lora_24d51a03.module.css
Warning: Error while requesting resource
There was an issue establishing a connection while requesting https://fonts.googleapis.com/css2?family=Lora:ital,wght@1,500;1,600&display=swap

Import trace:
  Server Component:
    [next]/internal/font/google/lora_24d51a03.module.css
    [next]/internal/font/google/lora_24d51a03.js
    ./frontend/src/app/layout.tsx


⚠ [next]/internal/font/google/poppins_f91be8b.module.css
Warning: Error while requesting resource
There was an issue establishing a connection while requesting https://fonts.googleapis.com/css2?family=Poppins:wght@400;500;600;700;800&display=swap

Import trace:
  Server Component:
    [next]/internal/font/google/poppins_f91be8b.module.css
    [next]/internal/font/google/poppins_f91be8b.js
    ./frontend/src/app/layout.tsx


⚠ [next]/internal/font/google/lora_24d51a03.module.css
Warning: next/font: warning:
Failed to download Lora from Google Fonts. Using a fallback font instead.
If you are offline or behind a proxy, self-host the font with next/font/local, or set HTTP_PROXY/HTTPS_PROXY so Next.js can reach fonts.googleapis.com.

Import trace:
  Server Component:
    [next]/internal/font/google/lora_24d51a03.module.css
    [next]/internal/font/google/lora_24d51a03.js
    ./frontend/src/app/layout.tsx


⚠ [next]/internal/font/google/poppins_f91be8b.module.css
Warning: next/font: warning:
Failed to download Poppins from Google Fonts. Using a fallback font instead.
If you are offline or behind a proxy, self-host the font with next/font/local, or set HTTP_PROXY/HTTPS_PROXY so Next.js can reach fonts.googleapis.com.

Import trace:
  Server Component:
    [next]/internal/font/google/poppins_f91be8b.module.css
    [next]/internal/font/google/poppins_f91be8b.js
    ./frontend/src/app/layout.tsx


✓ Compiled in 43ms
 GET / 200 in 39ms (next.js: 9ms, application-code: 30ms)
⚠ [next]/internal/font/google/lora_24d51a03.module.css
Warning: Error while requesting resource
There was an issue establishing a connection while requesting https://fonts.googleapis.com/css2?family=Lora:ital,wght@1,500;1,600&display=swap

Import trace:
  Server Component:
    [next]/internal/font/google/lora_24d51a03.module.css
    [next]/internal/font/google/lora_24d51a03.js
    ./frontend/src/app/layout.tsx


⚠ [next]/internal/font/google/poppins_f91be8b.module.css
Warning: Error while requesting resource
There was an issue establishing a connection while requesting https://fonts.googleapis.com/css2?family=Poppins:wght@400;500;600;700;800&display=swap

Import trace:
  Server Component:
    [next]/internal/font/google/poppins_f91be8b.module.css
    [next]/internal/font/google/poppins_f91be8b.js
    ./frontend/src/app/layout.tsx


⚠ [next]/internal/font/google/lora_24d51a03.module.css
Warning: next/font: warning:
Failed to download Lora from Google Fonts. Using a fallback font instead.
If you are offline or behind a proxy, self-host the font with next/font/local, or set HTTP_PROXY/HTTPS_PROXY so Next.js can reach fonts.googleapis.com.

Import trace:
  Server Component:
    [next]/internal/font/google/lora_24d51a03.module.css
    [next]/internal/font/google/lora_24d51a03.js
    ./frontend/src/app/layout.tsx


⚠ [next]/internal/font/google/poppins_f91be8b.module.css
Warning: next/font: warning:
Failed to download Poppins from Google Fonts. Using a fallback font instead.
If you are offline or behind a proxy, self-host the font with next/font/local, or set HTTP_PROXY/HTTPS_PROXY so Next.js can reach fonts.googleapis.com.

Import trace:
  Server Component:
    [next]/internal/font/google/poppins_f91be8b.module.css
    [next]/internal/font/google/poppins_f91be8b.js
    ./frontend/src/app/layout.tsx


 GET /manifest.webmanifest 200 in 10ms (next.js: 4ms, application-code: 6ms)
⚠ [next]/internal/font/google/lora_24d51a03.module.css
Warning: Error while requesting resource
There was an issue establishing a connection while requesting https://fonts.googleapis.com/css2?family=Lora:ital,wght@1,500;1,600&display=swap

Import trace:
  Server Component:
    [next]/internal/font/google/lora_24d51a03.module.css
    [next]/internal/font/google/lora_24d51a03.js
    ./frontend/src/app/layout.tsx


⚠ [next]/internal/font/google/poppins_f91be8b.module.css
Warning: Error while requesting resource
There was an issue establishing a connection while requesting https://fonts.googleapis.com/css2?family=Poppins:wght@400;500;600;700;800&display=swap

Import trace:
  Server Component:
    [next]/internal/font/google/poppins_f91be8b.module.css
    [next]/internal/font/google/poppins_f91be8b.js
    ./frontend/src/app/layout.tsx


⚠ [next]/internal/font/google/lora_24d51a03.module.css
Warning: next/font: warning:
Failed to download Lora from Google Fonts. Using a fallback font instead.
If you are offline or behind a proxy, self-host the font with next/font/local, or set HTTP_PROXY/HTTPS_PROXY so Next.js can reach fonts.googleapis.com.

Import trace:
  Server Component:
    [next]/internal/font/google/lora_24d51a03.module.css
    [next]/internal/font/google/lora_24d51a03.js
    ./frontend/src/app/layout.tsx


⚠ [next]/internal/font/google/poppins_f91be8b.module.css
Warning: next/font: warning:
Failed to download Poppins from Google Fonts. Using a fallback font instead.
If you are offline or behind a proxy, self-host the font with next/font/local, or set HTTP_PROXY/HTTPS_PROXY so Next.js can reach fonts.googleapis.com.

Import trace:
  Server Component:
    [next]/internal/font/google/poppins_f91be8b.module.css
    [next]/internal/font/google/poppins_f91be8b.js
    ./frontend/src/app/layout.tsx


 GET / 200 in 35ms (next.js: 7ms, application-code: 28ms)
✓ Compiled in 46ms
⚠ [next]/internal/font/google/lora_24d51a03.module.css
Warning: Error while requesting resource
There was an issue establishing a connection while requesting https://fonts.googleapis.com/css2?family=Lora:ital,wght@1,500;1,600&display=swap

Import trace:
  Server Component:
    [next]/internal/font/google/lora_24d51a03.module.css
    [next]/internal/font/google/lora_24d51a03.js
    ./frontend/src/app/layout.tsx


⚠ [next]/internal/font/google/poppins_f91be8b.module.css
Warning: Error while requesting resource
There was an issue establishing a connection while requesting https://fonts.googleapis.com/css2?family=Poppins:wght@400;500;600;700;800&display=swap

Import trace:
  Server Component:
    [next]/internal/font/google/poppins_f91be8b.module.css
    [next]/internal/font/google/poppins_f91be8b.js
    ./frontend/src/app/layout.tsx


⚠ [next]/internal/font/google/lora_24d51a03.module.css
Warning: next/font: warning:
Failed to download Lora from Google Fonts. Using a fallback font instead.
If you are offline or behind a proxy, self-host the font with next/font/local, or set HTTP_PROXY/HTTPS_PROXY so Next.js can reach fonts.googleapis.com.

Import trace:
  Server Component:
    [next]/internal/font/google/lora_24d51a03.module.css
    [next]/internal/font/google/lora_24d51a03.js
    ./frontend/src/app/layout.tsx


⚠ [next]/internal/font/google/poppins_f91be8b.module.css
Warning: next/font: warning:
Failed to download Poppins from Google Fonts. Using a fallback font instead.
If you are offline or behind a proxy, self-host the font with next/font/local, or set HTTP_PROXY/HTTPS_PROXY so Next.js can reach fonts.googleapis.com.

Import trace:
  Server Component:
    [next]/internal/font/google/poppins_f91be8b.module.css
    [next]/internal/font/google/poppins_f91be8b.js
    ./frontend/src/app/layout.tsx


 GET /manifest.webmanifest 200 in 9ms (next.js: 3ms, application-code: 6ms)
⚠ [next]/internal/font/google/lora_24d51a03.module.css
Warning: Error while requesting resource
There was an issue establishing a connection while requesting https://fonts.googleapis.com/css2?family=Lora:ital,wght@1,500;1,600&display=swap

Import trace:
  Server Component:
    [next]/internal/font/google/lora_24d51a03.module.css
    [next]/internal/font/google/lora_24d51a03.js
    ./frontend/src/app/layout.tsx


⚠ [next]/internal/font/google/poppins_f91be8b.module.css
Warning: Error while requesting resource
There was an issue establishing a connection while requesting https://fonts.googleapis.com/css2?family=Poppins:wght@400;500;600;700;800&display=swap

Import trace:
  Server Component:
    [next]/internal/font/google/poppins_f91be8b.module.css
    [next]/internal/font/google/poppins_f91be8b.js
    ./frontend/src/app/layout.tsx


⚠ [next]/internal/font/google/lora_24d51a03.module.css
Warning: next/font: warning:
Failed to download Lora from Google Fonts. Using a fallback font instead.
If you are offline or behind a proxy, self-host the font with next/font/local, or set HTTP_PROXY/HTTPS_PROXY so Next.js can reach fonts.googleapis.com.

Import trace:
  Server Component:
    [next]/internal/font/google/lora_24d51a03.module.css
    [next]/internal/font/google/lora_24d51a03.js
    ./frontend/src/app/layout.tsx


⚠ [next]/internal/font/google/poppins_f91be8b.module.css
Warning: next/font: warning:
Failed to download Poppins from Google Fonts. Using a fallback font instead.
If you are offline or behind a proxy, self-host the font with next/font/local, or set HTTP_PROXY/HTTPS_PROXY so Next.js can reach fonts.googleapis.com.

Import trace:
  Server Component:
    [next]/internal/font/google/poppins_f91be8b.module.css
    [next]/internal/font/google/poppins_f91be8b.js
    ./frontend/src/app/layout.tsx


⚠ [next]/internal/font/google/lora_24d51a03.module.css
Warning: Error while requesting resource
There was an issue establishing a connection while requesting https://fonts.googleapis.com/css2?family=Lora:ital,wght@1,500;1,600&display=swap

Import trace:
  Server Component:
    [next]/internal/font/google/lora_24d51a03.module.css
    [next]/internal/font/google/lora_24d51a03.js
    ./frontend/src/app/layout.tsx


⚠ [next]/internal/font/google/poppins_f91be8b.module.css
Warning: Error while requesting resource
There was an issue establishing a connection while requesting https://fonts.googleapis.com/css2?family=Poppins:wght@400;500;600;700;800&display=swap

Import trace:
  Server Component:
    [next]/internal/font/google/poppins_f91be8b.module.css
    [next]/internal/font/google/poppins_f91be8b.js
    ./frontend/src/app/layout.tsx


⚠ [next]/internal/font/google/lora_24d51a03.module.css
Warning: next/font: warning:
Failed to download Lora from Google Fonts. Using a fallback font instead.
If you are offline or behind a proxy, self-host the font with next/font/local, or set HTTP_PROXY/HTTPS_PROXY so Next.js can reach fonts.googleapis.com.

Import trace:
  Server Component:
    [next]/internal/font/google/lora_24d51a03.module.css
    [next]/internal/font/google/lora_24d51a03.js
    ./frontend/src/app/layout.tsx


⚠ [next]/internal/font/google/poppins_f91be8b.module.css
Warning: next/font: warning:
Failed to download Poppins from Google Fonts. Using a fallback font instead.
If you are offline or behind a proxy, self-host the font with next/font/local, or set HTTP_PROXY/HTTPS_PROXY so Next.js can reach fonts.googleapis.com.

Import trace:
  Server Component:
    [next]/internal/font/google/poppins_f91be8b.module.css
    [next]/internal/font/google/poppins_f91be8b.js
    ./frontend/src/app/layout.tsx


⚠ [next]/internal/font/google/lora_24d51a03.module.css
Warning: Error while requesting resource
There was an issue establishing a connection while requesting https://fonts.googleapis.com/css2?family=Lora:ital,wght@1,500;1,600&display=swap

Import trace:
  Server Component:
    [next]/internal/font/google/lora_24d51a03.module.css
    [next]/internal/font/google/lora_24d51a03.js
    ./frontend/src/app/layout.tsx


⚠ [next]/internal/font/google/poppins_f91be8b.module.css
Warning: Error while requesting resource
There was an issue establishing a connection while requesting https://fonts.googleapis.com/css2?family=Poppins:wght@400;500;600;700;800&display=swap

Import trace:
  Server Component:
    [next]/internal/font/google/poppins_f91be8b.module.css
    [next]/internal/font/google/poppins_f91be8b.js
    ./frontend/src/app/layout.tsx


⚠ [next]/internal/font/google/lora_24d51a03.module.css
Warning: next/font: warning:
Failed to download Lora from Google Fonts. Using a fallback font instead.
If you are offline or behind a proxy, self-host the font with next/font/local, or set HTTP_PROXY/HTTPS_PROXY so Next.js can reach fonts.googleapis.com.

Import trace:
  Server Component:
    [next]/internal/font/google/lora_24d51a03.module.css
    [next]/internal/font/google/lora_24d51a03.js
    ./frontend/src/app/layout.tsx


⚠ [next]/internal/font/google/poppins_f91be8b.module.css
Warning: next/font: warning:
Failed to download Poppins from Google Fonts. Using a fallback font instead.
If you are offline or behind a proxy, self-host the font with next/font/local, or set HTTP_PROXY/HTTPS_PROXY so Next.js can reach fonts.googleapis.com.

Import trace:
  Server Component:
    [next]/internal/font/google/poppins_f91be8b.module.css
    [next]/internal/font/google/poppins_f91be8b.js
    ./frontend/src/app/layout.tsx


 GET / 200 in 384ms (next.js: 162ms, application-code: 222ms)
⚠ [next]/internal/font/google/lora_24d51a03.module.css
Warning: Error while requesting resource
There was an issue establishing a connection while requesting https://fonts.googleapis.com/css2?family=Lora:ital,wght@1,500;1,600&display=swap

Import trace:
  Server Component:
    [next]/internal/font/google/lora_24d51a03.module.css
    [next]/internal/font/google/lora_24d51a03.js
    ./frontend/src/app/layout.tsx


⚠ [next]/internal/font/google/poppins_f91be8b.module.css
Warning: Error while requesting resource
There was an issue establishing a connection while requesting https://fonts.googleapis.com/css2?family=Poppins:wght@400;500;600;700;800&display=swap

Import trace:
  Server Component:
    [next]/internal/font/google/poppins_f91be8b.module.css
    [next]/internal/font/google/poppins_f91be8b.js
    ./frontend/src/app/layout.tsx


⚠ [next]/internal/font/google/lora_24d51a03.module.css
Warning: next/font: warning:
Failed to download Lora from Google Fonts. Using a fallback font instead.
If you are offline or behind a proxy, self-host the font with next/font/local, or set HTTP_PROXY/HTTPS_PROXY so Next.js can reach fonts.googleapis.com.

Import trace:
  Server Component:
    [next]/internal/font/google/lora_24d51a03.module.css
    [next]/internal/font/google/lora_24d51a03.js
    ./frontend/src/app/layout.tsx


⚠ [next]/internal/font/google/poppins_f91be8b.module.css
Warning: next/font: warning:
Failed to download Poppins from Google Fonts. Using a fallback font instead.
If you are offline or behind a proxy, self-host the font with next/font/local, or set HTTP_PROXY/HTTPS_PROXY so Next.js can reach fonts.googleapis.com.

Import trace:
  Server Component:
    [next]/internal/font/google/poppins_f91be8b.module.css
    [next]/internal/font/google/poppins_f91be8b.js
    ./frontend/src/app/layout.tsx


 GET / 200 in 121ms (next.js: 8ms, application-code: 114ms)
⚠ [next]/internal/font/google/lora_24d51a03.module.css
Warning: Error while requesting resource
There was an issue establishing a connection while requesting https://fonts.googleapis.com/css2?family=Lora:ital,wght@1,500;1,600&display=swap

Import trace:
  Server Component:
    [next]/internal/font/google/lora_24d51a03.module.css
    [next]/internal/font/google/lora_24d51a03.js
    ./frontend/src/app/layout.tsx


⚠ [next]/internal/font/google/poppins_f91be8b.module.css
Warning: Error while requesting resource
There was an issue establishing a connection while requesting https://fonts.googleapis.com/css2?family=Poppins:wght@400;500;600;700;800&display=swap

Import trace:
  Server Component:
    [next]/internal/font/google/poppins_f91be8b.module.css
    [next]/internal/font/google/poppins_f91be8b.js
    ./frontend/src/app/layout.tsx


⚠ [next]/internal/font/google/lora_24d51a03.module.css
Warning: next/font: warning:
Failed to download Lora from Google Fonts. Using a fallback font instead.
If you are offline or behind a proxy, self-host the font with next/font/local, or set HTTP_PROXY/HTTPS_PROXY so Next.js can reach fonts.googleapis.com.

Import trace:
  Server Component:
    [next]/internal/font/google/lora_24d51a03.module.css
    [next]/internal/font/google/lora_24d51a03.js
    ./frontend/src/app/layout.tsx


⚠ [next]/internal/font/google/poppins_f91be8b.module.css
Warning: next/font: warning:
Failed to download Poppins from Google Fonts. Using a fallback font instead.
If you are offline or behind a proxy, self-host the font with next/font/local, or set HTTP_PROXY/HTTPS_PROXY so Next.js can reach fonts.googleapis.com.

Import trace:
  Server Component:
    [next]/internal/font/google/poppins_f91be8b.module.css
    [next]/internal/font/google/poppins_f91be8b.js
    ./frontend/src/app/layout.tsx


 GET / 200 in 121ms (next.js: 8ms, application-code: 113ms)
⚠ [next]/internal/font/google/lora_24d51a03.module.css
Warning: Error while requesting resource
There was an issue establishing a connection while requesting https://fonts.googleapis.com/css2?family=Lora:ital,wght@1,500;1,600&display=swap

Import trace:
  Server Component:
    [next]/internal/font/google/lora_24d51a03.module.css
    [next]/internal/font/google/lora_24d51a03.js
    ./frontend/src/app/layout.tsx


⚠ [next]/internal/font/google/poppins_f91be8b.module.css
Warning: Error while requesting resource
There was an issue establishing a connection while requesting https://fonts.googleapis.com/css2?family=Poppins:wght@400;500;600;700;800&display=swap

Import trace:
  Server Component:
    [next]/internal/font/google/poppins_f91be8b.module.css
    [next]/internal/font/google/poppins_f91be8b.js
    ./frontend/src/app/layout.tsx


⚠ [next]/internal/font/google/lora_24d51a03.module.css
Warning: next/font: warning:
Failed to download Lora from Google Fonts. Using a fallback font instead.
If you are offline or behind a proxy, self-host the font with next/font/local, or set HTTP_PROXY/HTTPS_PROXY so Next.js can reach fonts.googleapis.com.

Import trace:
  Server Component:
    [next]/internal/font/google/lora_24d51a03.module.css
    [next]/internal/font/google/lora_24d51a03.js
    ./frontend/src/app/layout.tsx


⚠ [next]/internal/font/google/poppins_f91be8b.module.css
Warning: next/font: warning:
Failed to download Poppins from Google Fonts. Using a fallback font instead.
If you are offline or behind a proxy, self-host the font with next/font/local, or set HTTP_PROXY/HTTPS_PROXY so Next.js can reach fonts.googleapis.com.

Import trace:
  Server Component:
    [next]/internal/font/google/poppins_f91be8b.module.css
    [next]/internal/font/google/poppins_f91be8b.js
    ./frontend/src/app/layout.tsx


 GET / 200 in 145ms (next.js: 9ms, application-code: 136ms)
⚠ [next]/internal/font/google/lora_24d51a03.module.css
Warning: Error while requesting resource
There was an issue establishing a connection while requesting https://fonts.googleapis.com/css2?family=Lora:ital,wght@1,500;1,600&display=swap

Import trace:
  Server Component:
    [next]/internal/font/google/lora_24d51a03.module.css
    [next]/internal/font/google/lora_24d51a03.js
    ./frontend/src/app/layout.tsx


⚠ [next]/internal/font/google/poppins_f91be8b.module.css
Warning: Error while requesting resource
There was an issue establishing a connection while requesting https://fonts.googleapis.com/css2?family=Poppins:wght@400;500;600;700;800&display=swap

Import trace:
  Server Component:
    [next]/internal/font/google/poppins_f91be8b.module.css
    [next]/internal/font/google/poppins_f91be8b.js
    ./frontend/src/app/layout.tsx


⚠ [next]/internal/font/google/lora_24d51a03.module.css
Warning: next/font: warning:
Failed to download Lora from Google Fonts. Using a fallback font instead.
If you are offline or behind a proxy, self-host the font with next/font/local, or set HTTP_PROXY/HTTPS_PROXY so Next.js can reach fonts.googleapis.com.

Import trace:
  Server Component:
    [next]/internal/font/google/lora_24d51a03.module.css
    [next]/internal/font/google/lora_24d51a03.js
    ./frontend/src/app/layout.tsx


⚠ [next]/internal/font/google/poppins_f91be8b.module.css
Warning: next/font: warning:
Failed to download Poppins from Google Fonts. Using a fallback font instead.
If you are offline or behind a proxy, self-host the font with next/font/local, or set HTTP_PROXY/HTTPS_PROXY so Next.js can reach fonts.googleapis.com.

Import trace:
  Server Component:
    [next]/internal/font/google/poppins_f91be8b.module.css
    [next]/internal/font/google/poppins_f91be8b.js
    ./frontend/src/app/layout.tsx


 GET / 200 in 153ms (next.js: 9ms, application-code: 144ms)
⚠ [next]/internal/font/google/lora_24d51a03.module.css
Warning: Error while requesting resource
There was an issue establishing a connection while requesting https://fonts.googleapis.com/css2?family=Lora:ital,wght@1,500;1,600&display=swap

Import trace:
  Server Component:
    [next]/internal/font/google/lora_24d51a03.module.css
    [next]/internal/font/google/lora_24d51a03.js
    ./frontend/src/app/layout.tsx


⚠ [next]/internal/font/google/poppins_f91be8b.module.css
Warning: Error while requesting resource
There was an issue establishing a connection while requesting https://fonts.googleapis.com/css2?family=Poppins:wght@400;500;600;700;800&display=swap

Import trace:
  Server Component:
    [next]/internal/font/google/poppins_f91be8b.module.css
    [next]/internal/font/google/poppins_f91be8b.js
    ./frontend/src/app/layout.tsx


⚠ [next]/internal/font/google/lora_24d51a03.module.css
Warning: next/font: warning:
Failed to download Lora from Google Fonts. Using a fallback font instead.
If you are offline or behind a proxy, self-host the font with next/font/local, or set HTTP_PROXY/HTTPS_PROXY so Next.js can reach fonts.googleapis.com.

Import trace:
  Server Component:
    [next]/internal/font/google/lora_24d51a03.module.css
    [next]/internal/font/google/lora_24d51a03.js
    ./frontend/src/app/layout.tsx


⚠ [next]/internal/font/google/poppins_f91be8b.module.css
Warning: next/font: warning:
Failed to download Poppins from Google Fonts. Using a fallback font instead.
If you are offline or behind a proxy, self-host the font with next/font/local, or set HTTP_PROXY/HTTPS_PROXY so Next.js can reach fonts.googleapis.com.

Import trace:
  Server Component:
    [next]/internal/font/google/poppins_f91be8b.module.css
    [next]/internal/font/google/poppins_f91be8b.js
    ./frontend/src/app/layout.tsx


 GET / 200 in 150ms (next.js: 9ms, application-code: 141ms)
⚠ [next]/internal/font/google/lora_24d51a03.module.css
Warning: Error while requesting resource
There was an issue establishing a connection while requesting https://fonts.googleapis.com/css2?family=Lora:ital,wght@1,500;1,600&display=swap

Import trace:
  Server Component:
    [next]/internal/font/google/lora_24d51a03.module.css
    [next]/internal/font/google/lora_24d51a03.js
    ./frontend/src/app/layout.tsx


⚠ [next]/internal/font/google/poppins_f91be8b.module.css
Warning: Error while requesting resource
There was an issue establishing a connection while requesting https://fonts.googleapis.com/css2?family=Poppins:wght@400;500;600;700;800&display=swap

Import trace:
  Server Component:
    [next]/internal/font/google/poppins_f91be8b.module.css
    [next]/internal/font/google/poppins_f91be8b.js
    ./frontend/src/app/layout.tsx


⚠ [next]/internal/font/google/lora_24d51a03.module.css
Warning: next/font: warning:
Failed to download Lora from Google Fonts. Using a fallback font instead.
If you are offline or behind a proxy, self-host the font with next/font/local, or set HTTP_PROXY/HTTPS_PROXY so Next.js can reach fonts.googleapis.com.

Import trace:
  Server Component:
    [next]/internal/font/google/lora_24d51a03.module.css
    [next]/internal/font/google/lora_24d51a03.js
    ./frontend/src/app/layout.tsx


⚠ [next]/internal/font/google/poppins_f91be8b.module.css
Warning: next/font: warning:
Failed to download Poppins from Google Fonts. Using a fallback font instead.
If you are offline or behind a proxy, self-host the font with next/font/local, or set HTTP_PROXY/HTTPS_PROXY so Next.js can reach fonts.googleapis.com.

Import trace:
  Server Component:
    [next]/internal/font/google/poppins_f91be8b.module.css
    [next]/internal/font/google/poppins_f91be8b.js
    ./frontend/src/app/layout.tsx


 GET / 200 in 135ms (next.js: 10ms, application-code: 126ms)
⚠ [next]/internal/font/google/lora_24d51a03.module.css
Warning: Error while requesting resource
There was an issue establishing a connection while requesting https://fonts.googleapis.com/css2?family=Lora:ital,wght@1,500;1,600&display=swap

Import trace:
  Server Component:
    [next]/internal/font/google/lora_24d51a03.module.css
    [next]/internal/font/google/lora_24d51a03.js
    ./frontend/src/app/layout.tsx


⚠ [next]/internal/font/google/poppins_f91be8b.module.css
Warning: Error while requesting resource
There was an issue establishing a connection while requesting https://fonts.googleapis.com/css2?family=Poppins:wght@400;500;600;700;800&display=swap

Import trace:
  Server Component:
    [next]/internal/font/google/poppins_f91be8b.module.css
    [next]/internal/font/google/poppins_f91be8b.js
    ./frontend/src/app/layout.tsx


⚠ [next]/internal/font/google/lora_24d51a03.module.css
Warning: next/font: warning:
Failed to download Lora from Google Fonts. Using a fallback font instead.
If you are offline or behind a proxy, self-host the font with next/font/local, or set HTTP_PROXY/HTTPS_PROXY so Next.js can reach fonts.googleapis.com.

Import trace:
  Server Component:
    [next]/internal/font/google/lora_24d51a03.module.css
    [next]/internal/font/google/lora_24d51a03.js
    ./frontend/src/app/layout.tsx


⚠ [next]/internal/font/google/poppins_f91be8b.module.css
Warning: next/font: warning:
Failed to download Poppins from Google Fonts. Using a fallback font instead.
If you are offline or behind a proxy, self-host the font with next/font/local, or set HTTP_PROXY/HTTPS_PROXY so Next.js can reach fonts.googleapis.com.

Import trace:
  Server Component:
    [next]/internal/font/google/poppins_f91be8b.module.css
    [next]/internal/font/google/poppins_f91be8b.js
    ./frontend/src/app/layout.tsx


 GET / 200 in 143ms (next.js: 9ms, application-code: 134ms)
⚠ [next]/internal/font/google/lora_24d51a03.module.css
Warning: Error while requesting resource
There was an issue establishing a connection while requesting https://fonts.googleapis.com/css2?family=Lora:ital,wght@1,500;1,600&display=swap

Import trace:
  Server Component:
    [next]/internal/font/google/lora_24d51a03.module.css
    [next]/internal/font/google/lora_24d51a03.js
    ./frontend/src/app/layout.tsx


⚠ [next]/internal/font/google/poppins_f91be8b.module.css
Warning: Error while requesting resource
There was an issue establishing a connection while requesting https://fonts.googleapis.com/css2?family=Poppins:wght@400;500;600;700;800&display=swap

Import trace:
  Server Component:
    [next]/internal/font/google/poppins_f91be8b.module.css
    [next]/internal/font/google/poppins_f91be8b.js
    ./frontend/src/app/layout.tsx


⚠ [next]/internal/font/google/lora_24d51a03.module.css
Warning: next/font: warning:
Failed to download Lora from Google Fonts. Using a fallback font instead.
If you are offline or behind a proxy, self-host the font with next/font/local, or set HTTP_PROXY/HTTPS_PROXY so Next.js can reach fonts.googleapis.com.

Import trace:
  Server Component:
    [next]/internal/font/google/lora_24d51a03.module.css
    [next]/internal/font/google/lora_24d51a03.js
    ./frontend/src/app/layout.tsx


⚠ [next]/internal/font/google/poppins_f91be8b.module.css
Warning: next/font: warning:
Failed to download Poppins from Google Fonts. Using a fallback font instead.
If you are offline or behind a proxy, self-host the font with next/font/local, or set HTTP_PROXY/HTTPS_PROXY so Next.js can reach fonts.googleapis.com.

Import trace:
  Server Component:
    [next]/internal/font/google/poppins_f91be8b.module.css
    [next]/internal/font/google/poppins_f91be8b.js
    ./frontend/src/app/layout.tsx


 GET / 200 in 103ms (next.js: 6ms, application-code: 97ms)
⚠ [next]/internal/font/google/lora_24d51a03.module.css
Warning: Error while requesting resource
There was an issue establishing a connection while requesting https://fonts.googleapis.com/css2?family=Lora:ital,wght@1,500;1,600&display=swap

Import trace:
  Server Component:
    [next]/internal/font/google/lora_24d51a03.module.css
    [next]/internal/font/google/lora_24d51a03.js
    ./frontend/src/app/layout.tsx


⚠ [next]/internal/font/google/poppins_f91be8b.module.css
Warning: Error while requesting resource
There was an issue establishing a connection while requesting https://fonts.googleapis.com/css2?family=Poppins:wght@400;500;600;700;800&display=swap

Import trace:
  Server Component:
    [next]/internal/font/google/poppins_f91be8b.module.css
    [next]/internal/font/google/poppins_f91be8b.js
    ./frontend/src/app/layout.tsx


⚠ [next]/internal/font/google/lora_24d51a03.module.css
Warning: next/font: warning:
Failed to download Lora from Google Fonts. Using a fallback font instead.
If you are offline or behind a proxy, self-host the font with next/font/local, or set HTTP_PROXY/HTTPS_PROXY so Next.js can reach fonts.googleapis.com.

Import trace:
  Server Component:
    [next]/internal/font/google/lora_24d51a03.module.css
    [next]/internal/font/google/lora_24d51a03.js
    ./frontend/src/app/layout.tsx


⚠ [next]/internal/font/google/poppins_f91be8b.module.css
Warning: next/font: warning:
Failed to download Poppins from Google Fonts. Using a fallback font instead.
If you are offline or behind a proxy, self-host the font with next/font/local, or set HTTP_PROXY/HTTPS_PROXY so Next.js can reach fonts.googleapis.com.

Import trace:
  Server Component:
    [next]/internal/font/google/poppins_f91be8b.module.css
    [next]/internal/font/google/poppins_f91be8b.js
    ./frontend/src/app/layout.tsx


 GET / 200 in 147ms (next.js: 8ms, application-code: 139ms)
⚠ [next]/internal/font/google/lora_24d51a03.module.css
Warning: Error while requesting resource
There was an issue establishing a connection while requesting https://fonts.googleapis.com/css2?family=Lora:ital,wght@1,500;1,600&display=swap

Import trace:
  Server Component:
    [next]/internal/font/google/lora_24d51a03.module.css
    [next]/internal/font/google/lora_24d51a03.js
    ./frontend/src/app/layout.tsx


⚠ [next]/internal/font/google/poppins_f91be8b.module.css
Warning: Error while requesting resource
There was an issue establishing a connection while requesting https://fonts.googleapis.com/css2?family=Poppins:wght@400;500;600;700;800&display=swap

Import trace:
  Server Component:
    [next]/internal/font/google/poppins_f91be8b.module.css
    [next]/internal/font/google/poppins_f91be8b.js
    ./frontend/src/app/layout.tsx


⚠ [next]/internal/font/google/lora_24d51a03.module.css
Warning: next/font: warning:
Failed to download Lora from Google Fonts. Using a fallback font instead.
If you are offline or behind a proxy, self-host the font with next/font/local, or set HTTP_PROXY/HTTPS_PROXY so Next.js can reach fonts.googleapis.com.

Import trace:
  Server Component:
    [next]/internal/font/google/lora_24d51a03.module.css
    [next]/internal/font/google/lora_24d51a03.js
    ./frontend/src/app/layout.tsx


⚠ [next]/internal/font/google/poppins_f91be8b.module.css
Warning: next/font: warning:
Failed to download Poppins from Google Fonts. Using a fallback font instead.
If you are offline or behind a proxy, self-host the font with next/font/local, or set HTTP_PROXY/HTTPS_PROXY so Next.js can reach fonts.googleapis.com.

Import trace:
  Server Component:
    [next]/internal/font/google/poppins_f91be8b.module.css
    [next]/internal/font/google/poppins_f91be8b.js
    ./frontend/src/app/layout.tsx


 GET / 200 in 142ms (next.js: 8ms, application-code: 134ms)
⚠ [next]/internal/font/google/lora_24d51a03.module.css
Warning: Error while requesting resource
There was an issue establishing a connection while requesting https://fonts.googleapis.com/css2?family=Lora:ital,wght@1,500;1,600&display=swap

Import trace:
  Server Component:
    [next]/internal/font/google/lora_24d51a03.module.css
    [next]/internal/font/google/lora_24d51a03.js
    ./frontend/src/app/layout.tsx


⚠ [next]/internal/font/google/poppins_f91be8b.module.css
Warning: Error while requesting resource
There was an issue establishing a connection while requesting https://fonts.googleapis.com/css2?family=Poppins:wght@400;500;600;700;800&display=swap

Import trace:
  Server Component:
    [next]/internal/font/google/poppins_f91be8b.module.css
    [next]/internal/font/google/poppins_f91be8b.js
    ./frontend/src/app/layout.tsx


⚠ [next]/internal/font/google/lora_24d51a03.module.css
Warning: next/font: warning:
Failed to download Lora from Google Fonts. Using a fallback font instead.
If you are offline or behind a proxy, self-host the font with next/font/local, or set HTTP_PROXY/HTTPS_PROXY so Next.js can reach fonts.googleapis.com.

Import trace:
  Server Component:
    [next]/internal/font/google/lora_24d51a03.module.css
    [next]/internal/font/google/lora_24d51a03.js
    ./frontend/src/app/layout.tsx


⚠ [next]/internal/font/google/poppins_f91be8b.module.css
Warning: next/font: warning:
Failed to download Poppins from Google Fonts. Using a fallback font instead.
If you are offline or behind a proxy, self-host the font with next/font/local, or set HTTP_PROXY/HTTPS_PROXY so Next.js can reach fonts.googleapis.com.

Import trace:
  Server Component:
    [next]/internal/font/google/poppins_f91be8b.module.css
    [next]/internal/font/google/poppins_f91be8b.js
    ./frontend/src/app/layout.tsx


 GET / 200 in 137ms (next.js: 7ms, application-code: 130ms)
⚠ [next]/internal/font/google/lora_24d51a03.module.css
Warning: Error while requesting resource
There was an issue establishing a connection while requesting https://fonts.googleapis.com/css2?family=Lora:ital,wght@1,500;1,600&display=swap

Import trace:
  Server Component:
    [next]/internal/font/google/lora_24d51a03.module.css
    [next]/internal/font/google/lora_24d51a03.js
    ./frontend/src/app/layout.tsx


⚠ [next]/internal/font/google/poppins_f91be8b.module.css
Warning: Error while requesting resource
There was an issue establishing a connection while requesting https://fonts.googleapis.com/css2?family=Poppins:wght@400;500;600;700;800&display=swap

Import trace:
  Server Component:
    [next]/internal/font/google/poppins_f91be8b.module.css
    [next]/internal/font/google/poppins_f91be8b.js
    ./frontend/src/app/layout.tsx


⚠ [next]/internal/font/google/lora_24d51a03.module.css
Warning: next/font: warning:
Failed to download Lora from Google Fonts. Using a fallback font instead.
If you are offline or behind a proxy, self-host the font with next/font/local, or set HTTP_PROXY/HTTPS_PROXY so Next.js can reach fonts.googleapis.com.

Import trace:
  Server Component:
    [next]/internal/font/google/lora_24d51a03.module.css
    [next]/internal/font/google/lora_24d51a03.js
    ./frontend/src/app/layout.tsx


⚠ [next]/internal/font/google/poppins_f91be8b.module.css
Warning: next/font: warning:
Failed to download Poppins from Google Fonts. Using a fallback font instead.
If you are offline or behind a proxy, self-host the font with next/font/local, or set HTTP_PROXY/HTTPS_PROXY so Next.js can reach fonts.googleapis.com.

Import trace:
  Server Component:
    [next]/internal/font/google/poppins_f91be8b.module.css
    [next]/internal/font/google/poppins_f91be8b.js
    ./frontend/src/app/layout.tsx


 GET / 200 in 139ms (next.js: 9ms, application-code: 130ms)
⚠ [next]/internal/font/google/lora_24d51a03.module.css
Warning: Error while requesting resource
There was an issue establishing a connection while requesting https://fonts.googleapis.com/css2?family=Lora:ital,wght@1,500;1,600&display=swap

Import trace:
  Server Component:
    [next]/internal/font/google/lora_24d51a03.module.css
    [next]/internal/font/google/lora_24d51a03.js
    ./frontend/src/app/layout.tsx


⚠ [next]/internal/font/google/poppins_f91be8b.module.css
Warning: Error while requesting resource
There was an issue establishing a connection while requesting https://fonts.googleapis.com/css2?family=Poppins:wght@400;500;600;700;800&display=swap

Import trace:
  Server Component:
    [next]/internal/font/google/poppins_f91be8b.module.css
    [next]/internal/font/google/poppins_f91be8b.js
    ./frontend/src/app/layout.tsx


⚠ [next]/internal/font/google/lora_24d51a03.module.css
Warning: next/font: warning:
Failed to download Lora from Google Fonts. Using a fallback font instead.
If you are offline or behind a proxy, self-host the font with next/font/local, or set HTTP_PROXY/HTTPS_PROXY so Next.js can reach fonts.googleapis.com.

Import trace:
  Server Component:
    [next]/internal/font/google/lora_24d51a03.module.css
    [next]/internal/font/google/lora_24d51a03.js
    ./frontend/src/app/layout.tsx


⚠ [next]/internal/font/google/poppins_f91be8b.module.css
Warning: next/font: warning:
Failed to download Poppins from Google Fonts. Using a fallback font instead.
If you are offline or behind a proxy, self-host the font with next/font/local, or set HTTP_PROXY/HTTPS_PROXY so Next.js can reach fonts.googleapis.com.

Import trace:
  Server Component:
    [next]/internal/font/google/poppins_f91be8b.module.css
    [next]/internal/font/google/poppins_f91be8b.js
    ./frontend/src/app/layout.tsx


 GET / 200 in 143ms (next.js: 9ms, application-code: 134ms)
⚠ [next]/internal/font/google/lora_24d51a03.module.css
Warning: Error while requesting resource
There was an issue establishing a connection while requesting https://fonts.googleapis.com/css2?family=Lora:ital,wght@1,500;1,600&display=swap

Import trace:
  Server Component:
    [next]/internal/font/google/lora_24d51a03.module.css
    [next]/internal/font/google/lora_24d51a03.js
    ./frontend/src/app/layout.tsx


⚠ [next]/internal/font/google/poppins_f91be8b.module.css
Warning: Error while requesting resource
There was an issue establishing a connection while requesting https://fonts.googleapis.com/css2?family=Poppins:wght@400;500;600;700;800&display=swap

Import trace:
  Server Component:
    [next]/internal/font/google/poppins_f91be8b.module.css
    [next]/internal/font/google/poppins_f91be8b.js
    ./frontend/src/app/layout.tsx


⚠ [next]/internal/font/google/lora_24d51a03.module.css
Warning: next/font: warning:
Failed to download Lora from Google Fonts. Using a fallback font instead.
If you are offline or behind a proxy, self-host the font with next/font/local, or set HTTP_PROXY/HTTPS_PROXY so Next.js can reach fonts.googleapis.com.

Import trace:
  Server Component:
    [next]/internal/font/google/lora_24d51a03.module.css
    [next]/internal/font/google/lora_24d51a03.js
    ./frontend/src/app/layout.tsx


⚠ [next]/internal/font/google/poppins_f91be8b.module.css
Warning: next/font: warning:
Failed to download Poppins from Google Fonts. Using a fallback font instead.
If you are offline or behind a proxy, self-host the font with next/font/local, or set HTTP_PROXY/HTTPS_PROXY so Next.js can reach fonts.googleapis.com.

Import trace:
  Server Component:
    [next]/internal/font/google/poppins_f91be8b.module.css
    [next]/internal/font/google/poppins_f91be8b.js
    ./frontend/src/app/layout.tsx


 GET / 200 in 157ms (next.js: 8ms, application-code: 149ms)
⚠ [next]/internal/font/google/lora_24d51a03.module.css
Warning: Error while requesting resource
There was an issue establishing a connection while requesting https://fonts.googleapis.com/css2?family=Lora:ital,wght@1,500;1,600&display=swap

Import trace:
  Server Component:
    [next]/internal/font/google/lora_24d51a03.module.css
    [next]/internal/font/google/lora_24d51a03.js
    ./frontend/src/app/layout.tsx


⚠ [next]/internal/font/google/poppins_f91be8b.module.css
Warning: Error while requesting resource
There was an issue establishing a connection while requesting https://fonts.googleapis.com/css2?family=Poppins:wght@400;500;600;700;800&display=swap

Import trace:
  Server Component:
    [next]/internal/font/google/poppins_f91be8b.module.css
    [next]/internal/font/google/poppins_f91be8b.js
    ./frontend/src/app/layout.tsx


⚠ [next]/internal/font/google/lora_24d51a03.module.css
Warning: next/font: warning:
Failed to download Lora from Google Fonts. Using a fallback font instead.
If you are offline or behind a proxy, self-host the font with next/font/local, or set HTTP_PROXY/HTTPS_PROXY so Next.js can reach fonts.googleapis.com.

Import trace:
  Server Component:
    [next]/internal/font/google/lora_24d51a03.module.css
    [next]/internal/font/google/lora_24d51a03.js
    ./frontend/src/app/layout.tsx


⚠ [next]/internal/font/google/poppins_f91be8b.module.css
Warning: next/font: warning:
Failed to download Poppins from Google Fonts. Using a fallback font instead.
If you are offline or behind a proxy, self-host the font with next/font/local, or set HTTP_PROXY/HTTPS_PROXY so Next.js can reach fonts.googleapis.com.

Import trace:
  Server Component:
    [next]/internal/font/google/poppins_f91be8b.module.css
    [next]/internal/font/google/poppins_f91be8b.js
    ./frontend/src/app/layout.tsx


 GET / 200 in 162ms (next.js: 8ms, application-code: 154ms)
⚠ [next]/internal/font/google/lora_24d51a03.module.css
Warning: Error while requesting resource
There was an issue establishing a connection while requesting https://fonts.googleapis.com/css2?family=Lora:ital,wght@1,500;1,600&display=swap

Import trace:
  Server Component:
    [next]/internal/font/google/lora_24d51a03.module.css
    [next]/internal/font/google/lora_24d51a03.js
    ./frontend/src/app/layout.tsx


⚠ [next]/internal/font/google/poppins_f91be8b.module.css
Warning: Error while requesting resource
There was an issue establishing a connection while requesting https://fonts.googleapis.com/css2?family=Poppins:wght@400;500;600;700;800&display=swap

Import trace:
  Server Component:
    [next]/internal/font/google/poppins_f91be8b.module.css
    [next]/internal/font/google/poppins_f91be8b.js
    ./frontend/src/app/layout.tsx


⚠ [next]/internal/font/google/lora_24d51a03.module.css
Warning: next/font: warning:
Failed to download Lora from Google Fonts. Using a fallback font instead.
If you are offline or behind a proxy, self-host the font with next/font/local, or set HTTP_PROXY/HTTPS_PROXY so Next.js can reach fonts.googleapis.com.

Import trace:
  Server Component:
    [next]/internal/font/google/lora_24d51a03.module.css
    [next]/internal/font/google/lora_24d51a03.js
    ./frontend/src/app/layout.tsx


⚠ [next]/internal/font/google/poppins_f91be8b.module.css
Warning: next/font: warning:
Failed to download Poppins from Google Fonts. Using a fallback font instead.
If you are offline or behind a proxy, self-host the font with next/font/local, or set HTTP_PROXY/HTTPS_PROXY so Next.js can reach fonts.googleapis.com.

Import trace:
  Server Component:
    [next]/internal/font/google/poppins_f91be8b.module.css
    [next]/internal/font/google/poppins_f91be8b.js
    ./frontend/src/app/layout.tsx


 GET / 200 in 157ms (next.js: 9ms, application-code: 149ms)
⚠ [next]/internal/font/google/lora_24d51a03.module.css
Warning: Error while requesting resource
There was an issue establishing a connection while requesting https://fonts.googleapis.com/css2?family=Lora:ital,wght@1,500;1,600&display=swap

Import trace:
  Server Component:
    [next]/internal/font/google/lora_24d51a03.module.css
    [next]/internal/font/google/lora_24d51a03.js
    ./frontend/src/app/layout.tsx


⚠ [next]/internal/font/google/poppins_f91be8b.module.css
Warning: Error while requesting resource
There was an issue establishing a connection while requesting https://fonts.googleapis.com/css2?family=Poppins:wght@400;500;600;700;800&display=swap

Import trace:
  Server Component:
    [next]/internal/font/google/poppins_f91be8b.module.css
    [next]/internal/font/google/poppins_f91be8b.js
    ./frontend/src/app/layout.tsx


⚠ [next]/internal/font/google/lora_24d51a03.module.css
Warning: next/font: warning:
Failed to download Lora from Google Fonts. Using a fallback font instead.
If you are offline or behind a proxy, self-host the font with next/font/local, or set HTTP_PROXY/HTTPS_PROXY so Next.js can reach fonts.googleapis.com.

Import trace:
  Server Component:
    [next]/internal/font/google/lora_24d51a03.module.css
    [next]/internal/font/google/lora_24d51a03.js
    ./frontend/src/app/layout.tsx


⚠ [next]/internal/font/google/poppins_f91be8b.module.css
Warning: next/font: warning:
Failed to download Poppins from Google Fonts. Using a fallback font instead.
If you are offline or behind a proxy, self-host the font with next/font/local, or set HTTP_PROXY/HTTPS_PROXY so Next.js can reach fonts.googleapis.com.

Import trace:
  Server Component:
    [next]/internal/font/google/poppins_f91be8b.module.css
    [next]/internal/font/google/poppins_f91be8b.js
    ./frontend/src/app/layout.tsx


 GET / 200 in 141ms (next.js: 8ms, application-code: 133ms)
⚠ [next]/internal/font/google/lora_24d51a03.module.css
Warning: Error while requesting resource
There was an issue establishing a connection while requesting https://fonts.googleapis.com/css2?family=Lora:ital,wght@1,500;1,600&display=swap

Import trace:
  Server Component:
    [next]/internal/font/google/lora_24d51a03.module.css
    [next]/internal/font/google/lora_24d51a03.js
    ./frontend/src/app/layout.tsx


⚠ [next]/internal/font/google/poppins_f91be8b.module.css
Warning: Error while requesting resource
There was an issue establishing a connection while requesting https://fonts.googleapis.com/css2?family=Poppins:wght@400;500;600;700;800&display=swap

Import trace:
  Server Component:
    [next]/internal/font/google/poppins_f91be8b.module.css
    [next]/internal/font/google/poppins_f91be8b.js
    ./frontend/src/app/layout.tsx


⚠ [next]/internal/font/google/lora_24d51a03.module.css
Warning: next/font: warning:
Failed to download Lora from Google Fonts. Using a fallback font instead.
If you are offline or behind a proxy, self-host the font with next/font/local, or set HTTP_PROXY/HTTPS_PROXY so Next.js can reach fonts.googleapis.com.

Import trace:
  Server Component:
    [next]/internal/font/google/lora_24d51a03.module.css
    [next]/internal/font/google/lora_24d51a03.js
    ./frontend/src/app/layout.tsx


⚠ [next]/internal/font/google/poppins_f91be8b.module.css
Warning: next/font: warning:
Failed to download Poppins from Google Fonts. Using a fallback font instead.
If you are offline or behind a proxy, self-host the font with next/font/local, or set HTTP_PROXY/HTTPS_PROXY so Next.js can reach fonts.googleapis.com.

Import trace:
  Server Component:
    [next]/internal/font/google/poppins_f91be8b.module.css
    [next]/internal/font/google/poppins_f91be8b.js
    ./frontend/src/app/layout.tsx


 GET / 200 in 127ms (next.js: 8ms, application-code: 119ms)
⚠ [next]/internal/font/google/lora_24d51a03.module.css
Warning: Error while requesting resource
There was an issue establishing a connection while requesting https://fonts.googleapis.com/css2?family=Lora:ital,wght@1,500;1,600&display=swap

Import trace:
  Server Component:
    [next]/internal/font/google/lora_24d51a03.module.css
    [next]/internal/font/google/lora_24d51a03.js
    ./frontend/src/app/layout.tsx


⚠ [next]/internal/font/google/poppins_f91be8b.module.css
Warning: Error while requesting resource
There was an issue establishing a connection while requesting https://fonts.googleapis.com/css2?family=Poppins:wght@400;500;600;700;800&display=swap

Import trace:
  Server Component:
    [next]/internal/font/google/poppins_f91be8b.module.css
    [next]/internal/font/google/poppins_f91be8b.js
    ./frontend/src/app/layout.tsx


⚠ [next]/internal/font/google/lora_24d51a03.module.css
Warning: next/font: warning:
Failed to download Lora from Google Fonts. Using a fallback font instead.
If you are offline or behind a proxy, self-host the font with next/font/local, or set HTTP_PROXY/HTTPS_PROXY so Next.js can reach fonts.googleapis.com.

Import trace:
  Server Component:
    [next]/internal/font/google/lora_24d51a03.module.css
    [next]/internal/font/google/lora_24d51a03.js
    ./frontend/src/app/layout.tsx


⚠ [next]/internal/font/google/poppins_f91be8b.module.css
Warning: next/font: warning:
Failed to download Poppins from Google Fonts. Using a fallback font instead.
If you are offline or behind a proxy, self-host the font with next/font/local, or set HTTP_PROXY/HTTPS_PROXY so Next.js can reach fonts.googleapis.com.

Import trace:
  Server Component:
    [next]/internal/font/google/poppins_f91be8b.module.css
    [next]/internal/font/google/poppins_f91be8b.js
    ./frontend/src/app/layout.tsx


 GET / 200 in 119ms (next.js: 7ms, application-code: 112ms)
⚠ [next]/internal/font/google/lora_24d51a03.module.css
Warning: Error while requesting resource
There was an issue establishing a connection while requesting https://fonts.googleapis.com/css2?family=Lora:ital,wght@1,500;1,600&display=swap

Import trace:
  Server Component:
    [next]/internal/font/google/lora_24d51a03.module.css
    [next]/internal/font/google/lora_24d51a03.js
    ./frontend/src/app/layout.tsx


⚠ [next]/internal/font/google/poppins_f91be8b.module.css
Warning: Error while requesting resource
There was an issue establishing a connection while requesting https://fonts.googleapis.com/css2?family=Poppins:wght@400;500;600;700;800&display=swap

Import trace:
  Server Component:
    [next]/internal/font/google/poppins_f91be8b.module.css
    [next]/internal/font/google/poppins_f91be8b.js
    ./frontend/src/app/layout.tsx


⚠ [next]/internal/font/google/lora_24d51a03.module.css
Warning: next/font: warning:
Failed to download Lora from Google Fonts. Using a fallback font instead.
If you are offline or behind a proxy, self-host the font with next/font/local, or set HTTP_PROXY/HTTPS_PROXY so Next.js can reach fonts.googleapis.com.

Import trace:
  Server Component:
    [next]/internal/font/google/lora_24d51a03.module.css
    [next]/internal/font/google/lora_24d51a03.js
    ./frontend/src/app/layout.tsx


⚠ [next]/internal/font/google/poppins_f91be8b.module.css
Warning: next/font: warning:
Failed to download Poppins from Google Fonts. Using a fallback font instead.
If you are offline or behind a proxy, self-host the font with next/font/local, or set HTTP_PROXY/HTTPS_PROXY so Next.js can reach fonts.googleapis.com.

Import trace:
  Server Component:
    [next]/internal/font/google/poppins_f91be8b.module.css
    [next]/internal/font/google/poppins_f91be8b.js
    ./frontend/src/app/layout.tsx


 GET / 200 in 129ms (next.js: 8ms, application-code: 122ms)
 GET / 200 in 93ms (next.js: 7ms, application-code: 85ms)
⚠ [next]/internal/font/google/lora_24d51a03.module.css
Warning: Error while requesting resource
There was an issue establishing a connection while requesting https://fonts.googleapis.com/css2?family=Lora:ital,wght@1,500;1,600&display=swap

Import trace:
  Server Component:
    [next]/internal/font/google/lora_24d51a03.module.css
    [next]/internal/font/google/lora_24d51a03.js
    ./frontend/src/app/layout.tsx


⚠ [next]/internal/font/google/poppins_f91be8b.module.css
Warning: Error while requesting resource
There was an issue establishing a connection while requesting https://fonts.googleapis.com/css2?family=Poppins:wght@400;500;600;700;800&display=swap

Import trace:
  Server Component:
    [next]/internal/font/google/poppins_f91be8b.module.css
    [next]/internal/font/google/poppins_f91be8b.js
    ./frontend/src/app/layout.tsx


⚠ [next]/internal/font/google/lora_24d51a03.module.css
Warning: next/font: warning:
Failed to download Lora from Google Fonts. Using a fallback font instead.
If you are offline or behind a proxy, self-host the font with next/font/local, or set HTTP_PROXY/HTTPS_PROXY so Next.js can reach fonts.googleapis.com.

Import trace:
  Server Component:
    [next]/internal/font/google/lora_24d51a03.module.css
    [next]/internal/font/google/lora_24d51a03.js
    ./frontend/src/app/layout.tsx


⚠ [next]/internal/font/google/poppins_f91be8b.module.css
Warning: next/font: warning:
Failed to download Poppins from Google Fonts. Using a fallback font instead.
If you are offline or behind a proxy, self-host the font with next/font/local, or set HTTP_PROXY/HTTPS_PROXY so Next.js can reach fonts.googleapis.com.

Import trace:
  Server Component:
    [next]/internal/font/google/poppins_f91be8b.module.css
    [next]/internal/font/google/poppins_f91be8b.js
    ./frontend/src/app/layout.tsx


 GET / 200 in 104ms (next.js: 7ms, application-code: 97ms)
⚠ [next]/internal/font/google/lora_24d51a03.module.css
Warning: Error while requesting resource
There was an issue establishing a connection while requesting https://fonts.googleapis.com/css2?family=Lora:ital,wght@1,500;1,600&display=swap

Import trace:
  Server Component:
    [next]/internal/font/google/lora_24d51a03.module.css
    [next]/internal/font/google/lora_24d51a03.js
    ./frontend/src/app/layout.tsx


⚠ [next]/internal/font/google/poppins_f91be8b.module.css
Warning: Error while requesting resource
There was an issue establishing a connection while requesting https://fonts.googleapis.com/css2?family=Poppins:wght@400;500;600;700;800&display=swap

Import trace:
  Server Component:
    [next]/internal/font/google/poppins_f91be8b.module.css
    [next]/internal/font/google/poppins_f91be8b.js
    ./frontend/src/app/layout.tsx


⚠ [next]/internal/font/google/lora_24d51a03.module.css
Warning: next/font: warning:
Failed to download Lora from Google Fonts. Using a fallback font instead.
If you are offline or behind a proxy, self-host the font with next/font/local, or set HTTP_PROXY/HTTPS_PROXY so Next.js can reach fonts.googleapis.com.

Import trace:
  Server Component:
    [next]/internal/font/google/lora_24d51a03.module.css
    [next]/internal/font/google/lora_24d51a03.js
    ./frontend/src/app/layout.tsx


⚠ [next]/internal/font/google/poppins_f91be8b.module.css
Warning: next/font: warning:
Failed to download Poppins from Google Fonts. Using a fallback font instead.
If you are offline or behind a proxy, self-host the font with next/font/local, or set HTTP_PROXY/HTTPS_PROXY so Next.js can reach fonts.googleapis.com.

Import trace:
  Server Component:
    [next]/internal/font/google/poppins_f91be8b.module.css
    [next]/internal/font/google/poppins_f91be8b.js
    ./frontend/src/app/layout.tsx


⚠ [next]/internal/font/google/lora_24d51a03.module.css
Warning: Error while requesting resource
There was an issue establishing a connection while requesting https://fonts.googleapis.com/css2?family=Lora:ital,wght@1,500;1,600&display=swap

Import trace:
  Server Component:
    [next]/internal/font/google/lora_24d51a03.module.css
    [next]/internal/font/google/lora_24d51a03.js
    ./frontend/src/app/layout.tsx


⚠ [next]/internal/font/google/poppins_f91be8b.module.css
Warning: Error while requesting resource
There was an issue establishing a connection while requesting https://fonts.googleapis.com/css2?family=Poppins:wght@400;500;600;700;800&display=swap

Import trace:
  Server Component:
    [next]/internal/font/google/poppins_f91be8b.module.css
    [next]/internal/font/google/poppins_f91be8b.js
    ./frontend/src/app/layout.tsx


⚠ [next]/internal/font/google/lora_24d51a03.module.css
Warning: next/font: warning:
Failed to download Lora from Google Fonts. Using a fallback font instead.
If you are offline or behind a proxy, self-host the font with next/font/local, or set HTTP_PROXY/HTTPS_PROXY so Next.js can reach fonts.googleapis.com.

Import trace:
  Server Component:
    [next]/internal/font/google/lora_24d51a03.module.css
    [next]/internal/font/google/lora_24d51a03.js
    ./frontend/src/app/layout.tsx


⚠ [next]/internal/font/google/poppins_f91be8b.module.css
Warning: next/font: warning:
Failed to download Poppins from Google Fonts. Using a fallback font instead.
If you are offline or behind a proxy, self-host the font with next/font/local, or set HTTP_PROXY/HTTPS_PROXY so Next.js can reach fonts.googleapis.com.

Import trace:
  Server Component:
    [next]/internal/font/google/poppins_f91be8b.module.css
    [next]/internal/font/google/poppins_f91be8b.js
    ./frontend/src/app/layout.tsx


 GET / 200 in 105ms (next.js: 9ms, application-code: 95ms)
⚠ [next]/internal/font/google/lora_24d51a03.module.css
Warning: Error while requesting resource
There was an issue establishing a connection while requesting https://fonts.googleapis.com/css2?family=Lora:ital,wght@1,500;1,600&display=swap

Import trace:
  Server Component:
    [next]/internal/font/google/lora_24d51a03.module.css
    [next]/internal/font/google/lora_24d51a03.js
    ./frontend/src/app/layout.tsx


⚠ [next]/internal/font/google/poppins_f91be8b.module.css
Warning: Error while requesting resource
There was an issue establishing a connection while requesting https://fonts.googleapis.com/css2?family=Poppins:wght@400;500;600;700;800&display=swap

Import trace:
  Server Component:
    [next]/internal/font/google/poppins_f91be8b.module.css
    [next]/internal/font/google/poppins_f91be8b.js
    ./frontend/src/app/layout.tsx


⚠ [next]/internal/font/google/lora_24d51a03.module.css
Warning: next/font: warning:
Failed to download Lora from Google Fonts. Using a fallback font instead.
If you are offline or behind a proxy, self-host the font with next/font/local, or set HTTP_PROXY/HTTPS_PROXY so Next.js can reach fonts.googleapis.com.

Import trace:
  Server Component:
    [next]/internal/font/google/lora_24d51a03.module.css
    [next]/internal/font/google/lora_24d51a03.js
    ./frontend/src/app/layout.tsx


⚠ [next]/internal/font/google/poppins_f91be8b.module.css
Warning: next/font: warning:
Failed to download Poppins from Google Fonts. Using a fallback font instead.
If you are offline or behind a proxy, self-host the font with next/font/local, or set HTTP_PROXY/HTTPS_PROXY so Next.js can reach fonts.googleapis.com.

Import trace:
  Server Component:
    [next]/internal/font/google/poppins_f91be8b.module.css
    [next]/internal/font/google/poppins_f91be8b.js
    ./frontend/src/app/layout.tsx


 GET / 200 in 78ms (next.js: 5ms, application-code: 73ms)
⚠ [next]/internal/font/google/lora_24d51a03.module.css
Warning: Error while requesting resource
There was an issue establishing a connection while requesting https://fonts.googleapis.com/css2?family=Lora:ital,wght@1,500;1,600&display=swap

Import trace:
  Server Component:
    [next]/internal/font/google/lora_24d51a03.module.css
    [next]/internal/font/google/lora_24d51a03.js
    ./frontend/src/app/layout.tsx


⚠ [next]/internal/font/google/poppins_f91be8b.module.css
Warning: Error while requesting resource
There was an issue establishing a connection while requesting https://fonts.googleapis.com/css2?family=Poppins:wght@400;500;600;700;800&display=swap

Import trace:
  Server Component:
    [next]/internal/font/google/poppins_f91be8b.module.css
    [next]/internal/font/google/poppins_f91be8b.js
    ./frontend/src/app/layout.tsx


⚠ [next]/internal/font/google/lora_24d51a03.module.css
Warning: next/font: warning:
Failed to download Lora from Google Fonts. Using a fallback font instead.
If you are offline or behind a proxy, self-host the font with next/font/local, or set HTTP_PROXY/HTTPS_PROXY so Next.js can reach fonts.googleapis.com.

Import trace:
  Server Component:
    [next]/internal/font/google/lora_24d51a03.module.css
    [next]/internal/font/google/lora_24d51a03.js
    ./frontend/src/app/layout.tsx


⚠ [next]/internal/font/google/poppins_f91be8b.module.css
Warning: next/font: warning:
Failed to download Poppins from Google Fonts. Using a fallback font instead.
If you are offline or behind a proxy, self-host the font with next/font/local, or set HTTP_PROXY/HTTPS_PROXY so Next.js can reach fonts.googleapis.com.

Import trace:
  Server Component:
    [next]/internal/font/google/poppins_f91be8b.module.css
    [next]/internal/font/google/poppins_f91be8b.js
    ./frontend/src/app/layout.tsx


 GET / 200 in 82ms (next.js: 5ms, application-code: 76ms)
⚠ [next]/internal/font/google/lora_24d51a03.module.css
Warning: Error while requesting resource
There was an issue establishing a connection while requesting https://fonts.googleapis.com/css2?family=Lora:ital,wght@1,500;1,600&display=swap

Import trace:
  Server Component:
    [next]/internal/font/google/lora_24d51a03.module.css
    [next]/internal/font/google/lora_24d51a03.js
    ./frontend/src/app/layout.tsx


⚠ [next]/internal/font/google/poppins_f91be8b.module.css
Warning: Error while requesting resource
There was an issue establishing a connection while requesting https://fonts.googleapis.com/css2?family=Poppins:wght@400;500;600;700;800&display=swap

Import trace:
  Server Component:
    [next]/internal/font/google/poppins_f91be8b.module.css
    [next]/internal/font/google/poppins_f91be8b.js
    ./frontend/src/app/layout.tsx


⚠ [next]/internal/font/google/lora_24d51a03.module.css
Warning: next/font: warning:
Failed to download Lora from Google Fonts. Using a fallback font instead.
If you are offline or behind a proxy, self-host the font with next/font/local, or set HTTP_PROXY/HTTPS_PROXY so Next.js can reach fonts.googleapis.com.

Import trace:
  Server Component:
    [next]/internal/font/google/lora_24d51a03.module.css
    [next]/internal/font/google/lora_24d51a03.js
    ./frontend/src/app/layout.tsx


⚠ [next]/internal/font/google/poppins_f91be8b.module.css
Warning: next/font: warning:
Failed to download Poppins from Google Fonts. Using a fallback font instead.
If you are offline or behind a proxy, self-host the font with next/font/local, or set HTTP_PROXY/HTTPS_PROXY so Next.js can reach fonts.googleapis.com.

Import trace:
  Server Component:
    [next]/internal/font/google/poppins_f91be8b.module.css
    [next]/internal/font/google/poppins_f91be8b.js
    ./frontend/src/app/layout.tsx


 GET / 200 in 86ms (next.js: 4ms, application-code: 82ms)
⚠ [next]/internal/font/google/lora_24d51a03.module.css
Warning: Error while requesting resource
There was an issue establishing a connection while requesting https://fonts.googleapis.com/css2?family=Lora:ital,wght@1,500;1,600&display=swap

Import trace:
  Server Component:
    [next]/internal/font/google/lora_24d51a03.module.css
    [next]/internal/font/google/lora_24d51a03.js
    ./frontend/src/app/layout.tsx


⚠ [next]/internal/font/google/poppins_f91be8b.module.css
Warning: Error while requesting resource
There was an issue establishing a connection while requesting https://fonts.googleapis.com/css2?family=Poppins:wght@400;500;600;700;800&display=swap

Import trace:
  Server Component:
    [next]/internal/font/google/poppins_f91be8b.module.css
    [next]/internal/font/google/poppins_f91be8b.js
    ./frontend/src/app/layout.tsx


⚠ [next]/internal/font/google/lora_24d51a03.module.css
Warning: next/font: warning:
Failed to download Lora from Google Fonts. Using a fallback font instead.
If you are offline or behind a proxy, self-host the font with next/font/local, or set HTTP_PROXY/HTTPS_PROXY so Next.js can reach fonts.googleapis.com.

Import trace:
  Server Component:
    [next]/internal/font/google/lora_24d51a03.module.css
    [next]/internal/font/google/lora_24d51a03.js
    ./frontend/src/app/layout.tsx


⚠ [next]/internal/font/google/poppins_f91be8b.module.css
Warning: next/font: warning:
Failed to download Poppins from Google Fonts. Using a fallback font instead.
If you are offline or behind a proxy, self-host the font with next/font/local, or set HTTP_PROXY/HTTPS_PROXY so Next.js can reach fonts.googleapis.com.

Import trace:
  Server Component:
    [next]/internal/font/google/poppins_f91be8b.module.css
    [next]/internal/font/google/poppins_f91be8b.js
    ./frontend/src/app/layout.tsx


 GET / 200 in 93ms (next.js: 5ms, application-code: 88ms)
⚠ [next]/internal/font/google/lora_24d51a03.module.css
Warning: Error while requesting resource
There was an issue establishing a connection while requesting https://fonts.googleapis.com/css2?family=Lora:ital,wght@1,500;1,600&display=swap

Import trace:
  Server Component:
    [next]/internal/font/google/lora_24d51a03.module.css
    [next]/internal/font/google/lora_24d51a03.js
    ./frontend/src/app/layout.tsx


⚠ [next]/internal/font/google/poppins_f91be8b.module.css
Warning: Error while requesting resource
There was an issue establishing a connection while requesting https://fonts.googleapis.com/css2?family=Poppins:wght@400;500;600;700;800&display=swap

Import trace:
  Server Component:
    [next]/internal/font/google/poppins_f91be8b.module.css
    [next]/internal/font/google/poppins_f91be8b.js
    ./frontend/src/app/layout.tsx


⚠ [next]/internal/font/google/lora_24d51a03.module.css
Warning: next/font: warning:
Failed to download Lora from Google Fonts. Using a fallback font instead.
If you are offline or behind a proxy, self-host the font with next/font/local, or set HTTP_PROXY/HTTPS_PROXY so Next.js can reach fonts.googleapis.com.

Import trace:
  Server Component:
    [next]/internal/font/google/lora_24d51a03.module.css
    [next]/internal/font/google/lora_24d51a03.js
    ./frontend/src/app/layout.tsx


⚠ [next]/internal/font/google/poppins_f91be8b.module.css
Warning: next/font: warning:
Failed to download Poppins from Google Fonts. Using a fallback font instead.
If you are offline or behind a proxy, self-host the font with next/font/local, or set HTTP_PROXY/HTTPS_PROXY so Next.js can reach fonts.googleapis.com.

Import trace:
  Server Component:
    [next]/internal/font/google/poppins_f91be8b.module.css
    [next]/internal/font/google/poppins_f91be8b.js
    ./frontend/src/app/layout.tsx


 GET / 200 in 96ms (next.js: 4ms, application-code: 92ms)
⚠ [next]/internal/font/google/lora_24d51a03.module.css
Warning: Error while requesting resource
There was an issue establishing a connection while requesting https://fonts.googleapis.com/css2?family=Lora:ital,wght@1,500;1,600&display=swap

Import trace:
  Server Component:
    [next]/internal/font/google/lora_24d51a03.module.css
    [next]/internal/font/google/lora_24d51a03.js
    ./frontend/src/app/layout.tsx


⚠ [next]/internal/font/google/poppins_f91be8b.module.css
Warning: Error while requesting resource
There was an issue establishing a connection while requesting https://fonts.googleapis.com/css2?family=Poppins:wght@400;500;600;700;800&display=swap

Import trace:
  Server Component:
    [next]/internal/font/google/poppins_f91be8b.module.css
    [next]/internal/font/google/poppins_f91be8b.js
    ./frontend/src/app/layout.tsx


⚠ [next]/internal/font/google/lora_24d51a03.module.css
Warning: next/font: warning:
Failed to download Lora from Google Fonts. Using a fallback font instead.
If you are offline or behind a proxy, self-host the font with next/font/local, or set HTTP_PROXY/HTTPS_PROXY so Next.js can reach fonts.googleapis.com.

Import trace:
  Server Component:
    [next]/internal/font/google/lora_24d51a03.module.css
    [next]/internal/font/google/lora_24d51a03.js
    ./frontend/src/app/layout.tsx


⚠ [next]/internal/font/google/poppins_f91be8b.module.css
Warning: next/font: warning:
Failed to download Poppins from Google Fonts. Using a fallback font instead.
If you are offline or behind a proxy, self-host the font with next/font/local, or set HTTP_PROXY/HTTPS_PROXY so Next.js can reach fonts.googleapis.com.

Import trace:
  Server Component:
    [next]/internal/font/google/poppins_f91be8b.module.css
    [next]/internal/font/google/poppins_f91be8b.js
    ./frontend/src/app/layout.tsx


 GET / 200 in 88ms (next.js: 6ms, application-code: 81ms)
 GET / 200 in 56ms (next.js: 6ms, application-code: 50ms)
 GET / 200 in 26ms (next.js: 5ms, application-code: 21ms)
⚠ [next]/internal/font/google/lora_24d51a03.module.css
Warning: Error while requesting resource
There was an issue establishing a connection while requesting https://fonts.googleapis.com/css2?family=Lora:ital,wght@1,500;1,600&display=swap

Import trace:
  Server Component:
    [next]/internal/font/google/lora_24d51a03.module.css
    [next]/internal/font/google/lora_24d51a03.js
    ./frontend/src/app/layout.tsx


⚠ [next]/internal/font/google/poppins_f91be8b.module.css
Warning: Error while requesting resource
There was an issue establishing a connection while requesting https://fonts.googleapis.com/css2?family=Poppins:wght@400;500;600;700;800&display=swap

Import trace:
  Server Component:
    [next]/internal/font/google/poppins_f91be8b.module.css
    [next]/internal/font/google/poppins_f91be8b.js
    ./frontend/src/app/layout.tsx


⚠ [next]/internal/font/google/lora_24d51a03.module.css
Warning: next/font: warning:
Failed to download Lora from Google Fonts. Using a fallback font instead.
If you are offline or behind a proxy, self-host the font with next/font/local, or set HTTP_PROXY/HTTPS_PROXY so Next.js can reach fonts.googleapis.com.

Import trace:
  Server Component:
    [next]/internal/font/google/lora_24d51a03.module.css
    [next]/internal/font/google/lora_24d51a03.js
    ./frontend/src/app/layout.tsx


⚠ [next]/internal/font/google/poppins_f91be8b.module.css
Warning: next/font: warning:
Failed to download Poppins from Google Fonts. Using a fallback font instead.
If you are offline or behind a proxy, self-host the font with next/font/local, or set HTTP_PROXY/HTTPS_PROXY so Next.js can reach fonts.googleapis.com.

Import trace:
  Server Component:
    [next]/internal/font/google/poppins_f91be8b.module.css
    [next]/internal/font/google/poppins_f91be8b.js
    ./frontend/src/app/layout.tsx


 GET /manifest.webmanifest 200 in 71ms (next.js: 52ms, application-code: 19ms)
⚠ [next]/internal/font/google/lora_24d51a03.module.css
Warning: Error while requesting resource
There was an issue establishing a connection while requesting https://fonts.googleapis.com/css2?family=Lora:ital,wght@1,500;1,600&display=swap

Import trace:
  Server Component:
    [next]/internal/font/google/lora_24d51a03.module.css
    [next]/internal/font/google/lora_24d51a03.js
    ./frontend/src/app/layout.tsx


⚠ [next]/internal/font/google/poppins_f91be8b.module.css
Warning: Error while requesting resource
There was an issue establishing a connection while requesting https://fonts.googleapis.com/css2?family=Poppins:wght@400;500;600;700;800&display=swap

Import trace:
  Server Component:
    [next]/internal/font/google/poppins_f91be8b.module.css
    [next]/internal/font/google/poppins_f91be8b.js
    ./frontend/src/app/layout.tsx


⚠ [next]/internal/font/google/lora_24d51a03.module.css
Warning: next/font: warning:
Failed to download Lora from Google Fonts. Using a fallback font instead.
If you are offline or behind a proxy, self-host the font with next/font/local, or set HTTP_PROXY/HTTPS_PROXY so Next.js can reach fonts.googleapis.com.

Import trace:
  Server Component:
    [next]/internal/font/google/lora_24d51a03.module.css
    [next]/internal/font/google/lora_24d51a03.js
    ./frontend/src/app/layout.tsx


⚠ [next]/internal/font/google/poppins_f91be8b.module.css
Warning: next/font: warning:
Failed to download Poppins from Google Fonts. Using a fallback font instead.
If you are offline or behind a proxy, self-host the font with next/font/local, or set HTTP_PROXY/HTTPS_PROXY so Next.js can reach fonts.googleapis.com.

Import trace:
  Server Component:
    [next]/internal/font/google/poppins_f91be8b.module.css
    [next]/internal/font/google/poppins_f91be8b.js
    ./frontend/src/app/layout.tsx


✓ Compiled in 59ms
 GET / 200 in 45ms (next.js: 10ms, application-code: 35ms)
⚠ [next]/internal/font/google/lora_24d51a03.module.css
Warning: Error while requesting resource
There was an issue establishing a connection while requesting https://fonts.googleapis.com/css2?family=Lora:ital,wght@1,500;1,600&display=swap

Import trace:
  Server Component:
    [next]/internal/font/google/lora_24d51a03.module.css
    [next]/internal/font/google/lora_24d51a03.js
    ./frontend/src/app/layout.tsx


⚠ [next]/internal/font/google/poppins_f91be8b.module.css
Warning: Error while requesting resource
There was an issue establishing a connection while requesting https://fonts.googleapis.com/css2?family=Poppins:wght@400;500;600;700;800&display=swap

Import trace:
  Server Component:
    [next]/internal/font/google/poppins_f91be8b.module.css
    [next]/internal/font/google/poppins_f91be8b.js
    ./frontend/src/app/layout.tsx


⚠ [next]/internal/font/google/lora_24d51a03.module.css
Warning: next/font: warning:
Failed to download Lora from Google Fonts. Using a fallback font instead.
If you are offline or behind a proxy, self-host the font with next/font/local, or set HTTP_PROXY/HTTPS_PROXY so Next.js can reach fonts.googleapis.com.

Import trace:
  Server Component:
    [next]/internal/font/google/lora_24d51a03.module.css
    [next]/internal/font/google/lora_24d51a03.js
    ./frontend/src/app/layout.tsx


⚠ [next]/internal/font/google/poppins_f91be8b.module.css
Warning: next/font: warning:
Failed to download Poppins from Google Fonts. Using a fallback font instead.
If you are offline or behind a proxy, self-host the font with next/font/local, or set HTTP_PROXY/HTTPS_PROXY so Next.js can reach fonts.googleapis.com.

Import trace:
  Server Component:
    [next]/internal/font/google/poppins_f91be8b.module.css
    [next]/internal/font/google/poppins_f91be8b.js
    ./frontend/src/app/layout.tsx


 GET /manifest.webmanifest 200 in 12ms (next.js: 6ms, application-code: 7ms)
⚠ [next]/internal/font/google/lora_24d51a03.module.css
Warning: Error while requesting resource
There was an issue establishing a connection while requesting https://fonts.googleapis.com/css2?family=Lora:ital,wght@1,500;1,600&display=swap

Import trace:
  Server Component:
    [next]/internal/font/google/lora_24d51a03.module.css
    [next]/internal/font/google/lora_24d51a03.js
    ./frontend/src/app/layout.tsx


⚠ [next]/internal/font/google/poppins_f91be8b.module.css
Warning: Error while requesting resource
There was an issue establishing a connection while requesting https://fonts.googleapis.com/css2?family=Poppins:wght@400;500;600;700;800&display=swap

Import trace:
  Server Component:
    [next]/internal/font/google/poppins_f91be8b.module.css
    [next]/internal/font/google/poppins_f91be8b.js
    ./frontend/src/app/layout.tsx


⚠ [next]/internal/font/google/lora_24d51a03.module.css
Warning: next/font: warning:
Failed to download Lora from Google Fonts. Using a fallback font instead.
If you are offline or behind a proxy, self-host the font with next/font/local, or set HTTP_PROXY/HTTPS_PROXY so Next.js can reach fonts.googleapis.com.

Import trace:
  Server Component:
    [next]/internal/font/google/lora_24d51a03.module.css
    [next]/internal/font/google/lora_24d51a03.js
    ./frontend/src/app/layout.tsx


⚠ [next]/internal/font/google/poppins_f91be8b.module.css
Warning: next/font: warning:
Failed to download Poppins from Google Fonts. Using a fallback font instead.
If you are offline or behind a proxy, self-host the font with next/font/local, or set HTTP_PROXY/HTTPS_PROXY so Next.js can reach fonts.googleapis.com.

Import trace:
  Server Component:
    [next]/internal/font/google/poppins_f91be8b.module.css
    [next]/internal/font/google/poppins_f91be8b.js
    ./frontend/src/app/layout.tsx


 GET / 200 in 39ms (next.js: 9ms, application-code: 31ms)
✓ Compiled in 70ms
⚠ [next]/internal/font/google/lora_24d51a03.module.css
Warning: Error while requesting resource
There was an issue establishing a connection while requesting https://fonts.googleapis.com/css2?family=Lora:ital,wght@1,500;1,600&display=swap

Import trace:
  Server Component:
    [next]/internal/font/google/lora_24d51a03.module.css
    [next]/internal/font/google/lora_24d51a03.js
    ./frontend/src/app/layout.tsx


⚠ [next]/internal/font/google/poppins_f91be8b.module.css
Warning: Error while requesting resource
There was an issue establishing a connection while requesting https://fonts.googleapis.com/css2?family=Poppins:wght@400;500;600;700;800&display=swap

Import trace:
  Server Component:
    [next]/internal/font/google/poppins_f91be8b.module.css
    [next]/internal/font/google/poppins_f91be8b.js
    ./frontend/src/app/layout.tsx


⚠ [next]/internal/font/google/lora_24d51a03.module.css
Warning: next/font: warning:
Failed to download Lora from Google Fonts. Using a fallback font instead.
If you are offline or behind a proxy, self-host the font with next/font/local, or set HTTP_PROXY/HTTPS_PROXY so Next.js can reach fonts.googleapis.com.

Import trace:
  Server Component:
    [next]/internal/font/google/lora_24d51a03.module.css
    [next]/internal/font/google/lora_24d51a03.js
    ./frontend/src/app/layout.tsx


⚠ [next]/internal/font/google/poppins_f91be8b.module.css
Warning: next/font: warning:
Failed to download Poppins from Google Fonts. Using a fallback font instead.
If you are offline or behind a proxy, self-host the font with next/font/local, or set HTTP_PROXY/HTTPS_PROXY so Next.js can reach fonts.googleapis.com.

Import trace:
  Server Component:
    [next]/internal/font/google/poppins_f91be8b.module.css
    [next]/internal/font/google/poppins_f91be8b.js
    ./frontend/src/app/layout.tsx


 GET /manifest.webmanifest 200 in 8ms (next.js: 5ms, application-code: 3ms)
⚠ [next]/internal/font/google/lora_24d51a03.module.css
Warning: Error while requesting resource
There was an issue establishing a connection while requesting https://fonts.googleapis.com/css2?family=Lora:ital,wght@1,500;1,600&display=swap

Import trace:
  Server Component:
    [next]/internal/font/google/lora_24d51a03.module.css
    [next]/internal/font/google/lora_24d51a03.js
    ./frontend/src/app/layout.tsx


⚠ [next]/internal/font/google/poppins_f91be8b.module.css
Warning: Error while requesting resource
There was an issue establishing a connection while requesting https://fonts.googleapis.com/css2?family=Poppins:wght@400;500;600;700;800&display=swap

Import trace:
  Server Component:
    [next]/internal/font/google/poppins_f91be8b.module.css
    [next]/internal/font/google/poppins_f91be8b.js
    ./frontend/src/app/layout.tsx


⚠ [next]/internal/font/google/lora_24d51a03.module.css
Warning: next/font: warning:
Failed to download Lora from Google Fonts. Using a fallback font instead.
If you are offline or behind a proxy, self-host the font with next/font/local, or set HTTP_PROXY/HTTPS_PROXY so Next.js can reach fonts.googleapis.com.

Import trace:
  Server Component:
    [next]/internal/font/google/lora_24d51a03.module.css
    [next]/internal/font/google/lora_24d51a03.js
    ./frontend/src/app/layout.tsx


⚠ [next]/internal/font/google/poppins_f91be8b.module.css
Warning: next/font: warning:
Failed to download Poppins from Google Fonts. Using a fallback font instead.
If you are offline or behind a proxy, self-host the font with next/font/local, or set HTTP_PROXY/HTTPS_PROXY so Next.js can reach fonts.googleapis.com.

Import trace:
  Server Component:
    [next]/internal/font/google/poppins_f91be8b.module.css
    [next]/internal/font/google/poppins_f91be8b.js
    ./frontend/src/app/layout.tsx


✓ Compiled in 77ms
 GET / 200 in 40ms (next.js: 9ms, application-code: 31ms)
⚠ Fast Refresh had to perform a full reload due to a runtime error.
⚠ [next]/internal/font/google/lora_24d51a03.module.css
Warning: Error while requesting resource
There was an issue establishing a connection while requesting https://fonts.googleapis.com/css2?family=Lora:ital,wght@1,500;1,600&display=swap

Import trace:
  Server Component:
    [next]/internal/font/google/lora_24d51a03.module.css
    [next]/internal/font/google/lora_24d51a03.js
    ./frontend/src/app/layout.tsx


⚠ [next]/internal/font/google/poppins_f91be8b.module.css
Warning: Error while requesting resource
There was an issue establishing a connection while requesting https://fonts.googleapis.com/css2?family=Poppins:wght@400;500;600;700;800&display=swap

Import trace:
  Server Component:
    [next]/internal/font/google/poppins_f91be8b.module.css
    [next]/internal/font/google/poppins_f91be8b.js
    ./frontend/src/app/layout.tsx


⚠ [next]/internal/font/google/lora_24d51a03.module.css
Warning: next/font: warning:
Failed to download Lora from Google Fonts. Using a fallback font instead.
If you are offline or behind a proxy, self-host the font with next/font/local, or set HTTP_PROXY/HTTPS_PROXY so Next.js can reach fonts.googleapis.com.

Import trace:
  Server Component:
    [next]/internal/font/google/lora_24d51a03.module.css
    [next]/internal/font/google/lora_24d51a03.js
    ./frontend/src/app/layout.tsx


⚠ [next]/internal/font/google/poppins_f91be8b.module.css
Warning: next/font: warning:
Failed to download Poppins from Google Fonts. Using a fallback font instead.
If you are offline or behind a proxy, self-host the font with next/font/local, or set HTTP_PROXY/HTTPS_PROXY so Next.js can reach fonts.googleapis.com.

Import trace:
  Server Component:
    [next]/internal/font/google/poppins_f91be8b.module.css
    [next]/internal/font/google/poppins_f91be8b.js
    ./frontend/src/app/layout.tsx


✓ Compiled in 65ms
⚠ [next]/internal/font/google/lora_24d51a03.module.css
Warning: Error while requesting resource
There was an issue establishing a connection while requesting https://fonts.googleapis.com/css2?family=Lora:ital,wght@1,500;1,600&display=swap

Import trace:
  Server Component:
    [next]/internal/font/google/lora_24d51a03.module.css
    [next]/internal/font/google/lora_24d51a03.js
    ./frontend/src/app/layout.tsx


⚠ [next]/internal/font/google/poppins_f91be8b.module.css
Warning: Error while requesting resource
There was an issue establishing a connection while requesting https://fonts.googleapis.com/css2?family=Poppins:wght@400;500;600;700;800&display=swap

Import trace:
  Server Component:
    [next]/internal/font/google/poppins_f91be8b.module.css
    [next]/internal/font/google/poppins_f91be8b.js
    ./frontend/src/app/layout.tsx


⚠ [next]/internal/font/google/lora_24d51a03.module.css
Warning: next/font: warning:
Failed to download Lora from Google Fonts. Using a fallback font instead.
If you are offline or behind a proxy, self-host the font with next/font/local, or set HTTP_PROXY/HTTPS_PROXY so Next.js can reach fonts.googleapis.com.

Import trace:
  Server Component:
    [next]/internal/font/google/lora_24d51a03.module.css
    [next]/internal/font/google/lora_24d51a03.js
    ./frontend/src/app/layout.tsx


⚠ [next]/internal/font/google/poppins_f91be8b.module.css
Warning: next/font: warning:
Failed to download Poppins from Google Fonts. Using a fallback font instead.
If you are offline or behind a proxy, self-host the font with next/font/local, or set HTTP_PROXY/HTTPS_PROXY so Next.js can reach fonts.googleapis.com.

Import trace:
  Server Component:
    [next]/internal/font/google/poppins_f91be8b.module.css
    [next]/internal/font/google/poppins_f91be8b.js
    ./frontend/src/app/layout.tsx


 GET /manifest.webmanifest 200 in 18ms (next.js: 8ms, application-code: 9ms)
 GET / 200 in 329ms (next.js: 7ms, application-code: 321ms)
⚠ [next]/internal/font/google/lora_24d51a03.module.css
Warning: Error while requesting resource
There was an issue establishing a connection while requesting https://fonts.googleapis.com/css2?family=Lora:ital,wght@1,500;1,600&display=swap

Import trace:
  Server Component:
    [next]/internal/font/google/lora_24d51a03.module.css
    [next]/internal/font/google/lora_24d51a03.js
    ./frontend/src/app/layout.tsx


⚠ [next]/internal/font/google/poppins_f91be8b.module.css
Warning: Error while requesting resource
There was an issue establishing a connection while requesting https://fonts.googleapis.com/css2?family=Poppins:wght@400;500;600;700;800&display=swap

Import trace:
  Server Component:
    [next]/internal/font/google/poppins_f91be8b.module.css
    [next]/internal/font/google/poppins_f91be8b.js
    ./frontend/src/app/layout.tsx


⚠ [next]/internal/font/google/lora_24d51a03.module.css
Warning: next/font: warning:
Failed to download Lora from Google Fonts. Using a fallback font instead.
If you are offline or behind a proxy, self-host the font with next/font/local, or set HTTP_PROXY/HTTPS_PROXY so Next.js can reach fonts.googleapis.com.

Import trace:
  Server Component:
    [next]/internal/font/google/lora_24d51a03.module.css
    [next]/internal/font/google/lora_24d51a03.js
    ./frontend/src/app/layout.tsx


⚠ [next]/internal/font/google/poppins_f91be8b.module.css
Warning: next/font: warning:
Failed to download Poppins from Google Fonts. Using a fallback font instead.
If you are offline or behind a proxy, self-host the font with next/font/local, or set HTTP_PROXY/HTTPS_PROXY so Next.js can reach fonts.googleapis.com.

Import trace:
  Server Component:
    [next]/internal/font/google/poppins_f91be8b.module.css
    [next]/internal/font/google/poppins_f91be8b.js
    ./frontend/src/app/layout.tsx


 GET /manifest.webmanifest 200 in 8ms (next.js: 3ms, application-code: 6ms)
⚠ [next]/internal/font/google/lora_24d51a03.module.css
Warning: Error while requesting resource
There was an issue establishing a connection while requesting https://fonts.googleapis.com/css2?family=Lora:ital,wght@1,500;1,600&display=swap

Import trace:
  Server Component:
    [next]/internal/font/google/lora_24d51a03.module.css
    [next]/internal/font/google/lora_24d51a03.js
    ./frontend/src/app/layout.tsx


⚠ [next]/internal/font/google/poppins_f91be8b.module.css
Warning: Error while requesting resource
There was an issue establishing a connection while requesting https://fonts.googleapis.com/css2?family=Poppins:wght@400;500;600;700;800&display=swap

Import trace:
  Server Component:
    [next]/internal/font/google/poppins_f91be8b.module.css
    [next]/internal/font/google/poppins_f91be8b.js
    ./frontend/src/app/layout.tsx


⚠ [next]/internal/font/google/lora_24d51a03.module.css
Warning: next/font: warning:
Failed to download Lora from Google Fonts. Using a fallback font instead.
If you are offline or behind a proxy, self-host the font with next/font/local, or set HTTP_PROXY/HTTPS_PROXY so Next.js can reach fonts.googleapis.com.

Import trace:
  Server Component:
    [next]/internal/font/google/lora_24d51a03.module.css
    [next]/internal/font/google/lora_24d51a03.js
    ./frontend/src/app/layout.tsx


⚠ [next]/internal/font/google/poppins_f91be8b.module.css
Warning: next/font: warning:
Failed to download Poppins from Google Fonts. Using a fallback font instead.
If you are offline or behind a proxy, self-host the font with next/font/local, or set HTTP_PROXY/HTTPS_PROXY so Next.js can reach fonts.googleapis.com.

Import trace:
  Server Component:
    [next]/internal/font/google/poppins_f91be8b.module.css
    [next]/internal/font/google/poppins_f91be8b.js
    ./frontend/src/app/layout.tsx


[browser] A tree hydrated but some attributes of the server rendered HTML didn't match the client properties. This won't be patched up. This can happen if a SSR-ed Client Component used:

- A server/client branch `if (typeof window !== 'undefined')`.
- Variable input such as `Date.now()` or `Math.random()` which changes each time it's called.
- Date formatting in a user's locale which doesn't match the server.
- External changing data without sending a snapshot of it along with the HTML.
- Invalid HTML tag nesting.

It can also happen if the client has a browser extension installed which messes with the HTML before React loaded.

https://react.dev/link/hydration-mismatch

  ...
    <HotReload globalError={[...]} webSocket={WebSocket} staticIndicatorState={{pathname:null, ...}}>
      <AppDevOverlayErrorBoundary globalError={[...]}>
        <ReplaySsrOnlyErrors>
        <DevRootHTTPAccessFallbackBoundary>
          <HTTPAccessFallbackBoundary notFound={<NotAllowedRootHTTPFallbackError>}>
            <HTTPAccessFallbackErrorBoundary pathname="/" notFound={<NotAllowedRootHTTPFallbackError>} ...>
              <RedirectBoundary>
                <RedirectErrorBoundary router={{...}}>
                  <Head headCacheNode={{rsc:{...}, ...}}>
                    <__next_viewport_boundary__>
                    <MetadataWrapper>
                      <div
                        hidden={true}
-                       bis_skin_checked="1"
                      >
                  <__next_root_layout_boundary__>
                    <SegmentViewNode type="layout" pagePath="layout.tsx">
                      <SegmentTrieNode>
                      <link>
                      <script>
                      <script>
                      <RootLayout>
                        <html lang="en" className="poppins_f9..." suppressHydrationWarning={true}>
                          <head>
                          <body
                            className="min-h-full flex flex-col antialiased"
-                           bis_register="W3sibWFzdGVyIjp0cnVlLCJleHRlbnNpb25JZCI6ImVwcGlvY2VtaG1ubGJoanBsY2drb2ZjaWll..."
-                           __processed_c1a7f2dd-c81d-47e1-8015-01b2c598c063__="true"
                          >
                            ...
                              <ClientPageRoot Component={function Home} serverProvidedParams={{...}}>
                                <Home params={Promise} searchParams={Promise}>
                                  <Header activeDownloaderTab={null} ...>
                                    <header className="fixed top-...">
                                      <div
                                        className="site-header-inner mx-auto grid h-[72px] max-w-[1200px] grid-cols-3 ..."
-                                       bis_skin_checked="1"
                                      >
                                        <LinkComponent>
                                        <div
                                          className="hidden xl:flex items-center justify-center gap-1 justify-self-center"
-                                         bis_skin_checked="1"
                                        >
                                          <ToolCategoryDropdown>
                                            <div
                                              ref={{current:null}}
                                              className="relative hidden xl:flex items-center"
-                                             bis_skin_checked="1"
                                            >
                                          ...
                                        <div
                                          className="site-controls flex min-w-0 items-center gap-3 sm:gap-5 justify-se..."
-                                         bis_skin_checked="1"
                                        >
                                          <div
                                            className="relative"
                                            ref={{current:null}}
-                                           bis_skin_checked="1"
                                          >
                                          <LinkComponent>
                                          <button type="button" onClick={function toggleTheme} className="theme-toggle" ...>
                                            <div
                                              className="theme-toggle__thumb"
-                                             bis_skin_checked="1"
                                            >
                                            ...
                                          ...
                                    <div
                                      className="mobile-drawer fixed inset-y-0 right-0 z-50 flex h-full w-[min(82vw,38..."
                                      role="dialog"
                                      aria-modal="true"
                                      aria-hidden={true}
                                      aria-label="Mobile navigation"
-                                     bis_skin_checked="1"
                                    >
                                      <div
                                        className="mobile-drawer-header flex h-[68px] shrink-0 items-center justify-be..."
-                                       bis_skin_checked="1"
                                      >
                                        <div
-                                         bis_skin_checked="1"
                                        >
                                        ...
                                      <nav className="mobile-dra..." aria-label="Mobile nav...">
                                        <LinkComponent>
                                        <LinkComponent>
                                        <LinkComponent>
                                        <LinkComponent>
                                        <LinkComponent>
                                        <LinkComponent>
                                        <div
                                          className="my-2 border-t border-border-light"
-                                         bis_skin_checked="1"
                                        >
                                        ...
                                      <div
                                        className="mobile-drawer-cta shrink-0 border-t border-border p-4 pb-[calc(1rem..."
-                                       bis_skin_checked="1"
                                      >
                                  <main className="flex-1">
                                    <HeroDownloader activeTab={null} onActiveTabChange={function bound dispatchSetState}>
                                      <section id="hero" className="hero-secti...">
                                        <div
                                          className="absolute inset-0 -z-10"
                                          aria-hidden="true"
-                                         bis_skin_checked="1"
                                        >
                                          <div
                                            className="absolute left-1/2 top-0 h-[420px] w-full max-w-[1000px] -transl..."
-                                           bis_skin_checked="1"
                                          >
                                        <div
                                          className="mx-auto w-full max-w-[1200px] min-w-0 px-3 sm:px-6 lg:px-12"
-                                         bis_skin_checked="1"
                                        >
                                          <div
                                            className="mx-auto w-full min-w-0 max-w-[680px] text-center"
-                                           bis_skin_checked="1"
                                          >
                                            <div
                                              className="animate-fade-in-up mb-4 inline-flex max-w-full items-center g..."
                                              style={{background:"var(--card)",boxShadow:"var(--shad...",border:"1px solid ..."}}
-                                             bis_skin_checked="1"
                                            >
                                            ...
                                          <div
                                            className="animate-fade-in-up delay-300 mx-auto mt-6 w-full min-w-0 max-w-..."
-                                           bis_skin_checked="1"
                                          >
                                            <div
                                              ref={{current:null}}
                                              role="tablist"
                                              aria-label="Content types"
                                              className="tabs-scroll flex items-center gap-1 overflow-x-auto rounded-f..."
                                              style={{background:"var(--card)",boxShadow:"var(--shad...",border:"1px solid ..."}}
-                                             bis_skin_checked="1"
                                            >
                                          <div
                                            className="animate-fade-in-up delay-300 mx-auto mt-4 w-full min-w-0 max-w-..."
-                                           bis_skin_checked="1"
                                          >
                                            <form onSubmit={function HeroDownloader.useCallback[handleSubmit]} ...>
                                              <div
                                                className="url-card rounded-[20px] p-2.5 transition-shadow"
                                                style={{background:"var(--card)",boxShadow:"var(--shad...",border:"1px solid ..."}}
-                                               bis_skin_checked="1"
                                              >
                                                <div
                                                  className="hidden sm:flex sm:flex-row sm:gap-2"
-                                                 bis_skin_checked="1"
                                                >
                                                  <div
                                                    className="relative min-w-0 flex-1"
-                                                   bis_skin_checked="1"
                                                  >
                                                  ...
                                                <div
                                                  className="flex flex-col gap-2 sm:hidden"
-                                                 bis_skin_checked="1"
                                                >
                                                  <div
                                                    className="relative"
-                                                   bis_skin_checked="1"
                                                  >
                                                  <div
                                                    className="url-actions flex min-w-0 flex-col gap-2"
-                                                   bis_skin_checked="1"
                                                  >
                                            <div
                                              className="mt-3 flex flex-wrap items-center justify-center gap-x-4 gap-y..."
-                                             bis_skin_checked="1"
                                            >
                                          <div
                                            ref={{current:null}}
                                            aria-live="polite"
                                            aria-atomic="true"
                                            className="scroll-mt-20"
-                                           bis_skin_checked="1"
                                          >
                                    <ScrollReveal>
                                      <div
                                        ref={{current:null}}
                                        className="fade-section"
                                        style={undefined}
-                                       bis_skin_checked="1"
                                      >
                                        <section className="mx-auto ma...">
                                          <div
                                            className="grid grid-cols-1 gap-4 sm:grid-cols-2 lg:grid-cols-4"
-                                           bis_skin_checked="1"
                                          >
                                            <div
                                              className="flex items-center gap-3.5 rounded-2xl p-[18px] shadow-[var(--..."
                                              style={{background:"var(--card)",border:"1px solid ..."}}
-                                             bis_skin_checked="1"
                                            >
                                              <div
                                                className="flex h-10 w-10 shrink-0 items-center justify-center rounded..."
                                                style={{background:"var(--acce...",border:"1px solid ..."}}
-                                               bis_skin_checked="1"
                                              >
                                              <div
-                                               bis_skin_checked="1"
                                              >
                                            <div
                                              className="flex items-center gap-3.5 rounded-2xl p-[18px] shadow-[var(--..."
                                              style={{background:"var(--card)",border:"1px solid ..."}}
-                                             bis_skin_checked="1"
                                            >
                                              <div
                                                className="flex h-10 w-10 shrink-0 items-center justify-center rounded..."
                                                style={{background:"var(--acce...",border:"1px solid ..."}}
-                                               bis_skin_checked="1"
                                              >
                                              <div
-                                               bis_skin_checked="1"
                                              >
                                            <div
                                              className="flex items-center gap-3.5 rounded-2xl p-[18px] shadow-[var(--..."
                                              style={{background:"var(--card)",border:"1px solid ..."}}
-                                             bis_skin_checked="1"
                                            >
                                              <div
                                                className="flex h-10 w-10 shrink-0 items-center justify-center rounded..."
                                                style={{background:"var(--acce...",border:"1px solid ..."}}
-                                               bis_skin_checked="1"
                                              >
                                              <div
-                                               bis_skin_checked="1"
                                              >
                                            <div
                                              className="flex items-center gap-3.5 rounded-2xl p-[18px] shadow-[var(--..."
                                              style={{background:"var(--card)",border:"1px solid ..."}}
-                                             bis_skin_checked="1"
                                            >
                                              <div
                                                className="flex h-10 w-10 shrink-0 items-center justify-center rounded..."
                                                style={{background:"var(--acce...",border:"1px solid ..."}}
-                                               bis_skin_checked="1"
                                              >
                                              <div
-                                               bis_skin_checked="1"
                                              >
                                    <ScrollReveal>
                                      <div
                                        ref={{current:null}}
                                        className="fade-section"
                                        style={undefined}
-                                       bis_skin_checked="1"
                                      >
                                        <Features>
                                          <section id="features" className="px-5 py-20..." aria-label="Features">
                                            <div
                                              className="mx-auto max-w-[1200px]"
-                                             bis_skin_checked="1"
                                            >
                                              <div
                                                className="mb-14 text-center"
-                                               bis_skin_checked="1"
                                              >
                                              <div
                                                className="grid grid-cols-1 gap-5 sm:grid-cols-2 lg:grid-cols-3 max-w-..."
-                                               bis_skin_checked="1"
                                              >
                                                <div
                                                  className="group rounded-[20px] bg-card p-7 shadow-[var(--shadow-car..."
                                                  style={{border:"1px solid ..."}}
-                                                 bis_skin_checked="1"
                                                >
                                                  <div
                                                    className="mb-5 flex h-10 w-10 items-center justify-center rounded-xl"
                                                    style={{background:"var(--acce...",border:"1px solid ..."}}
-                                                   bis_skin_checked="1"
                                                  >
                                                  ...
                                                <div
                                                  className="group rounded-[20px] bg-card p-7 shadow-[var(--shadow-car..."
                                                  style={{border:"1px solid ..."}}
-                                                 bis_skin_checked="1"
                                                >
                                                  <div
                                                    className="mb-5 flex h-10 w-10 items-center justify-center rounded-xl"
                                                    style={{background:"var(--acce...",border:"1px solid ..."}}
-                                                   bis_skin_checked="1"
                                                  >
                                                  ...
                                                <div
                                                  className="group rounded-[20px] bg-card p-7 shadow-[var(--shadow-car..."
                                                  style={{border:"1px solid ..."}}
-                                                 bis_skin_checked="1"
                                                >
                                                  <div
                                                    className="mb-5 flex h-10 w-10 items-center justify-center rounded-xl"
                                                    style={{background:"var(--acce...",border:"1px solid ..."}}
-                                                   bis_skin_checked="1"
                                                  >
                                                  ...
                                                <div
                                                  className="group rounded-[20px] bg-card p-7 shadow-[var(--shadow-car..."
                                                  style={{border:"1px solid ..."}}
-                                                 bis_skin_checked="1"
                                                >
                                                  <div
                                                    className="mb-5 flex h-10 w-10 items-center justify-center rounded-xl"
                                                    style={{background:"var(--acce...",border:"1px solid ..."}}
-                                                   bis_skin_checked="1"
                                                  >
                                                  ...
                                                <div
                                                  className="group rounded-[20px] bg-card p-7 shadow-[var(--shadow-car..."
                                                  style={{border:"1px solid ..."}}
-                                                 bis_skin_checked="1"
                                                >
                                                  <div
                                                    className="mb-5 flex h-10 w-10 items-center justify-center rounded-xl"
                                                    style={{background:"var(--acce...",border:"1px solid ..."}}
-                                                   bis_skin_checked="1"
                                                  >
                                                  ...
                                                <div
                                                  className="group rounded-[20px] bg-card p-7 shadow-[var(--shadow-car..."
                                                  style={{border:"1px solid ..."}}
-                                                 bis_skin_checked="1"
                                                >
                                                  <div
                                                    className="mb-5 flex h-10 w-10 items-center justify-center rounded-xl"
                                                    style={{background:"var(--acce...",border:"1px solid ..."}}
-                                                   bis_skin_checked="1"
                                                  >
                                                  ...
                                    <ScrollReveal>
                                      <div
                                        ref={{current:null}}
                                        className="fade-section"
                                        style={undefined}
-                                       bis_skin_checked="1"
                                      >
                                        <HowItWorks>
                                          <section id="how-it-works" className="px-5 py-20..." aria-label="How It Works">
                                            <div
                                              className="mx-auto max-w-[1200px]"
-                                             bis_skin_checked="1"
                                            >
                                              <div
                                                className="mb-14 text-center"
-                                               bis_skin_checked="1"
                                              >
                                              <div
                                                className="relative flex flex-col items-start justify-center sm:flex-r..."
-                                               bis_skin_checked="1"
                                              >
                                                <div
                                                  className="flex items-center sm:flex-1"
-                                                 bis_skin_checked="1"
                                                >
                                                  <div
                                                    className="flex flex-1 flex-col items-center text-center px-4"
-                                                   bis_skin_checked="1"
                                                  >
                                                    <p>
                                                    <div
                                                      className="mb-5 flex h-[70px] w-[70px] items-center justify-cent..."
                                                      style={{background:"var(--bran...",boxShadow:"var(--shad..."}}
-                                                     bis_skin_checked="1"
                                                    >
                                                    ...
                                                  <div
                                                    className="hidden sm:block h-px flex-shrink-0 mt-[22px]"
                                                    style={{width:120,background:"linear-gra..."}}
-                                                   bis_skin_checked="1"
                                                  >
                                                <div
                                                  className="flex items-center sm:flex-1"
-                                                 bis_skin_checked="1"
                                                >
                                                  <div
                                                    className="flex flex-1 flex-col items-center text-center px-4"
-                                                   bis_skin_checked="1"
                                                  >
                                                    <p>
                                                    <div
                                                      className="mb-5 flex h-[70px] w-[70px] items-center justify-cent..."
                                                      style={{background:"var(--bran...",boxShadow:"var(--shad..."}}
-                                                     bis_skin_checked="1"
                                                    >
                                                    ...
                                                  <div
                                                    className="hidden sm:block h-px flex-shrink-0 mt-[22px]"
                                                    style={{width:120,background:"linear-gra..."}}
-                                                   bis_skin_checked="1"
                                                  >
                                                <div
                                                  className="flex items-center sm:flex-1"
-                                                 bis_skin_checked="1"
                                                >
                                                  <div
                                                    className="flex flex-1 flex-col items-center text-center px-4"
-                                                   bis_skin_checked="1"
                                                  >
                                                    <p>
                                                    <div
                                                      className="mb-5 flex h-[70px] w-[70px] items-center justify-cent..."
                                                      style={{background:"var(--bran...",boxShadow:"var(--shad..."}}
-                                                     bis_skin_checked="1"
                                                    >
                                                    ...
                                    <ScrollReveal>
                                      <div
                                        ref={{current:null}}
                                        className="fade-section"
                                        style={undefined}
-                                       bis_skin_checked="1"
                                      >
                                        <section className="mx-auto ma..." aria-labelledby="about-down...">
                                          <div
                                            className="rounded-[24px] p-6 sm:p-8"
                                            style={{background:"var(--card)",border:"1px solid ...",boxShadow:"var(--shad..."}}
-                                           bis_skin_checked="1"
                                          >
                                            <h2>
                                            <p>
                                            <div
                                              className="mt-6 grid gap-6"
-                                             bis_skin_checked="1"
                                            >
                                              <div
-                                               bis_skin_checked="1"
                                              >
                                              <div
-                                               bis_skin_checked="1"
                                              >
                                              <div
-                                               bis_skin_checked="1"
                                              >
                                              <div
-                                               bis_skin_checked="1"
                                              >
                                    <ScrollReveal>
                                      <div
                                        ref={{current:null}}
                                        className="fade-section"
                                        style={undefined}
-                                       bis_skin_checked="1"
                                      >
                                        <FAQ>
                                          <script>
                                          <section id="faq" className="px-4 py-20..." aria-label="Common que...">
                                            <div
                                              className="mx-auto max-w-[720px]"
-                                             bis_skin_checked="1"
                                            >
                                              <div
                                                className="mb-14 text-center"
-                                               bis_skin_checked="1"
                                              >
                                              <div
                                                className="flex flex-col gap-3"
-                                               bis_skin_checked="1"
                                              >
                                                <div
                                                  className="rounded-2xl transition-all duration-200"
                                                  style={{background:"var(--acce...",border:"1px solid ...",boxShadow:"none"}}
-                                                 bis_skin_checked="1"
                                                >
                                                  <button>
                                                  <div
                                                    id="faq-answer-0"
                                                    role="region"
                                                    className="overflow-hidden transition-all duration-300"
                                                    style={{maxHeight:200,opacity:1,padding:"0 24px 20px"}}
-                                                   bis_skin_checked="1"
                                                  >
                                                <div
                                                  className="rounded-2xl transition-all duration-200"
                                                  style={{background:"var(--card)",border:"1px solid ...",boxShadow:"var(--shad..."}}
-                                                 bis_skin_checked="1"
                                                >
                                                  <button>
                                                  <div
                                                    id="faq-answer-1"
                                                    role="region"
                                                    className="overflow-hidden transition-all duration-300"
                                                    style={{maxHeight:0,opacity:0,padding:"0 24px"}}
-                                                   bis_skin_checked="1"
                                                  >
                                                <div
                                                  className="rounded-2xl transition-all duration-200"
                                                  style={{background:"var(--card)",border:"1px solid ...",boxShadow:"var(--shad..."}}
-                                                 bis_skin_checked="1"
                                                >
                                                  <button>
                                                  <div
                                                    id="faq-answer-2"
                                                    role="region"
                                                    className="overflow-hidden transition-all duration-300"
                                                    style={{maxHeight:0,opacity:0,padding:"0 24px"}}
-                                                   bis_skin_checked="1"
                                                  >
                                                <div
                                                  className="rounded-2xl transition-all duration-200"
                                                  style={{background:"var(--card)",border:"1px solid ...",boxShadow:"var(--shad..."}}
-                                                 bis_skin_checked="1"
                                                >
                                                  <button>
                                                  <div
                                                    id="faq-answer-3"
                                                    role="region"
                                                    className="overflow-hidden transition-all duration-300"
                                                    style={{maxHeight:0,opacity:0,padding:"0 24px"}}
-                                                   bis_skin_checked="1"
                                                  >
                                                <div
                                                  className="rounded-2xl transition-all duration-200"
                                                  style={{background:"var(--card)",border:"1px solid ...",boxShadow:"var(--shad..."}}
-                                                 bis_skin_checked="1"
                                                >
                                                  <button>
                                                  <div
                                                    id="faq-answer-4"
                                                    role="region"
                                                    className="overflow-hidden transition-all duration-300"
                                                    style={{maxHeight:0,opacity:0,padding:"0 24px"}}
-                                                   bis_skin_checked="1"
                                                  >
                                                <div
                                                  className="rounded-2xl transition-all duration-200"
                                                  style={{background:"var(--card)",border:"1px solid ...",boxShadow:"var(--shad..."}}
-                                                 bis_skin_checked="1"
                                                >
                                                  <button>
                                                  <div
                                                    id="faq-answer-5"
                                                    role="region"
                                                    className="overflow-hidden transition-all duration-300"
                                                    style={{maxHeight:0,opacity:0,padding:"0 24px"}}
-                                                   bis_skin_checked="1"
                                                  >
                                                <div
                                                  className="rounded-2xl transition-all duration-200"
                                                  style={{background:"var(--card)",border:"1px solid ...",boxShadow:"var(--shad..."}}
-                                                 bis_skin_checked="1"
                                                >
                                                  <button>
                                                  <div
                                                    id="faq-answer-6"
                                                    role="region"
                                                    className="overflow-hidden transition-all duration-300"
                                                    style={{maxHeight:0,opacity:0,padding:"0 24px"}}
-                                                   bis_skin_checked="1"
                                                  >
                                                <div
                                                  className="rounded-2xl transition-all duration-200"
                                                  style={{background:"var(--card)",border:"1px solid ...",boxShadow:"var(--shad..."}}
-                                                 bis_skin_checked="1"
                                                >
                                                  <button>
                                                  <div
                                                    id="faq-answer-7"
                                                    role="region"
                                                    className="overflow-hidden transition-all duration-300"
                                                    style={{maxHeight:0,opacity:0,padding:"0 24px"}}
-                                                   bis_skin_checked="1"
                                                  >
                                  <Footer>
                                    <footer className="mt-20 bord...">
                                      <div
                                        className="mx-auto max-w-[1200px]"
-                                       bis_skin_checked="1"
                                      >
                                        <div
                                          className="grid grid-cols-1 gap-10 sm:grid-cols-2 lg:grid-cols-[1.5fr_1fr_1f..."
-                                         bis_skin_checked="1"
                                        >
                                          <div
-                                           bis_skin_checked="1"
                                          >
                                            <LinkComponent>
                                            <p>
                                            <p>
                                            <div
                                              className="mt-5"
-                                             bis_skin_checked="1"
                                            >
                                          ...
                                        <p>
                                        <div
                                          className="mt-4 flex flex-col gap-2 border-t border-border pt-6 sm:flex-row ..."
-                                         bis_skin_checked="1"
                                        >
                  ...
 
⚠ [next]/internal/font/google/lora_24d51a03.module.css
Warning: Error while requesting resource
There was an issue establishing a connection while requesting https://fonts.googleapis.com/css2?family=Lora:ital,wght@1,500;1,600&display=swap

Import trace:
  Server Component:
    [next]/internal/font/google/lora_24d51a03.module.css
    [next]/internal/font/google/lora_24d51a03.js
    ./frontend/src/app/layout.tsx


⚠ [next]/internal/font/google/poppins_f91be8b.module.css
Warning: Error while requesting resource
There was an issue establishing a connection while requesting https://fonts.googleapis.com/css2?family=Poppins:wght@400;500;600;700;800&display=swap

Import trace:
  Server Component:
    [next]/internal/font/google/poppins_f91be8b.module.css
    [next]/internal/font/google/poppins_f91be8b.js
    ./frontend/src/app/layout.tsx


⚠ [next]/internal/font/google/lora_24d51a03.module.css
Warning: next/font: warning:
Failed to download Lora from Google Fonts. Using a fallback font instead.
If you are offline or behind a proxy, self-host the font with next/font/local, or set HTTP_PROXY/HTTPS_PROXY so Next.js can reach fonts.googleapis.com.

Import trace:
  Server Component:
    [next]/internal/font/google/lora_24d51a03.module.css
    [next]/internal/font/google/lora_24d51a03.js
    ./frontend/src/app/layout.tsx


⚠ [next]/internal/font/google/poppins_f91be8b.module.css
Warning: next/font: warning:
Failed to download Poppins from Google Fonts. Using a fallback font instead.
If you are offline or behind a proxy, self-host the font with next/font/local, or set HTTP_PROXY/HTTPS_PROXY so Next.js can reach fonts.googleapis.com.

Import trace:
  Server Component:
    [next]/internal/font/google/poppins_f91be8b.module.css
    [next]/internal/font/google/poppins_f91be8b.js
    ./frontend/src/app/layout.tsx


 GET / 200 in 178ms (next.js: 27ms, application-code: 151ms)
⚠ [next]/internal/font/google/lora_24d51a03.module.css
Warning: Error while requesting resource
There was an issue establishing a connection while requesting https://fonts.googleapis.com/css2?family=Lora:ital,wght@1,500;1,600&display=swap

Import trace:
  Server Component:
    [next]/internal/font/google/lora_24d51a03.module.css
    [next]/internal/font/google/lora_24d51a03.js
    ./frontend/src/app/layout.tsx


⚠ [next]/internal/font/google/poppins_f91be8b.module.css
Warning: Error while requesting resource
There was an issue establishing a connection while requesting https://fonts.googleapis.com/css2?family=Poppins:wght@400;500;600;700;800&display=swap

Import trace:
  Server Component:
    [next]/internal/font/google/poppins_f91be8b.module.css
    [next]/internal/font/google/poppins_f91be8b.js
    ./frontend/src/app/layout.tsx


⚠ [next]/internal/font/google/lora_24d51a03.module.css
Warning: next/font: warning:
Failed to download Lora from Google Fonts. Using a fallback font instead.
If you are offline or behind a proxy, self-host the font with next/font/local, or set HTTP_PROXY/HTTPS_PROXY so Next.js can reach fonts.googleapis.com.

Import trace:
  Server Component:
    [next]/internal/font/google/lora_24d51a03.module.css
    [next]/internal/font/google/lora_24d51a03.js
    ./frontend/src/app/layout.tsx


⚠ [next]/internal/font/google/poppins_f91be8b.module.css
Warning: next/font: warning:
Failed to download Poppins from Google Fonts. Using a fallback font instead.
If you are offline or behind a proxy, self-host the font with next/font/local, or set HTTP_PROXY/HTTPS_PROXY so Next.js can reach fonts.googleapis.com.

Import trace:
  Server Component:
    [next]/internal/font/google/poppins_f91be8b.module.css
    [next]/internal/font/google/poppins_f91be8b.js
    ./frontend/src/app/layout.tsx


 GET /manifest.webmanifest 200 in 14ms (next.js: 7ms, application-code: 7ms)
⚠ [next]/internal/font/google/lora_24d51a03.module.css
Warning: Error while requesting resource
There was an issue establishing a connection while requesting https://fonts.googleapis.com/css2?family=Lora:ital,wght@1,500;1,600&display=swap

Import trace:
  Server Component:
    [next]/internal/font/google/lora_24d51a03.module.css
    [next]/internal/font/google/lora_24d51a03.js
    ./frontend/src/app/layout.tsx


⚠ [next]/internal/font/google/poppins_f91be8b.module.css
Warning: Error while requesting resource
There was an issue establishing a connection while requesting https://fonts.googleapis.com/css2?family=Poppins:wght@400;500;600;700;800&display=swap

Import trace:
  Server Component:
    [next]/internal/font/google/poppins_f91be8b.module.css
    [next]/internal/font/google/poppins_f91be8b.js
    ./frontend/src/app/layout.tsx


⚠ [next]/internal/font/google/lora_24d51a03.module.css
Warning: next/font: warning:
Failed to download Lora from Google Fonts. Using a fallback font instead.
If you are offline or behind a proxy, self-host the font with next/font/local, or set HTTP_PROXY/HTTPS_PROXY so Next.js can reach fonts.googleapis.com.

Import trace:
  Server Component:
    [next]/internal/font/google/lora_24d51a03.module.css
    [next]/internal/font/google/lora_24d51a03.js
    ./frontend/src/app/layout.tsx


⚠ [next]/internal/font/google/poppins_f91be8b.module.css
Warning: next/font: warning:
Failed to download Poppins from Google Fonts. Using a fallback font instead.
If you are offline or behind a proxy, self-host the font with next/font/local, or set HTTP_PROXY/HTTPS_PROXY so Next.js can reach fonts.googleapis.com.

Import trace:
  Server Component:
    [next]/internal/font/google/poppins_f91be8b.module.css
    [next]/internal/font/google/poppins_f91be8b.js
    ./frontend/src/app/layout.tsx


[browser] A tree hydrated but some attributes of the server rendered HTML didn't match the client properties. This won't be patched up. This can happen if a SSR-ed Client Component used:

- A server/client branch `if (typeof window !== 'undefined')`.
- Variable input such as `Date.now()` or `Math.random()` which changes each time it's called.
- Date formatting in a user's locale which doesn't match the server.
- External changing data without sending a snapshot of it along with the HTML.
- Invalid HTML tag nesting.

It can also happen if the client has a browser extension installed which messes with the HTML before React loaded.

https://react.dev/link/hydration-mismatch

  ...
    <HotReload globalError={[...]} webSocket={WebSocket} staticIndicatorState={{pathname:null, ...}}>
      <AppDevOverlayErrorBoundary globalError={[...]}>
        <ReplaySsrOnlyErrors>
        <DevRootHTTPAccessFallbackBoundary>
          <HTTPAccessFallbackBoundary notFound={<NotAllowedRootHTTPFallbackError>}>
            <HTTPAccessFallbackErrorBoundary pathname="/" notFound={<NotAllowedRootHTTPFallbackError>} ...>
              <RedirectBoundary>
                <RedirectErrorBoundary router={{...}}>
                  <Head headCacheNode={{rsc:{...}, ...}}>
                    <__next_viewport_boundary__>
                    <MetadataWrapper>
                      <div
                        hidden={true}
-                       bis_skin_checked="1"
                      >
                  <__next_root_layout_boundary__>
                    <SegmentViewNode type="layout" pagePath="layout.tsx">
                      <SegmentTrieNode>
                      <link>
                      <script>
                      <script>
                      <RootLayout>
                        <html lang="en" className="poppins_f9..." suppressHydrationWarning={true}>
                          <head>
                          <body
                            className="min-h-full flex flex-col antialiased"
-                           bis_register="W3sibWFzdGVyIjp0cnVlLCJleHRlbnNpb25JZCI6ImVwcGlvY2VtaG1ubGJoanBsY2drb2ZjaWll..."
                          >
                            ...
                              <ClientPageRoot Component={function Home} serverProvidedParams={{...}}>
                                <Home params={Promise} searchParams={Promise}>
                                  <Header activeDownloaderTab={null} ...>
                                    <header className="fixed top-...">
                                      <div
                                        className="site-header-inner mx-auto grid h-[72px] max-w-[1200px] grid-cols-3 ..."
-                                       bis_skin_checked="1"
                                      >
                                        <LinkComponent>
                                        <div
                                          className="hidden xl:flex items-center justify-center gap-1 justify-self-center"
-                                         bis_skin_checked="1"
                                        >
                                          <ToolCategoryDropdown>
                                            <div
                                              ref={{current:null}}
                                              className="relative hidden xl:flex items-center"
-                                             bis_skin_checked="1"
                                            >
                                          ...
                                        <div
                                          className="site-controls flex min-w-0 items-center gap-3 sm:gap-5 justify-se..."
-                                         bis_skin_checked="1"
                                        >
                                          <div
                                            className="relative"
                                            ref={{current:null}}
-                                           bis_skin_checked="1"
                                          >
                                          <LinkComponent>
                                          <button type="button" onClick={function toggleTheme} className="theme-toggle" ...>
                                            <div
                                              className="theme-toggle__thumb"
-                                             bis_skin_checked="1"
                                            >
                                            ...
                                          ...
                                    <div
                                      className="mobile-drawer fixed inset-y-0 right-0 z-50 flex h-full w-[min(82vw,38..."
                                      role="dialog"
                                      aria-modal="true"
                                      aria-hidden={true}
                                      aria-label="Mobile navigation"
-                                     bis_skin_checked="1"
                                    >
                                      <div
                                        className="mobile-drawer-header flex h-[68px] shrink-0 items-center justify-be..."
-                                       bis_skin_checked="1"
                                      >
                                        <div
-                                         bis_skin_checked="1"
                                        >
                                        ...
                                      <nav className="mobile-dra..." aria-label="Mobile nav...">
                                        <LinkComponent>
                                        <LinkComponent>
                                        <LinkComponent>
                                        <LinkComponent>
                                        <LinkComponent>
                                        <LinkComponent>
                                        <div
                                          className="my-2 border-t border-border-light"
-                                         bis_skin_checked="1"
                                        >
                                        ...
                                      <div
                                        className="mobile-drawer-cta shrink-0 border-t border-border p-4 pb-[calc(1rem..."
-                                       bis_skin_checked="1"
                                      >
                                  <main className="flex-1">
                                    <HeroDownloader activeTab={null} onActiveTabChange={function bound dispatchSetState}>
                                      <section id="hero" className="hero-secti...">
                                        <div
                                          className="absolute inset-0 -z-10"
                                          aria-hidden="true"
-                                         bis_skin_checked="1"
                                        >
                                          <div
                                            className="absolute left-1/2 top-0 h-[420px] w-full max-w-[1000px] -transl..."
-                                           bis_skin_checked="1"
                                          >
                                        <div
                                          className="mx-auto w-full max-w-[1200px] min-w-0 px-3 sm:px-6 lg:px-12"
-                                         bis_skin_checked="1"
                                        >
                                          <div
                                            className="mx-auto w-full min-w-0 max-w-[680px] text-center"
-                                           bis_skin_checked="1"
                                          >
                                            <div
                                              className="animate-fade-in-up mb-4 inline-flex max-w-full items-center g..."
                                              style={{background:"var(--card)",boxShadow:"var(--shad...",border:"1px solid ..."}}
-                                             bis_skin_checked="1"
                                            >
                                            ...
                                          <div
                                            className="animate-fade-in-up delay-300 mx-auto mt-6 w-full min-w-0 max-w-..."
-                                           bis_skin_checked="1"
                                          >
                                            <div
                                              ref={{current:null}}
                                              role="tablist"
                                              aria-label="Content types"
                                              className="tabs-scroll flex items-center gap-1 overflow-x-auto rounded-f..."
                                              style={{background:"var(--card)",boxShadow:"var(--shad...",border:"1px solid ..."}}
-                                             bis_skin_checked="1"
                                            >
                                          <div
                                            className="animate-fade-in-up delay-300 mx-auto mt-4 w-full min-w-0 max-w-..."
-                                           bis_skin_checked="1"
                                          >
                                            <form onSubmit={function HeroDownloader.useCallback[handleSubmit]} ...>
                                              <div
                                                className="url-card rounded-[20px] p-2.5 transition-shadow"
                                                style={{background:"var(--card)",boxShadow:"var(--shad...",border:"1px solid ..."}}
-                                               bis_skin_checked="1"
                                              >
                                                <div
                                                  className="hidden sm:flex sm:flex-row sm:gap-2"
-                                                 bis_skin_checked="1"
                                                >
                                                  <div
                                                    className="relative min-w-0 flex-1"
-                                                   bis_skin_checked="1"
                                                  >
                                                  ...
                                                <div
                                                  className="flex flex-col gap-2 sm:hidden"
-                                                 bis_skin_checked="1"
                                                >
                                                  <div
                                                    className="relative"
-                                                   bis_skin_checked="1"
                                                  >
                                                  <div
                                                    className="url-actions flex min-w-0 flex-col gap-2"
-                                                   bis_skin_checked="1"
                                                  >
                                            <div
                                              className="mt-3 flex flex-wrap items-center justify-center gap-x-4 gap-y..."
-                                             bis_skin_checked="1"
                                            >
                                          <div
                                            ref={{current:null}}
                                            aria-live="polite"
                                            aria-atomic="true"
                                            className="scroll-mt-20"
-                                           bis_skin_checked="1"
                                          >
                                    <ScrollReveal>
                                      <div
                                        ref={{current:null}}
                                        className="fade-section"
                                        style={undefined}
-                                       bis_skin_checked="1"
                                      >
                                        <section className="mx-auto ma...">
                                          <div
                                            className="grid grid-cols-1 gap-4 sm:grid-cols-2 lg:grid-cols-4"
-                                           bis_skin_checked="1"
                                          >
                                            <div
                                              className="flex items-center gap-3.5 rounded-2xl p-[18px] shadow-[var(--..."
                                              style={{background:"var(--card)",border:"1px solid ..."}}
-                                             bis_skin_checked="1"
                                            >
                                              <div
                                                className="flex h-10 w-10 shrink-0 items-center justify-center rounded..."
                                                style={{background:"var(--acce...",border:"1px solid ..."}}
-                                               bis_skin_checked="1"
                                              >
                                              <div
-                                               bis_skin_checked="1"
                                              >
                                            <div
                                              className="flex items-center gap-3.5 rounded-2xl p-[18px] shadow-[var(--..."
                                              style={{background:"var(--card)",border:"1px solid ..."}}
-                                             bis_skin_checked="1"
                                            >
                                              <div
                                                className="flex h-10 w-10 shrink-0 items-center justify-center rounded..."
                                                style={{background:"var(--acce...",border:"1px solid ..."}}
-                                               bis_skin_checked="1"
                                              >
                                              <div
-                                               bis_skin_checked="1"
                                              >
                                            <div
                                              className="flex items-center gap-3.5 rounded-2xl p-[18px] shadow-[var(--..."
                                              style={{background:"var(--card)",border:"1px solid ..."}}
-                                             bis_skin_checked="1"
                                            >
                                              <div
                                                className="flex h-10 w-10 shrink-0 items-center justify-center rounded..."
                                                style={{background:"var(--acce...",border:"1px solid ..."}}
-                                               bis_skin_checked="1"
                                              >
                                              <div
-                                               bis_skin_checked="1"
                                              >
                                            <div
                                              className="flex items-center gap-3.5 rounded-2xl p-[18px] shadow-[var(--..."
                                              style={{background:"var(--card)",border:"1px solid ..."}}
-                                             bis_skin_checked="1"
                                            >
                                              <div
                                                className="flex h-10 w-10 shrink-0 items-center justify-center rounded..."
                                                style={{background:"var(--acce...",border:"1px solid ..."}}
-                                               bis_skin_checked="1"
                                              >
                                              <div
-                                               bis_skin_checked="1"
                                              >
                                    <ScrollReveal>
                                      <div
                                        ref={{current:null}}
                                        className="fade-section"
                                        style={undefined}
-                                       bis_skin_checked="1"
                                      >
                                        <Features>
                                          <section id="features" className="px-5 py-20..." aria-label="Features">
                                            <div
                                              className="mx-auto max-w-[1200px]"
-                                             bis_skin_checked="1"
                                            >
                                              <div
                                                className="mb-14 text-center"
-                                               bis_skin_checked="1"
                                              >
                                              <div
                                                className="grid grid-cols-1 gap-5 sm:grid-cols-2 lg:grid-cols-3 max-w-..."
-                                               bis_skin_checked="1"
                                              >
                                                <div
                                                  className="group rounded-[20px] bg-card p-7 shadow-[var(--shadow-car..."
                                                  style={{border:"1px solid ..."}}
-                                                 bis_skin_checked="1"
                                                >
                                                  <div
                                                    className="mb-5 flex h-10 w-10 items-center justify-center rounded-xl"
                                                    style={{background:"var(--acce...",border:"1px solid ..."}}
-                                                   bis_skin_checked="1"
                                                  >
                                                  ...
                                                <div
                                                  className="group rounded-[20px] bg-card p-7 shadow-[var(--shadow-car..."
                                                  style={{border:"1px solid ..."}}
-                                                 bis_skin_checked="1"
                                                >
                                                  <div
                                                    className="mb-5 flex h-10 w-10 items-center justify-center rounded-xl"
                                                    style={{background:"var(--acce...",border:"1px solid ..."}}
-                                                   bis_skin_checked="1"
                                                  >
                                                  ...
                                                <div
                                                  className="group rounded-[20px] bg-card p-7 shadow-[var(--shadow-car..."
                                                  style={{border:"1px solid ..."}}
-                                                 bis_skin_checked="1"
                                                >
                                                  <div
                                                    className="mb-5 flex h-10 w-10 items-center justify-center rounded-xl"
                                                    style={{background:"var(--acce...",border:"1px solid ..."}}
-                                                   bis_skin_checked="1"
                                                  >
                                                  ...
                                                <div
                                                  className="group rounded-[20px] bg-card p-7 shadow-[var(--shadow-car..."
                                                  style={{border:"1px solid ..."}}
-                                                 bis_skin_checked="1"
                                                >
                                                  <div
                                                    className="mb-5 flex h-10 w-10 items-center justify-center rounded-xl"
                                                    style={{background:"var(--acce...",border:"1px solid ..."}}
-                                                   bis_skin_checked="1"
                                                  >
                                                  ...
                                                <div
                                                  className="group rounded-[20px] bg-card p-7 shadow-[var(--shadow-car..."
                                                  style={{border:"1px solid ..."}}
-                                                 bis_skin_checked="1"
                                                >
                                                  <div
                                                    className="mb-5 flex h-10 w-10 items-center justify-center rounded-xl"
                                                    style={{background:"var(--acce...",border:"1px solid ..."}}
-                                                   bis_skin_checked="1"
                                                  >
                                                  ...
                                                <div
                                                  className="group rounded-[20px] bg-card p-7 shadow-[var(--shadow-car..."
                                                  style={{border:"1px solid ..."}}
-                                                 bis_skin_checked="1"
                                                >
                                                  <div
                                                    className="mb-5 flex h-10 w-10 items-center justify-center rounded-xl"
                                                    style={{background:"var(--acce...",border:"1px solid ..."}}
-                                                   bis_skin_checked="1"
                                                  >
                                                  ...
                                    <ScrollReveal>
                                      <div
                                        ref={{current:null}}
                                        className="fade-section"
                                        style={undefined}
-                                       bis_skin_checked="1"
                                      >
                                        <HowItWorks>
                                          <section id="how-it-works" className="px-5 py-20..." aria-label="How It Works">
                                            <div
                                              className="mx-auto max-w-[1200px]"
-                                             bis_skin_checked="1"
                                            >
                                              <div
                                                className="mb-14 text-center"
-                                               bis_skin_checked="1"
                                              >
                                              <div
                                                className="relative flex flex-col items-start justify-center sm:flex-r..."
-                                               bis_skin_checked="1"
                                              >
                                                <div
                                                  className="flex items-center sm:flex-1"
-                                                 bis_skin_checked="1"
                                                >
                                                  <div
                                                    className="flex flex-1 flex-col items-center text-center px-4"
-                                                   bis_skin_checked="1"
                                                  >
                                                    <p>
                                                    <div
                                                      className="mb-5 flex h-[70px] w-[70px] items-center justify-cent..."
                                                      style={{background:"var(--bran...",boxShadow:"var(--shad..."}}
-                                                     bis_skin_checked="1"
                                                    >
                                                    ...
                                                  <div
                                                    className="hidden sm:block h-px flex-shrink-0 mt-[22px]"
                                                    style={{width:120,background:"linear-gra..."}}
-                                                   bis_skin_checked="1"
                                                  >
                                                <div
                                                  className="flex items-center sm:flex-1"
-                                                 bis_skin_checked="1"
                                                >
                                                  <div
                                                    className="flex flex-1 flex-col items-center text-center px-4"
-                                                   bis_skin_checked="1"
                                                  >
                                                    <p>
                                                    <div
                                                      className="mb-5 flex h-[70px] w-[70px] items-center justify-cent..."
                                                      style={{background:"var(--bran...",boxShadow:"var(--shad..."}}
-                                                     bis_skin_checked="1"
                                                    >
                                                    ...
                                                  <div
                                                    className="hidden sm:block h-px flex-shrink-0 mt-[22px]"
                                                    style={{width:120,background:"linear-gra..."}}
-                                                   bis_skin_checked="1"
                                                  >
                                                <div
                                                  className="flex items-center sm:flex-1"
-                                                 bis_skin_checked="1"
                                                >
                                                  <div
                                                    className="flex flex-1 flex-col items-center text-center px-4"
-                                                   bis_skin_checked="1"
                                                  >
                                                    <p>
                                                    <div
                                                      className="mb-5 flex h-[70px] w-[70px] items-center justify-cent..."
                                                      style={{background:"var(--bran...",boxShadow:"var(--shad..."}}
-                                                     bis_skin_checked="1"
                                                    >
                                                    ...
                                    <ScrollReveal>
                                      <div
                                        ref={{current:null}}
                                        className="fade-section"
                                        style={undefined}
-                                       bis_skin_checked="1"
                                      >
                                        <section className="mx-auto ma..." aria-labelledby="about-down...">
                                          <div
                                            className="rounded-[24px] p-6 sm:p-8"
                                            style={{background:"var(--card)",border:"1px solid ...",boxShadow:"var(--shad..."}}
-                                           bis_skin_checked="1"
                                          >
                                            <h2>
                                            <p>
                                            <div
                                              className="mt-6 grid gap-6"
-                                             bis_skin_checked="1"
                                            >
                                              <div
-                                               bis_skin_checked="1"
                                              >
                                              <div
-                                               bis_skin_checked="1"
                                              >
                                              <div
-                                               bis_skin_checked="1"
                                              >
                                              <div
-                                               bis_skin_checked="1"
                                              >
                                    <ScrollReveal>
                                      <div
                                        ref={{current:null}}
                                        className="fade-section"
                                        style={undefined}
-                                       bis_skin_checked="1"
                                      >
                                        <FAQ>
                                          <script>
                                          <section id="faq" className="px-4 py-20..." aria-label="Common que...">
                                            <div
                                              className="mx-auto max-w-[720px]"
-                                             bis_skin_checked="1"
                                            >
                                              <div
                                                className="mb-14 text-center"
-                                               bis_skin_checked="1"
                                              >
                                              <div
                                                className="flex flex-col gap-3"
-                                               bis_skin_checked="1"
                                              >
                                                <div
                                                  className="rounded-2xl transition-all duration-200"
                                                  style={{background:"var(--acce...",border:"1px solid ...",boxShadow:"none"}}
-                                                 bis_skin_checked="1"
                                                >
                                                  <button>
                                                  <div
                                                    id="faq-answer-0"
                                                    role="region"
                                                    className="overflow-hidden transition-all duration-300"
                                                    style={{maxHeight:200,opacity:1,padding:"0 24px 20px"}}
-                                                   bis_skin_checked="1"
                                                  >
                                                <div
                                                  className="rounded-2xl transition-all duration-200"
                                                  style={{background:"var(--card)",border:"1px solid ...",boxShadow:"var(--shad..."}}
-                                                 bis_skin_checked="1"
                                                >
                                                  <button>
                                                  <div
                                                    id="faq-answer-1"
                                                    role="region"
                                                    className="overflow-hidden transition-all duration-300"
                                                    style={{maxHeight:0,opacity:0,padding:"0 24px"}}
-                                                   bis_skin_checked="1"
                                                  >
                                                <div
                                                  className="rounded-2xl transition-all duration-200"
                                                  style={{background:"var(--card)",border:"1px solid ...",boxShadow:"var(--shad..."}}
-                                                 bis_skin_checked="1"
                                                >
                                                  <button>
                                                  <div
                                                    id="faq-answer-2"
                                                    role="region"
                                                    className="overflow-hidden transition-all duration-300"
                                                    style={{maxHeight:0,opacity:0,padding:"0 24px"}}
-                                                   bis_skin_checked="1"
                                                  >
                                                <div
                                                  className="rounded-2xl transition-all duration-200"
                                                  style={{background:"var(--card)",border:"1px solid ...",boxShadow:"var(--shad..."}}
-                                                 bis_skin_checked="1"
                                                >
                                                  <button>
                                                  <div
                                                    id="faq-answer-3"
                                                    role="region"
                                                    className="overflow-hidden transition-all duration-300"
                                                    style={{maxHeight:0,opacity:0,padding:"0 24px"}}
-                                                   bis_skin_checked="1"
                                                  >
                                                <div
                                                  className="rounded-2xl transition-all duration-200"
                                                  style={{background:"var(--card)",border:"1px solid ...",boxShadow:"var(--shad..."}}
-                                                 bis_skin_checked="1"
                                                >
                                                  <button>
                                                  <div
                                                    id="faq-answer-4"
                                                    role="region"
                                                    className="overflow-hidden transition-all duration-300"
                                                    style={{maxHeight:0,opacity:0,padding:"0 24px"}}
-                                                   bis_skin_checked="1"
                                                  >
                                                <div
                                                  className="rounded-2xl transition-all duration-200"
                                                  style={{background:"var(--card)",border:"1px solid ...",boxShadow:"var(--shad..."}}
-                                                 bis_skin_checked="1"
                                                >
                                                  <button>
                                                  <div
                                                    id="faq-answer-5"
                                                    role="region"
                                                    className="overflow-hidden transition-all duration-300"
                                                    style={{maxHeight:0,opacity:0,padding:"0 24px"}}
-                                                   bis_skin_checked="1"
                                                  >
                                                <div
                                                  className="rounded-2xl transition-all duration-200"
                                                  style={{background:"var(--card)",border:"1px solid ...",boxShadow:"var(--shad..."}}
-                                                 bis_skin_checked="1"
                                                >
                                                  <button>
                                                  <div
                                                    id="faq-answer-6"
                                                    role="region"
                                                    className="overflow-hidden transition-all duration-300"
                                                    style={{maxHeight:0,opacity:0,padding:"0 24px"}}
-                                                   bis_skin_checked="1"
                                                  >
                                                <div
                                                  className="rounded-2xl transition-all duration-200"
                                                  style={{background:"var(--card)",border:"1px solid ...",boxShadow:"var(--shad..."}}
-                                                 bis_skin_checked="1"
                                                >
                                                  <button>
                                                  <div
                                                    id="faq-answer-7"
                                                    role="region"
                                                    className="overflow-hidden transition-all duration-300"
                                                    style={{maxHeight:0,opacity:0,padding:"0 24px"}}
-                                                   bis_skin_checked="1"
                                                  >
                                  <Footer>
                                    <footer className="mt-20 bord...">
                                      <div
                                        className="mx-auto max-w-[1200px]"
-                                       bis_skin_checked="1"
                                      >
                                        <div
                                          className="grid grid-cols-1 gap-10 sm:grid-cols-2 lg:grid-cols-[1.5fr_1fr_1f..."
-                                         bis_skin_checked="1"
                                        >
                                          <div
-                                           bis_skin_checked="1"
                                          >
                                            <LinkComponent>
                                            <p>
                                            <p>
                                            <div
                                              className="mt-5"
-                                             bis_skin_checked="1"
                                            >
                                          ...
                                        <p>
                                        <div
                                          className="mt-4 flex flex-col gap-2 border-t border-border pt-6 sm:flex-row ..."
-                                         bis_skin_checked="1"
                                        >
                  ...
 
⚠ [next]/internal/font/google/lora_24d51a03.module.css
Warning: Error while requesting resource
There was an issue establishing a connection while requesting https://fonts.googleapis.com/css2?family=Lora:ital,wght@1,500;1,600&display=swap

Import trace:
  Server Component:
    [next]/internal/font/google/lora_24d51a03.module.css
    [next]/internal/font/google/lora_24d51a03.js
    ./frontend/src/app/layout.tsx


⚠ [next]/internal/font/google/poppins_f91be8b.module.css
Warning: Error while requesting resource
There was an issue establishing a connection while requesting https://fonts.googleapis.com/css2?family=Poppins:wght@400;500;600;700;800&display=swap

Import trace:
  Server Component:
    [next]/internal/font/google/poppins_f91be8b.module.css
    [next]/internal/font/google/poppins_f91be8b.js
    ./frontend/src/app/layout.tsx


⚠ [next]/internal/font/google/lora_24d51a03.module.css
Warning: next/font: warning:
Failed to download Lora from Google Fonts. Using a fallback font instead.
If you are offline or behind a proxy, self-host the font with next/font/local, or set HTTP_PROXY/HTTPS_PROXY so Next.js can reach fonts.googleapis.com.

Import trace:
  Server Component:
    [next]/internal/font/google/lora_24d51a03.module.css
    [next]/internal/font/google/lora_24d51a03.js
    ./frontend/src/app/layout.tsx


⚠ [next]/internal/font/google/poppins_f91be8b.module.css
Warning: next/font: warning:
Failed to download Poppins from Google Fonts. Using a fallback font instead.
If you are offline or behind a proxy, self-host the font with next/font/local, or set HTTP_PROXY/HTTPS_PROXY so Next.js can reach fonts.googleapis.com.

Import trace:
  Server Component:
    [next]/internal/font/google/poppins_f91be8b.module.css
    [next]/internal/font/google/poppins_f91be8b.js
    ./frontend/src/app/layout.tsx


 GET / 200 in 160ms (next.js: 10ms, application-code: 150ms)
⚠ [next]/internal/font/google/lora_24d51a03.module.css
Warning: Error while requesting resource
There was an issue establishing a connection while requesting https://fonts.googleapis.com/css2?family=Lora:ital,wght@1,500;1,600&display=swap

Import trace:
  Server Component:
    [next]/internal/font/google/lora_24d51a03.module.css
    [next]/internal/font/google/lora_24d51a03.js
    ./frontend/src/app/layout.tsx


⚠ [next]/internal/font/google/poppins_f91be8b.module.css
Warning: Error while requesting resource
There was an issue establishing a connection while requesting https://fonts.googleapis.com/css2?family=Poppins:wght@400;500;600;700;800&display=swap

Import trace:
  Server Component:
    [next]/internal/font/google/poppins_f91be8b.module.css
    [next]/internal/font/google/poppins_f91be8b.js
    ./frontend/src/app/layout.tsx


⚠ [next]/internal/font/google/lora_24d51a03.module.css
Warning: next/font: warning:
Failed to download Lora from Google Fonts. Using a fallback font instead.
If you are offline or behind a proxy, self-host the font with next/font/local, or set HTTP_PROXY/HTTPS_PROXY so Next.js can reach fonts.googleapis.com.

Import trace:
  Server Component:
    [next]/internal/font/google/lora_24d51a03.module.css
    [next]/internal/font/google/lora_24d51a03.js
    ./frontend/src/app/layout.tsx


⚠ [next]/internal/font/google/poppins_f91be8b.module.css
Warning: next/font: warning:
Failed to download Poppins from Google Fonts. Using a fallback font instead.
If you are offline or behind a proxy, self-host the font with next/font/local, or set HTTP_PROXY/HTTPS_PROXY so Next.js can reach fonts.googleapis.com.

Import trace:
  Server Component:
    [next]/internal/font/google/poppins_f91be8b.module.css
    [next]/internal/font/google/poppins_f91be8b.js
    ./frontend/src/app/layout.tsx


 GET /manifest.webmanifest 200 in 15ms (next.js: 6ms, application-code: 9ms)
⚠ [next]/internal/font/google/lora_24d51a03.module.css
Warning: Error while requesting resource
There was an issue establishing a connection while requesting https://fonts.googleapis.com/css2?family=Lora:ital,wght@1,500;1,600&display=swap

Import trace:
  Server Component:
    [next]/internal/font/google/lora_24d51a03.module.css
    [next]/internal/font/google/lora_24d51a03.js
    ./frontend/src/app/layout.tsx


⚠ [next]/internal/font/google/poppins_f91be8b.module.css
Warning: Error while requesting resource
There was an issue establishing a connection while requesting https://fonts.googleapis.com/css2?family=Poppins:wght@400;500;600;700;800&display=swap

Import trace:
  Server Component:
    [next]/internal/font/google/poppins_f91be8b.module.css
    [next]/internal/font/google/poppins_f91be8b.js
    ./frontend/src/app/layout.tsx


⚠ [next]/internal/font/google/lora_24d51a03.module.css
Warning: next/font: warning:
Failed to download Lora from Google Fonts. Using a fallback font instead.
If you are offline or behind a proxy, self-host the font with next/font/local, or set HTTP_PROXY/HTTPS_PROXY so Next.js can reach fonts.googleapis.com.

Import trace:
  Server Component:
    [next]/internal/font/google/lora_24d51a03.module.css
    [next]/internal/font/google/lora_24d51a03.js
    ./frontend/src/app/layout.tsx


⚠ [next]/internal/font/google/poppins_f91be8b.module.css
Warning: next/font: warning:
Failed to download Poppins from Google Fonts. Using a fallback font instead.
If you are offline or behind a proxy, self-host the font with next/font/local, or set HTTP_PROXY/HTTPS_PROXY so Next.js can reach fonts.googleapis.com.

Import trace:
  Server Component:
    [next]/internal/font/google/poppins_f91be8b.module.css
    [next]/internal/font/google/poppins_f91be8b.js
    ./frontend/src/app/layout.tsx


[browser] A tree hydrated but some attributes of the server rendered HTML didn't match the client properties. This won't be patched up. This can happen if a SSR-ed Client Component used:

- A server/client branch `if (typeof window !== 'undefined')`.
- Variable input such as `Date.now()` or `Math.random()` which changes each time it's called.
- Date formatting in a user's locale which doesn't match the server.
- External changing data without sending a snapshot of it along with the HTML.
- Invalid HTML tag nesting.

It can also happen if the client has a browser extension installed which messes with the HTML before React loaded.

https://react.dev/link/hydration-mismatch

  ...
    <HotReload globalError={[...]} webSocket={WebSocket} staticIndicatorState={{pathname:null, ...}}>
      <AppDevOverlayErrorBoundary globalError={[...]}>
        <ReplaySsrOnlyErrors>
        <DevRootHTTPAccessFallbackBoundary>
          <HTTPAccessFallbackBoundary notFound={<NotAllowedRootHTTPFallbackError>}>
            <HTTPAccessFallbackErrorBoundary pathname="/" notFound={<NotAllowedRootHTTPFallbackError>} ...>
              <RedirectBoundary>
                <RedirectErrorBoundary router={{...}}>
                  <Head headCacheNode={{rsc:{...}, ...}}>
                    <__next_viewport_boundary__>
                    <MetadataWrapper>
                      <div
                        hidden={true}
-                       bis_skin_checked="1"
                      >
                  <__next_root_layout_boundary__>
                    <SegmentViewNode type="layout" pagePath="layout.tsx">
                      <SegmentTrieNode>
                      <link>
                      <script>
                      <script>
                      <RootLayout>
                        <html lang="en" className="poppins_f9..." suppressHydrationWarning={true}>
                          <head>
                          <body
                            className="min-h-full flex flex-col antialiased"
-                           bis_register="W3sibWFzdGVyIjp0cnVlLCJleHRlbnNpb25JZCI6ImVwcGlvY2VtaG1ubGJoanBsY2drb2ZjaWll..."
-                           __processed_21d3eadf-d6dd-4270-adaa-02ded5832fd0__="true"
                          >
                            ...
                              <ClientPageRoot Component={function Home} serverProvidedParams={{...}}>
                                <Home params={Promise} searchParams={Promise}>
                                  <Header activeDownloaderTab={null} ...>
                                    <header className="fixed top-...">
                                      <div
                                        className="site-header-inner mx-auto grid h-[72px] max-w-[1200px] grid-cols-3 ..."
-                                       bis_skin_checked="1"
                                      >
                                        <LinkComponent>
                                        <div
                                          className="hidden xl:flex items-center justify-center gap-1 justify-self-center"
-                                         bis_skin_checked="1"
                                        >
                                          <ToolCategoryDropdown>
                                            <div
                                              ref={{current:null}}
                                              className="relative hidden xl:flex items-center"
-                                             bis_skin_checked="1"
                                            >
                                          ...
                                        <div
                                          className="site-controls flex min-w-0 items-center gap-3 sm:gap-5 justify-se..."
-                                         bis_skin_checked="1"
                                        >
                                          <div
                                            className="relative"
                                            ref={{current:null}}
-                                           bis_skin_checked="1"
                                          >
                                          <LinkComponent>
                                          <button type="button" onClick={function toggleTheme} className="theme-toggle" ...>
                                            <div
                                              className="theme-toggle__thumb"
-                                             bis_skin_checked="1"
                                            >
                                            ...
                                          ...
                                    <div
                                      className="mobile-drawer fixed inset-y-0 right-0 z-50 flex h-full w-[min(82vw,38..."
                                      role="dialog"
                                      aria-modal="true"
                                      aria-hidden={true}
                                      aria-label="Mobile navigation"
-                                     bis_skin_checked="1"
                                    >
                                      <div
                                        className="mobile-drawer-header flex h-[68px] shrink-0 items-center justify-be..."
-                                       bis_skin_checked="1"
                                      >
                                        <div
-                                         bis_skin_checked="1"
                                        >
                                        ...
                                      <nav className="mobile-dra..." aria-label="Mobile nav...">
                                        <LinkComponent>
                                        <LinkComponent>
                                        <LinkComponent>
                                        <LinkComponent>
                                        <LinkComponent>
                                        <LinkComponent>
                                        <div
                                          className="my-2 border-t border-border-light"
-                                         bis_skin_checked="1"
                                        >
                                        ...
                                      <div
                                        className="mobile-drawer-cta shrink-0 border-t border-border p-4 pb-[calc(1rem..."
-                                       bis_skin_checked="1"
                                      >
                                  <main className="flex-1">
                                    <HeroDownloader activeTab={null} onActiveTabChange={function bound dispatchSetState}>
                                      <section id="hero" className="hero-secti...">
                                        <div
                                          className="absolute inset-0 -z-10"
                                          aria-hidden="true"
-                                         bis_skin_checked="1"
                                        >
                                          <div
                                            className="absolute left-1/2 top-0 h-[420px] w-full max-w-[1000px] -transl..."
-                                           bis_skin_checked="1"
                                          >
                                        <div
                                          className="mx-auto w-full max-w-[1200px] min-w-0 px-3 sm:px-6 lg:px-12"
-                                         bis_skin_checked="1"
                                        >
                                          <div
                                            className="mx-auto w-full min-w-0 max-w-[680px] text-center"
-                                           bis_skin_checked="1"
                                          >
                                            <div
                                              className="animate-fade-in-up mb-4 inline-flex max-w-full items-center g..."
                                              style={{background:"var(--card)",boxShadow:"var(--shad...",border:"1px solid ..."}}
-                                             bis_skin_checked="1"
                                            >
                                            ...
                                          <div
                                            className="animate-fade-in-up delay-300 mx-auto mt-6 w-full min-w-0 max-w-..."
-                                           bis_skin_checked="1"
                                          >
                                            <div
                                              ref={{current:null}}
                                              role="tablist"
                                              aria-label="Content types"
                                              className="tabs-scroll flex items-center gap-1 overflow-x-auto rounded-f..."
                                              style={{background:"var(--card)",boxShadow:"var(--shad...",border:"1px solid ..."}}
-                                             bis_skin_checked="1"
                                            >
                                          <div
                                            className="animate-fade-in-up delay-300 mx-auto mt-4 w-full min-w-0 max-w-..."
-                                           bis_skin_checked="1"
                                          >
                                            <form onSubmit={function HeroDownloader.useCallback[handleSubmit]} ...>
                                              <div
                                                className="url-card rounded-[20px] p-2.5 transition-shadow"
                                                style={{background:"var(--card)",boxShadow:"var(--shad...",border:"1px solid ..."}}
-                                               bis_skin_checked="1"
                                              >
                                                <div
                                                  className="hidden sm:flex sm:flex-row sm:gap-2"
-                                                 bis_skin_checked="1"
                                                >
                                                  <div
                                                    className="relative min-w-0 flex-1"
-                                                   bis_skin_checked="1"
                                                  >
                                                  ...
                                                <div
                                                  className="flex flex-col gap-2 sm:hidden"
-                                                 bis_skin_checked="1"
                                                >
                                                  <div
                                                    className="relative"
-                                                   bis_skin_checked="1"
                                                  >
                                                  <div
                                                    className="url-actions flex min-w-0 flex-col gap-2"
-                                                   bis_skin_checked="1"
                                                  >
                                            <div
                                              className="mt-3 flex flex-wrap items-center justify-center gap-x-4 gap-y..."
-                                             bis_skin_checked="1"
                                            >
                                          <div
                                            ref={{current:null}}
                                            aria-live="polite"
                                            aria-atomic="true"
                                            className="scroll-mt-20"
-                                           bis_skin_checked="1"
                                          >
                                    <ScrollReveal>
                                      <div
                                        ref={{current:null}}
                                        className="fade-section"
                                        style={undefined}
-                                       bis_skin_checked="1"
                                      >
                                        <section className="mx-auto ma...">
                                          <div
                                            className="grid grid-cols-1 gap-4 sm:grid-cols-2 lg:grid-cols-4"
-                                           bis_skin_checked="1"
                                          >
                                            <div
                                              className="flex items-center gap-3.5 rounded-2xl p-[18px] shadow-[var(--..."
                                              style={{background:"var(--card)",border:"1px solid ..."}}
-                                             bis_skin_checked="1"
                                            >
                                              <div
                                                className="flex h-10 w-10 shrink-0 items-center justify-center rounded..."
                                                style={{background:"var(--acce...",border:"1px solid ..."}}
-                                               bis_skin_checked="1"
                                              >
                                              <div
-                                               bis_skin_checked="1"
                                              >
                                            <div
                                              className="flex items-center gap-3.5 rounded-2xl p-[18px] shadow-[var(--..."
                                              style={{background:"var(--card)",border:"1px solid ..."}}
-                                             bis_skin_checked="1"
                                            >
                                              <div
                                                className="flex h-10 w-10 shrink-0 items-center justify-center rounded..."
                                                style={{background:"var(--acce...",border:"1px solid ..."}}
-                                               bis_skin_checked="1"
                                              >
                                              <div
-                                               bis_skin_checked="1"
                                              >
                                            <div
                                              className="flex items-center gap-3.5 rounded-2xl p-[18px] shadow-[var(--..."
                                              style={{background:"var(--card)",border:"1px solid ..."}}
-                                             bis_skin_checked="1"
                                            >
                                              <div
                                                className="flex h-10 w-10 shrink-0 items-center justify-center rounded..."
                                                style={{background:"var(--acce...",border:"1px solid ..."}}
-                                               bis_skin_checked="1"
                                              >
                                              <div
-                                               bis_skin_checked="1"
                                              >
                                            <div
                                              className="flex items-center gap-3.5 rounded-2xl p-[18px] shadow-[var(--..."
                                              style={{background:"var(--card)",border:"1px solid ..."}}
-                                             bis_skin_checked="1"
                                            >
                                              <div
                                                className="flex h-10 w-10 shrink-0 items-center justify-center rounded..."
                                                style={{background:"var(--acce...",border:"1px solid ..."}}
-                                               bis_skin_checked="1"
                                              >
                                              <div
-                                               bis_skin_checked="1"
                                              >
                                    <ScrollReveal>
                                      <div
                                        ref={{current:null}}
                                        className="fade-section"
                                        style={undefined}
-                                       bis_skin_checked="1"
                                      >
                                        <Features>
                                          <section id="features" className="px-5 py-20..." aria-label="Features">
                                            <div
                                              className="mx-auto max-w-[1200px]"
-                                             bis_skin_checked="1"
                                            >
                                              <div
                                                className="mb-14 text-center"
-                                               bis_skin_checked="1"
                                              >
                                              <div
                                                className="grid grid-cols-1 gap-5 sm:grid-cols-2 lg:grid-cols-3 max-w-..."
-                                               bis_skin_checked="1"
                                              >
                                                <div
                                                  className="group rounded-[20px] bg-card p-7 shadow-[var(--shadow-car..."
                                                  style={{border:"1px solid ..."}}
-                                                 bis_skin_checked="1"
                                                >
                                                  <div
                                                    className="mb-5 flex h-10 w-10 items-center justify-center rounded-xl"
                                                    style={{background:"var(--acce...",border:"1px solid ..."}}
-                                                   bis_skin_checked="1"
                                                  >
                                                  ...
                                                <div
                                                  className="group rounded-[20px] bg-card p-7 shadow-[var(--shadow-car..."
                                                  style={{border:"1px solid ..."}}
-                                                 bis_skin_checked="1"
                                                >
                                                  <div
                                                    className="mb-5 flex h-10 w-10 items-center justify-center rounded-xl"
                                                    style={{background:"var(--acce...",border:"1px solid ..."}}
-                                                   bis_skin_checked="1"
                                                  >
                                                  ...
                                                <div
                                                  className="group rounded-[20px] bg-card p-7 shadow-[var(--shadow-car..."
                                                  style={{border:"1px solid ..."}}
-                                                 bis_skin_checked="1"
                                                >
                                                  <div
                                                    className="mb-5 flex h-10 w-10 items-center justify-center rounded-xl"
                                                    style={{background:"var(--acce...",border:"1px solid ..."}}
-                                                   bis_skin_checked="1"
                                                  >
                                                  ...
                                                <div
                                                  className="group rounded-[20px] bg-card p-7 shadow-[var(--shadow-car..."
                                                  style={{border:"1px solid ..."}}
-                                                 bis_skin_checked="1"
                                                >
                                                  <div
                                                    className="mb-5 flex h-10 w-10 items-center justify-center rounded-xl"
                                                    style={{background:"var(--acce...",border:"1px solid ..."}}
-                                                   bis_skin_checked="1"
                                                  >
                                                  ...
                                                <div
                                                  className="group rounded-[20px] bg-card p-7 shadow-[var(--shadow-car..."
                                                  style={{border:"1px solid ..."}}
-                                                 bis_skin_checked="1"
                                                >
                                                  <div
                                                    className="mb-5 flex h-10 w-10 items-center justify-center rounded-xl"
                                                    style={{background:"var(--acce...",border:"1px solid ..."}}
-                                                   bis_skin_checked="1"
                                                  >
                                                  ...
                                                <div
                                                  className="group rounded-[20px] bg-card p-7 shadow-[var(--shadow-car..."
                                                  style={{border:"1px solid ..."}}
-                                                 bis_skin_checked="1"
                                                >
                                                  <div
                                                    className="mb-5 flex h-10 w-10 items-center justify-center rounded-xl"
                                                    style={{background:"var(--acce...",border:"1px solid ..."}}
-                                                   bis_skin_checked="1"
                                                  >
                                                  ...
                                    <ScrollReveal>
                                      <div
                                        ref={{current:null}}
                                        className="fade-section"
                                        style={undefined}
-                                       bis_skin_checked="1"
                                      >
                                        <HowItWorks>
                                          <section id="how-it-works" className="px-5 py-20..." aria-label="How It Works">
                                            <div
                                              className="mx-auto max-w-[1200px]"
-                                             bis_skin_checked="1"
                                            >
                                              <div
                                                className="mb-14 text-center"
-                                               bis_skin_checked="1"
                                              >
                                              <div
                                                className="relative flex flex-col items-start justify-center sm:flex-r..."
-                                               bis_skin_checked="1"
                                              >
                                                <div
                                                  className="flex items-center sm:flex-1"
-                                                 bis_skin_checked="1"
                                                >
                                                  <div
                                                    className="flex flex-1 flex-col items-center text-center px-4"
-                                                   bis_skin_checked="1"
                                                  >
                                                    <p>
                                                    <div
                                                      className="mb-5 flex h-[70px] w-[70px] items-center justify-cent..."
                                                      style={{background:"var(--bran...",boxShadow:"var(--shad..."}}
-                                                     bis_skin_checked="1"
                                                    >
                                                    ...
                                                  <div
                                                    className="hidden sm:block h-px flex-shrink-0 mt-[22px]"
                                                    style={{width:120,background:"linear-gra..."}}
-                                                   bis_skin_checked="1"
                                                  >
                                                <div
                                                  className="flex items-center sm:flex-1"
-                                                 bis_skin_checked="1"
                                                >
                                                  <div
                                                    className="flex flex-1 flex-col items-center text-center px-4"
-                                                   bis_skin_checked="1"
                                                  >
                                                    <p>
                                                    <div
                                                      className="mb-5 flex h-[70px] w-[70px] items-center justify-cent..."
                                                      style={{background:"var(--bran...",boxShadow:"var(--shad..."}}
-                                                     bis_skin_checked="1"
                                                    >
                                                    ...
                                                  <div
                                                    className="hidden sm:block h-px flex-shrink-0 mt-[22px]"
                                                    style={{width:120,background:"linear-gra..."}}
-                                                   bis_skin_checked="1"
                                                  >
                                                <div
                                                  className="flex items-center sm:flex-1"
-                                                 bis_skin_checked="1"
                                                >
                                                  <div
                                                    className="flex flex-1 flex-col items-center text-center px-4"
-                                                   bis_skin_checked="1"
                                                  >
                                                    <p>
                                                    <div
                                                      className="mb-5 flex h-[70px] w-[70px] items-center justify-cent..."
                                                      style={{background:"var(--bran...",boxShadow:"var(--shad..."}}
-                                                     bis_skin_checked="1"
                                                    >
                                                    ...
                                    <ScrollReveal>
                                      <div
                                        ref={{current:null}}
                                        className="fade-section"
                                        style={undefined}
-                                       bis_skin_checked="1"
                                      >
                                        <section className="mx-auto ma..." aria-labelledby="about-down...">
                                          <div
                                            className="rounded-[24px] p-6 sm:p-8"
                                            style={{background:"var(--card)",border:"1px solid ...",boxShadow:"var(--shad..."}}
-                                           bis_skin_checked="1"
                                          >
                                            <h2>
                                            <p>
                                            <div
                                              className="mt-6 grid gap-6"
-                                             bis_skin_checked="1"
                                            >
                                              <div
-                                               bis_skin_checked="1"
                                              >
                                              <div
-                                               bis_skin_checked="1"
                                              >
                                              <div
-                                               bis_skin_checked="1"
                                              >
                                              <div
-                                               bis_skin_checked="1"
                                              >
                                    <ScrollReveal>
                                      <div
                                        ref={{current:null}}
                                        className="fade-section"
                                        style={undefined}
-                                       bis_skin_checked="1"
                                      >
                                        <FAQ>
                                          <script>
                                          <section id="faq" className="px-4 py-20..." aria-label="Common que...">
                                            <div
                                              className="mx-auto max-w-[720px]"
-                                             bis_skin_checked="1"
                                            >
                                              <div
                                                className="mb-14 text-center"
-                                               bis_skin_checked="1"
                                              >
                                              <div
                                                className="flex flex-col gap-3"
-                                               bis_skin_checked="1"
                                              >
                                                <div
                                                  className="rounded-2xl transition-all duration-200"
                                                  style={{background:"var(--acce...",border:"1px solid ...",boxShadow:"none"}}
-                                                 bis_skin_checked="1"
                                                >
                                                  <button>
                                                  <div
                                                    id="faq-answer-0"
                                                    role="region"
                                                    className="overflow-hidden transition-all duration-300"
                                                    style={{maxHeight:200,opacity:1,padding:"0 24px 20px"}}
-                                                   bis_skin_checked="1"
                                                  >
                                                <div
                                                  className="rounded-2xl transition-all duration-200"
                                                  style={{background:"var(--card)",border:"1px solid ...",boxShadow:"var(--shad..."}}
-                                                 bis_skin_checked="1"
                                                >
                                                  <button>
                                                  <div
                                                    id="faq-answer-1"
                                                    role="region"
                                                    className="overflow-hidden transition-all duration-300"
                                                    style={{maxHeight:0,opacity:0,padding:"0 24px"}}
-                                                   bis_skin_checked="1"
                                                  >
                                                <div
                                                  className="rounded-2xl transition-all duration-200"
                                                  style={{background:"var(--card)",border:"1px solid ...",boxShadow:"var(--shad..."}}
-                                                 bis_skin_checked="1"
                                                >
                                                  <button>
                                                  <div
                                                    id="faq-answer-2"
                                                    role="region"
                                                    className="overflow-hidden transition-all duration-300"
                                                    style={{maxHeight:0,opacity:0,padding:"0 24px"}}
-                                                   bis_skin_checked="1"
                                                  >
                                                <div
                                                  className="rounded-2xl transition-all duration-200"
                                                  style={{background:"var(--card)",border:"1px solid ...",boxShadow:"var(--shad..."}}
-                                                 bis_skin_checked="1"
                                                >
                                                  <button>
                                                  <div
                                                    id="faq-answer-3"
                                                    role="region"
                                                    className="overflow-hidden transition-all duration-300"
                                                    style={{maxHeight:0,opacity:0,padding:"0 24px"}}
-                                                   bis_skin_checked="1"
                                                  >
                                                <div
                                                  className="rounded-2xl transition-all duration-200"
                                                  style={{background:"var(--card)",border:"1px solid ...",boxShadow:"var(--shad..."}}
-                                                 bis_skin_checked="1"
                                                >
                                                  <button>
                                                  <div
                                                    id="faq-answer-4"
                                                    role="region"
                                                    className="overflow-hidden transition-all duration-300"
                                                    style={{maxHeight:0,opacity:0,padding:"0 24px"}}
-                                                   bis_skin_checked="1"
                                                  >
                                                <div
                                                  className="rounded-2xl transition-all duration-200"
                                                  style={{background:"var(--card)",border:"1px solid ...",boxShadow:"var(--shad..."}}
-                                                 bis_skin_checked="1"
                                                >
                                                  <button>
                                                  <div
                                                    id="faq-answer-5"
                                                    role="region"
                                                    className="overflow-hidden transition-all duration-300"
                                                    style={{maxHeight:0,opacity:0,padding:"0 24px"}}
-                                                   bis_skin_checked="1"
                                                  >
                                                <div
                                                  className="rounded-2xl transition-all duration-200"
                                                  style={{background:"var(--card)",border:"1px solid ...",boxShadow:"var(--shad..."}}
-                                                 bis_skin_checked="1"
                                                >
                                                  <button>
                                                  <div
                                                    id="faq-answer-6"
                                                    role="region"
                                                    className="overflow-hidden transition-all duration-300"
                                                    style={{maxHeight:0,opacity:0,padding:"0 24px"}}
-                                                   bis_skin_checked="1"
                                                  >
                                                <div
                                                  className="rounded-2xl transition-all duration-200"
                                                  style={{background:"var(--card)",border:"1px solid ...",boxShadow:"var(--shad..."}}
-                                                 bis_skin_checked="1"
                                                >
                                                  <button>
                                                  <div
                                                    id="faq-answer-7"
                                                    role="region"
                                                    className="overflow-hidden transition-all duration-300"
                                                    style={{maxHeight:0,opacity:0,padding:"0 24px"}}
-                                                   bis_skin_checked="1"
                                                  >
                                  <Footer>
                                    <footer className="mt-20 bord...">
                                      <div
                                        className="mx-auto max-w-[1200px]"
-                                       bis_skin_checked="1"
                                      >
                                        <div
                                          className="grid grid-cols-1 gap-10 sm:grid-cols-2 lg:grid-cols-[1.5fr_1fr_1f..."
-                                         bis_skin_checked="1"
                                        >
                                          <div
-                                           bis_skin_checked="1"
                                          >
                                            <LinkComponent>
                                            <p>
                                            <p>
                                            <div
                                              className="mt-5"
-                                             bis_skin_checked="1"
                                            >
                                          ...
                                        <p>
                                        <div
                                          className="mt-4 flex flex-col gap-2 border-t border-border pt-6 sm:flex-row ..."
-                                         bis_skin_checked="1"
                                        >
                  ...
 
⚠ [next]/internal/font/google/lora_24d51a03.module.css
Warning: Error while requesting resource
There was an issue establishing a connection while requesting https://fonts.googleapis.com/css2?family=Lora:ital,wght@1,500;1,600&display=swap

Import trace:
  Server Component:
    [next]/internal/font/google/lora_24d51a03.module.css
    [next]/internal/font/google/lora_24d51a03.js
    ./frontend/src/app/layout.tsx


⚠ [next]/internal/font/google/poppins_f91be8b.module.css
Warning: Error while requesting resource
There was an issue establishing a connection while requesting https://fonts.googleapis.com/css2?family=Poppins:wght@400;500;600;700;800&display=swap

Import trace:
  Server Component:
    [next]/internal/font/google/poppins_f91be8b.module.css
    [next]/internal/font/google/poppins_f91be8b.js
    ./frontend/src/app/layout.tsx


⚠ [next]/internal/font/google/lora_24d51a03.module.css
Warning: next/font: warning:
Failed to download Lora from Google Fonts. Using a fallback font instead.
If you are offline or behind a proxy, self-host the font with next/font/local, or set HTTP_PROXY/HTTPS_PROXY so Next.js can reach fonts.googleapis.com.

Import trace:
  Server Component:
    [next]/internal/font/google/lora_24d51a03.module.css
    [next]/internal/font/google/lora_24d51a03.js
    ./frontend/src/app/layout.tsx


⚠ [next]/internal/font/google/poppins_f91be8b.module.css
Warning: next/font: warning:
Failed to download Poppins from Google Fonts. Using a fallback font instead.
If you are offline or behind a proxy, self-host the font with next/font/local, or set HTTP_PROXY/HTTPS_PROXY so Next.js can reach fonts.googleapis.com.

Import trace:
  Server Component:
    [next]/internal/font/google/poppins_f91be8b.module.css
    [next]/internal/font/google/poppins_f91be8b.js
    ./frontend/src/app/layout.tsx


 GET / 200 in 142ms (next.js: 6ms, application-code: 136ms)
⚠ [next]/internal/font/google/lora_24d51a03.module.css
Warning: Error while requesting resource
There was an issue establishing a connection while requesting https://fonts.googleapis.com/css2?family=Lora:ital,wght@1,500;1,600&display=swap

Import trace:
  Server Component:
    [next]/internal/font/google/lora_24d51a03.module.css
    [next]/internal/font/google/lora_24d51a03.js
    ./frontend/src/app/layout.tsx


⚠ [next]/internal/font/google/poppins_f91be8b.module.css
Warning: Error while requesting resource
There was an issue establishing a connection while requesting https://fonts.googleapis.com/css2?family=Poppins:wght@400;500;600;700;800&display=swap

Import trace:
  Server Component:
    [next]/internal/font/google/poppins_f91be8b.module.css
    [next]/internal/font/google/poppins_f91be8b.js
    ./frontend/src/app/layout.tsx


⚠ [next]/internal/font/google/lora_24d51a03.module.css
Warning: next/font: warning:
Failed to download Lora from Google Fonts. Using a fallback font instead.
If you are offline or behind a proxy, self-host the font with next/font/local, or set HTTP_PROXY/HTTPS_PROXY so Next.js can reach fonts.googleapis.com.

Import trace:
  Server Component:
    [next]/internal/font/google/lora_24d51a03.module.css
    [next]/internal/font/google/lora_24d51a03.js
    ./frontend/src/app/layout.tsx


⚠ [next]/internal/font/google/poppins_f91be8b.module.css
Warning: next/font: warning:
Failed to download Poppins from Google Fonts. Using a fallback font instead.
If you are offline or behind a proxy, self-host the font with next/font/local, or set HTTP_PROXY/HTTPS_PROXY so Next.js can reach fonts.googleapis.com.

Import trace:
  Server Component:
    [next]/internal/font/google/poppins_f91be8b.module.css
    [next]/internal/font/google/poppins_f91be8b.js
    ./frontend/src/app/layout.tsx


 GET /manifest.webmanifest 200 in 9ms (next.js: 4ms, application-code: 5ms)
⚠ [next]/internal/font/google/lora_24d51a03.module.css
Warning: Error while requesting resource
There was an issue establishing a connection while requesting https://fonts.googleapis.com/css2?family=Lora:ital,wght@1,500;1,600&display=swap

Import trace:
  Server Component:
    [next]/internal/font/google/lora_24d51a03.module.css
    [next]/internal/font/google/lora_24d51a03.js
    ./frontend/src/app/layout.tsx


⚠ [next]/internal/font/google/poppins_f91be8b.module.css
Warning: Error while requesting resource
There was an issue establishing a connection while requesting https://fonts.googleapis.com/css2?family=Poppins:wght@400;500;600;700;800&display=swap

Import trace:
  Server Component:
    [next]/internal/font/google/poppins_f91be8b.module.css
    [next]/internal/font/google/poppins_f91be8b.js
    ./frontend/src/app/layout.tsx


⚠ [next]/internal/font/google/lora_24d51a03.module.css
Warning: next/font: warning:
Failed to download Lora from Google Fonts. Using a fallback font instead.
If you are offline or behind a proxy, self-host the font with next/font/local, or set HTTP_PROXY/HTTPS_PROXY so Next.js can reach fonts.googleapis.com.

Import trace:
  Server Component:
    [next]/internal/font/google/lora_24d51a03.module.css
    [next]/internal/font/google/lora_24d51a03.js
    ./frontend/src/app/layout.tsx


⚠ [next]/internal/font/google/poppins_f91be8b.module.css
Warning: next/font: warning:
Failed to download Poppins from Google Fonts. Using a fallback font instead.
If you are offline or behind a proxy, self-host the font with next/font/local, or set HTTP_PROXY/HTTPS_PROXY so Next.js can reach fonts.googleapis.com.

Import trace:
  Server Component:
    [next]/internal/font/google/poppins_f91be8b.module.css
    [next]/internal/font/google/poppins_f91be8b.js
    ./frontend/src/app/layout.tsx


[browser] A tree hydrated but some attributes of the server rendered HTML didn't match the client properties. This won't be patched up. This can happen if a SSR-ed Client Component used:

- A server/client branch `if (typeof window !== 'undefined')`.
- Variable input such as `Date.now()` or `Math.random()` which changes each time it's called.
- Date formatting in a user's locale which doesn't match the server.
- External changing data without sending a snapshot of it along with the HTML.
- Invalid HTML tag nesting.

It can also happen if the client has a browser extension installed which messes with the HTML before React loaded.

https://react.dev/link/hydration-mismatch

  ...
    <HotReload globalError={[...]} webSocket={WebSocket} staticIndicatorState={{pathname:null, ...}}>
      <AppDevOverlayErrorBoundary globalError={[...]}>
        <ReplaySsrOnlyErrors>
        <DevRootHTTPAccessFallbackBoundary>
          <HTTPAccessFallbackBoundary notFound={<NotAllowedRootHTTPFallbackError>}>
            <HTTPAccessFallbackErrorBoundary pathname="/" notFound={<NotAllowedRootHTTPFallbackError>} ...>
              <RedirectBoundary>
                <RedirectErrorBoundary router={{...}}>
                  <Head headCacheNode={{rsc:{...}, ...}}>
                    <__next_viewport_boundary__>
                    <MetadataWrapper>
                      <div
                        hidden={true}
-                       bis_skin_checked="1"
                      >
                  <__next_root_layout_boundary__>
                    <SegmentViewNode type="layout" pagePath="layout.tsx">
                      <SegmentTrieNode>
                      <link>
                      <script>
                      <script>
                      <RootLayout>
                        <html lang="en" className="poppins_f9..." suppressHydrationWarning={true}>
                          <head>
                          <body
                            className="min-h-full flex flex-col antialiased"
-                           bis_register="W3sibWFzdGVyIjp0cnVlLCJleHRlbnNpb25JZCI6ImVwcGlvY2VtaG1ubGJoanBsY2drb2ZjaWll..."
                          >
                            ...
                              <ClientPageRoot Component={function Home} serverProvidedParams={{...}}>
                                <Home params={Promise} searchParams={Promise}>
                                  <Header activeDownloaderTab={null} ...>
                                    <header className="fixed top-...">
                                      <div
                                        className="site-header-inner mx-auto grid h-[72px] max-w-[1200px] grid-cols-3 ..."
-                                       bis_skin_checked="1"
                                      >
                                        <LinkComponent>
                                        <div
                                          className="hidden xl:flex items-center justify-center gap-1 justify-self-center"
-                                         bis_skin_checked="1"
                                        >
                                          <ToolCategoryDropdown>
                                            <div
                                              ref={{current:null}}
                                              className="relative hidden xl:flex items-center"
-                                             bis_skin_checked="1"
                                            >
                                          ...
                                        <div
                                          className="site-controls flex min-w-0 items-center gap-3 sm:gap-5 justify-se..."
-                                         bis_skin_checked="1"
                                        >
                                          <div
                                            className="relative"
                                            ref={{current:null}}
-                                           bis_skin_checked="1"
                                          >
                                          <LinkComponent>
                                          <button type="button" onClick={function toggleTheme} className="theme-toggle" ...>
                                            <div
                                              className="theme-toggle__thumb"
-                                             bis_skin_checked="1"
                                            >
                                            ...
                                          ...
                                    <div
                                      className="mobile-drawer fixed inset-y-0 right-0 z-50 flex h-full w-[min(82vw,38..."
                                      role="dialog"
                                      aria-modal="true"
                                      aria-hidden={true}
                                      aria-label="Mobile navigation"
-                                     bis_skin_checked="1"
                                    >
                                      <div
                                        className="mobile-drawer-header flex h-[68px] shrink-0 items-center justify-be..."
-                                       bis_skin_checked="1"
                                      >
                                        <div
-                                         bis_skin_checked="1"
                                        >
                                        ...
                                      <nav className="mobile-dra..." aria-label="Mobile nav...">
                                        <LinkComponent>
                                        <LinkComponent>
                                        <LinkComponent>
                                        <LinkComponent>
                                        <LinkComponent>
                                        <LinkComponent>
                                        <div
                                          className="my-2 border-t border-border-light"
-                                         bis_skin_checked="1"
                                        >
                                        ...
                                      <div
                                        className="mobile-drawer-cta shrink-0 border-t border-border p-4 pb-[calc(1rem..."
-                                       bis_skin_checked="1"
                                      >
                                  <main className="flex-1">
                                    <HeroDownloader activeTab={null} onActiveTabChange={function bound dispatchSetState}>
                                      <section id="hero" className="hero-secti...">
                                        <div
                                          className="absolute inset-0 -z-10"
                                          aria-hidden="true"
-                                         bis_skin_checked="1"
                                        >
                                          <div
                                            className="absolute left-1/2 top-0 h-[420px] w-full max-w-[1000px] -transl..."
-                                           bis_skin_checked="1"
                                          >
                                        <div
                                          className="mx-auto w-full max-w-[1200px] min-w-0 px-3 sm:px-6 lg:px-12"
-                                         bis_skin_checked="1"
                                        >
                                          <div
                                            className="mx-auto w-full min-w-0 max-w-[680px] text-center"
-                                           bis_skin_checked="1"
                                          >
                                            <div
                                              className="animate-fade-in-up mb-4 inline-flex max-w-full items-center g..."
                                              style={{background:"var(--card)",boxShadow:"var(--shad...",border:"1px solid ..."}}
-                                             bis_skin_checked="1"
                                            >
                                            ...
                                          <div
                                            className="animate-fade-in-up delay-300 mx-auto mt-6 w-full min-w-0 max-w-..."
-                                           bis_skin_checked="1"
                                          >
                                            <div
                                              ref={{current:null}}
                                              role="tablist"
                                              aria-label="Content types"
                                              className="tabs-scroll flex items-center gap-1 overflow-x-auto rounded-f..."
                                              style={{background:"var(--card)",boxShadow:"var(--shad...",border:"1px solid ..."}}
-                                             bis_skin_checked="1"
                                            >
                                          <div
                                            className="animate-fade-in-up delay-300 mx-auto mt-4 w-full min-w-0 max-w-..."
-                                           bis_skin_checked="1"
                                          >
                                            <form onSubmit={function HeroDownloader.useCallback[handleSubmit]} ...>
                                              <div
                                                className="url-card rounded-[20px] p-2.5 transition-shadow"
                                                style={{background:"var(--card)",boxShadow:"var(--shad...",border:"1px solid ..."}}
-                                               bis_skin_checked="1"
                                              >
                                                <div
                                                  className="hidden sm:flex sm:flex-row sm:gap-2"
-                                                 bis_skin_checked="1"
                                                >
                                                  <div
                                                    className="relative min-w-0 flex-1"
-                                                   bis_skin_checked="1"
                                                  >
                                                  ...
                                                <div
                                                  className="flex flex-col gap-2 sm:hidden"
-                                                 bis_skin_checked="1"
                                                >
                                                  <div
                                                    className="relative"
-                                                   bis_skin_checked="1"
                                                  >
                                                  <div
                                                    className="url-actions flex min-w-0 flex-col gap-2"
-                                                   bis_skin_checked="1"
                                                  >
                                            <div
                                              className="mt-3 flex flex-wrap items-center justify-center gap-x-4 gap-y..."
-                                             bis_skin_checked="1"
                                            >
                                          <div
                                            ref={{current:null}}
                                            aria-live="polite"
                                            aria-atomic="true"
                                            className="scroll-mt-20"
-                                           bis_skin_checked="1"
                                          >
                                    <ScrollReveal>
                                      <div
                                        ref={{current:null}}
                                        className="fade-section"
                                        style={undefined}
-                                       bis_skin_checked="1"
                                      >
                                        <section className="mx-auto ma...">
                                          <div
                                            className="grid grid-cols-1 gap-4 sm:grid-cols-2 lg:grid-cols-4"
-                                           bis_skin_checked="1"
                                          >
                                            <div
                                              className="flex items-center gap-3.5 rounded-2xl p-[18px] shadow-[var(--..."
                                              style={{background:"var(--card)",border:"1px solid ..."}}
-                                             bis_skin_checked="1"
                                            >
                                              <div
                                                className="flex h-10 w-10 shrink-0 items-center justify-center rounded..."
                                                style={{background:"var(--acce...",border:"1px solid ..."}}
-                                               bis_skin_checked="1"
                                              >
                                              <div
-                                               bis_skin_checked="1"
                                              >
                                            <div
                                              className="flex items-center gap-3.5 rounded-2xl p-[18px] shadow-[var(--..."
                                              style={{background:"var(--card)",border:"1px solid ..."}}
-                                             bis_skin_checked="1"
                                            >
                                              <div
                                                className="flex h-10 w-10 shrink-0 items-center justify-center rounded..."
                                                style={{background:"var(--acce...",border:"1px solid ..."}}
-                                               bis_skin_checked="1"
                                              >
                                              <div
-                                               bis_skin_checked="1"
                                              >
                                            <div
                                              className="flex items-center gap-3.5 rounded-2xl p-[18px] shadow-[var(--..."
                                              style={{background:"var(--card)",border:"1px solid ..."}}
-                                             bis_skin_checked="1"
                                            >
                                              <div
                                                className="flex h-10 w-10 shrink-0 items-center justify-center rounded..."
                                                style={{background:"var(--acce...",border:"1px solid ..."}}
-                                               bis_skin_checked="1"
                                              >
                                              <div
-                                               bis_skin_checked="1"
                                              >
                                            <div
                                              className="flex items-center gap-3.5 rounded-2xl p-[18px] shadow-[var(--..."
                                              style={{background:"var(--card)",border:"1px solid ..."}}
-                                             bis_skin_checked="1"
                                            >
                                              <div
                                                className="flex h-10 w-10 shrink-0 items-center justify-center rounded..."
                                                style={{background:"var(--acce...",border:"1px solid ..."}}
-                                               bis_skin_checked="1"
                                              >
                                              <div
-                                               bis_skin_checked="1"
                                              >
                                    <ScrollReveal>
                                      <div
                                        ref={{current:null}}
                                        className="fade-section"
                                        style={undefined}
-                                       bis_skin_checked="1"
                                      >
                                        <Features>
                                          <section id="features" className="px-5 py-20..." aria-label="Features">
                                            <div
                                              className="mx-auto max-w-[1200px]"
-                                             bis_skin_checked="1"
                                            >
                                              <div
                                                className="mb-14 text-center"
-                                               bis_skin_checked="1"
                                              >
                                              <div
                                                className="grid grid-cols-1 gap-5 sm:grid-cols-2 lg:grid-cols-3 max-w-..."
-                                               bis_skin_checked="1"
                                              >
                                                <div
                                                  className="group rounded-[20px] bg-card p-7 shadow-[var(--shadow-car..."
                                                  style={{border:"1px solid ..."}}
-                                                 bis_skin_checked="1"
                                                >
                                                  <div
                                                    className="mb-5 flex h-10 w-10 items-center justify-center rounded-xl"
                                                    style={{background:"var(--acce...",border:"1px solid ..."}}
-                                                   bis_skin_checked="1"
                                                  >
                                                  ...
                                                <div
                                                  className="group rounded-[20px] bg-card p-7 shadow-[var(--shadow-car..."
                                                  style={{border:"1px solid ..."}}
-                                                 bis_skin_checked="1"
                                                >
                                                  <div
                                                    className="mb-5 flex h-10 w-10 items-center justify-center rounded-xl"
                                                    style={{background:"var(--acce...",border:"1px solid ..."}}
-                                                   bis_skin_checked="1"
                                                  >
                                                  ...
                                                <div
                                                  className="group rounded-[20px] bg-card p-7 shadow-[var(--shadow-car..."
                                                  style={{border:"1px solid ..."}}
-                                                 bis_skin_checked="1"
                                                >
                                                  <div
                                                    className="mb-5 flex h-10 w-10 items-center justify-center rounded-xl"
                                                    style={{background:"var(--acce...",border:"1px solid ..."}}
-                                                   bis_skin_checked="1"
                                                  >
                                                  ...
                                                <div
                                                  className="group rounded-[20px] bg-card p-7 shadow-[var(--shadow-car..."
                                                  style={{border:"1px solid ..."}}
-                                                 bis_skin_checked="1"
                                                >
                                                  <div
                                                    className="mb-5 flex h-10 w-10 items-center justify-center rounded-xl"
                                                    style={{background:"var(--acce...",border:"1px solid ..."}}
-                                                   bis_skin_checked="1"
                                                  >
                                                  ...
                                                <div
                                                  className="group rounded-[20px] bg-card p-7 shadow-[var(--shadow-car..."
                                                  style={{border:"1px solid ..."}}
-                                                 bis_skin_checked="1"
                                                >
                                                  <div
                                                    className="mb-5 flex h-10 w-10 items-center justify-center rounded-xl"
                                                    style={{background:"var(--acce...",border:"1px solid ..."}}
-                                                   bis_skin_checked="1"
                                                  >
                                                  ...
                                                <div
                                                  className="group rounded-[20px] bg-card p-7 shadow-[var(--shadow-car..."
                                                  style={{border:"1px solid ..."}}
-                                                 bis_skin_checked="1"
                                                >
                                                  <div
                                                    className="mb-5 flex h-10 w-10 items-center justify-center rounded-xl"
                                                    style={{background:"var(--acce...",border:"1px solid ..."}}
-                                                   bis_skin_checked="1"
                                                  >
                                                  ...
                                    <ScrollReveal>
                                      <div
                                        ref={{current:null}}
                                        className="fade-section"
                                        style={undefined}
-                                       bis_skin_checked="1"
                                      >
                                        <HowItWorks>
                                          <section id="how-it-works" className="px-5 py-20..." aria-label="How It Works">
                                            <div
                                              className="mx-auto max-w-[1200px]"
-                                             bis_skin_checked="1"
                                            >
                                              <div
                                                className="mb-14 text-center"
-                                               bis_skin_checked="1"
                                              >
                                              <div
                                                className="relative flex flex-col items-start justify-center sm:flex-r..."
-                                               bis_skin_checked="1"
                                              >
                                                <div
                                                  className="flex items-center sm:flex-1"
-                                                 bis_skin_checked="1"
                                                >
                                                  <div
                                                    className="flex flex-1 flex-col items-center text-center px-4"
-                                                   bis_skin_checked="1"
                                                  >
                                                    <p>
                                                    <div
                                                      className="mb-5 flex h-[70px] w-[70px] items-center justify-cent..."
                                                      style={{background:"var(--bran...",boxShadow:"var(--shad..."}}
-                                                     bis_skin_checked="1"
                                                    >
                                                    ...
                                                  <div
                                                    className="hidden sm:block h-px flex-shrink-0 mt-[22px]"
                                                    style={{width:120,background:"linear-gra..."}}
-                                                   bis_skin_checked="1"
                                                  >
                                                <div
                                                  className="flex items-center sm:flex-1"
-                                                 bis_skin_checked="1"
                                                >
                                                  <div
                                                    className="flex flex-1 flex-col items-center text-center px-4"
-                                                   bis_skin_checked="1"
                                                  >
                                                    <p>
                                                    <div
                                                      className="mb-5 flex h-[70px] w-[70px] items-center justify-cent..."
                                                      style={{background:"var(--bran...",boxShadow:"var(--shad..."}}
-                                                     bis_skin_checked="1"
                                                    >
                                                    ...
                                                  <div
                                                    className="hidden sm:block h-px flex-shrink-0 mt-[22px]"
                                                    style={{width:120,background:"linear-gra..."}}
-                                                   bis_skin_checked="1"
                                                  >
                                                <div
                                                  className="flex items-center sm:flex-1"
-                                                 bis_skin_checked="1"
                                                >
                                                  <div
                                                    className="flex flex-1 flex-col items-center text-center px-4"
-                                                   bis_skin_checked="1"
                                                  >
                                                    <p>
                                                    <div
                                                      className="mb-5 flex h-[70px] w-[70px] items-center justify-cent..."
                                                      style={{background:"var(--bran...",boxShadow:"var(--shad..."}}
-                                                     bis_skin_checked="1"
                                                    >
                                                    ...
                                    <ScrollReveal>
                                      <div
                                        ref={{current:null}}
                                        className="fade-section"
                                        style={undefined}
-                                       bis_skin_checked="1"
                                      >
                                        <section className="mx-auto ma..." aria-labelledby="about-down...">
                                          <div
                                            className="rounded-[24px] p-6 sm:p-8"
                                            style={{background:"var(--card)",border:"1px solid ...",boxShadow:"var(--shad..."}}
-                                           bis_skin_checked="1"
                                          >
                                            <h2>
                                            <p>
                                            <div
                                              className="mt-6 grid gap-6"
-                                             bis_skin_checked="1"
                                            >
                                              <div
-                                               bis_skin_checked="1"
                                              >
                                              <div
-                                               bis_skin_checked="1"
                                              >
                                              <div
-                                               bis_skin_checked="1"
                                              >
                                              <div
-                                               bis_skin_checked="1"
                                              >
                                    <ScrollReveal>
                                      <div
                                        ref={{current:null}}
                                        className="fade-section"
                                        style={undefined}
-                                       bis_skin_checked="1"
                                      >
                                        <FAQ>
                                          <script>
                                          <section id="faq" className="px-4 py-20..." aria-label="Common que...">
                                            <div
                                              className="mx-auto max-w-[720px]"
-                                             bis_skin_checked="1"
                                            >
                                              <div
                                                className="mb-14 text-center"
-                                               bis_skin_checked="1"
                                              >
                                              <div
                                                className="flex flex-col gap-3"
-                                               bis_skin_checked="1"
                                              >
                                                <div
                                                  className="rounded-2xl transition-all duration-200"
                                                  style={{background:"var(--acce...",border:"1px solid ...",boxShadow:"none"}}
-                                                 bis_skin_checked="1"
                                                >
                                                  <button>
                                                  <div
                                                    id="faq-answer-0"
                                                    role="region"
                                                    className="overflow-hidden transition-all duration-300"
                                                    style={{maxHeight:200,opacity:1,padding:"0 24px 20px"}}
-                                                   bis_skin_checked="1"
                                                  >
                                                <div
                                                  className="rounded-2xl transition-all duration-200"
                                                  style={{background:"var(--card)",border:"1px solid ...",boxShadow:"var(--shad..."}}
-                                                 bis_skin_checked="1"
                                                >
                                                  <button>
                                                  <div
                                                    id="faq-answer-1"
                                                    role="region"
                                                    className="overflow-hidden transition-all duration-300"
                                                    style={{maxHeight:0,opacity:0,padding:"0 24px"}}
-                                                   bis_skin_checked="1"
                                                  >
                                                <div
                                                  className="rounded-2xl transition-all duration-200"
                                                  style={{background:"var(--card)",border:"1px solid ...",boxShadow:"var(--shad..."}}
-                                                 bis_skin_checked="1"
                                                >
                                                  <button>
                                                  <div
                                                    id="faq-answer-2"
                                                    role="region"
                                                    className="overflow-hidden transition-all duration-300"
                                                    style={{maxHeight:0,opacity:0,padding:"0 24px"}}
-                                                   bis_skin_checked="1"
                                                  >
                                                <div
                                                  className="rounded-2xl transition-all duration-200"
                                                  style={{background:"var(--card)",border:"1px solid ...",boxShadow:"var(--shad..."}}
-                                                 bis_skin_checked="1"
                                                >
                                                  <button>
                                                  <div
                                                    id="faq-answer-3"
                                                    role="region"
                                                    className="overflow-hidden transition-all duration-300"
                                                    style={{maxHeight:0,opacity:0,padding:"0 24px"}}
-                                                   bis_skin_checked="1"
                                                  >
                                                <div
                                                  className="rounded-2xl transition-all duration-200"
                                                  style={{background:"var(--card)",border:"1px solid ...",boxShadow:"var(--shad..."}}
-                                                 bis_skin_checked="1"
                                                >
                                                  <button>
                                                  <div
                                                    id="faq-answer-4"
                                                    role="region"
                                                    className="overflow-hidden transition-all duration-300"
                                                    style={{maxHeight:0,opacity:0,padding:"0 24px"}}
-                                                   bis_skin_checked="1"
                                                  >
                                                <div
                                                  className="rounded-2xl transition-all duration-200"
                                                  style={{background:"var(--card)",border:"1px solid ...",boxShadow:"var(--shad..."}}
-                                                 bis_skin_checked="1"
                                                >
                                                  <button>
                                                  <div
                                                    id="faq-answer-5"
                                                    role="region"
                                                    className="overflow-hidden transition-all duration-300"
                                                    style={{maxHeight:0,opacity:0,padding:"0 24px"}}
-                                                   bis_skin_checked="1"
                                                  >
                                                <div
                                                  className="rounded-2xl transition-all duration-200"
                                                  style={{background:"var(--card)",border:"1px solid ...",boxShadow:"var(--shad..."}}
-                                                 bis_skin_checked="1"
                                                >
                                                  <button>
                                                  <div
                                                    id="faq-answer-6"
                                                    role="region"
                                                    className="overflow-hidden transition-all duration-300"
                                                    style={{maxHeight:0,opacity:0,padding:"0 24px"}}
-                                                   bis_skin_checked="1"
                                                  >
                                                <div
                                                  className="rounded-2xl transition-all duration-200"
                                                  style={{background:"var(--card)",border:"1px solid ...",boxShadow:"var(--shad..."}}
-                                                 bis_skin_checked="1"
                                                >
                                                  <button>
                                                  <div
                                                    id="faq-answer-7"
                                                    role="region"
                                                    className="overflow-hidden transition-all duration-300"
                                                    style={{maxHeight:0,opacity:0,padding:"0 24px"}}
-                                                   bis_skin_checked="1"
                                                  >
                                  <Footer>
                                    <footer className="mt-20 bord...">
                                      <div
                                        className="mx-auto max-w-[1200px]"
-                                       bis_skin_checked="1"
                                      >
                                        <div
                                          className="grid grid-cols-1 gap-10 sm:grid-cols-2 lg:grid-cols-[1.5fr_1fr_1f..."
-                                         bis_skin_checked="1"
                                        >
                                          <div
-                                           bis_skin_checked="1"
                                          >
                                            <LinkComponent>
                                            <p>
                                            <p>
                                            <div
                                              className="mt-5"
-                                             bis_skin_checked="1"
                                            >
                                          ...
                                        <p>
                                        <div
                                          className="mt-4 flex flex-col gap-2 border-t border-border pt-6 sm:flex-row ..."
-                                         bis_skin_checked="1"
                                        >
                  ...
 
